CD_MUN;cod_mun_6;NM_MUN;NM_UF;AREA_KM2;v0001;total_casos_dengue;chuva_mm;tem_estacao
1100015;110001;Alta Floresta D'Oeste;Rondônia;7067,1267819;21494;111;1528,8;N
1100023;110002;Ariquemes;Rondônia;4426,1431256;96833;102;1370,4;S
1100031;110003;Cabixi;Rondônia;1314,3518453;5351;13;1528,8;N
1100049;110004;Cacoal;Rondônia;3792,9997067;86887;25;1476,6;S
1100056;110005;Cerejeiras;Rondônia;2783,2970407;15890;11;1528,8;N
1100064;110006;Colorado do Oeste;Rondônia;1451,0627783;15663;0;1528,8;N
1100072;110007;Corumbiara;Rondônia;3060,3214759;7519;33;1528,8;N
1100080;110008;Costa Marques;Rondônia;4987,1766339;12627;1;1528,8;N
1100098;110009;Espigão D'Oeste;Rondônia;4518,0378105;29414;64;1528,8;N
1100106;110010;Guajará-Mirim;Rondônia;24856,8768949;39387;28;1528,8;N
1100114;110011;Jaru;Rondônia;2944,1396619;50591;118;1528,8;N
1100122;110012;Ji-Paraná;Rondônia;6896,6486985;124333;216;1528,8;N
1100130;110013;Machadinho D'Oeste;Rondônia;8509,2698595;30707;31;1528,8;N
1100148;110014;Nova Brasilândia D'Oeste;Rondônia;1703,0075289;15679;12;1528,8;N
1100155;110015;Ouro Preto do Oeste;Rondônia;1969,8789181;35044;11;1528,8;N
1100189;110018;Pimenta Bueno;Rondônia;6241,0191621;35079;8;1528,8;N
1100205;110020;Porto Velho;Rondônia;34091,1456343;460434;58;1406,2;S
1100254;110025;Presidente Médici;Rondônia;1758,4644205;19327;10;1528,8;N
1100262;110026;Rio Crespo;Rondônia;1717,6403518;3471;43;1528,8;N
1100288;110028;Rolim de Moura;Rondônia;1457,8115503;56406;18;1528,8;N
1100296;110029;Santa Luzia D'Oeste;Rondônia;1197,7958146;7419;4;1528,8;N
1100304;110030;Vilhena;Rondônia;11708,5793655;95832;147;1862,2;S
1100320;110032;São Miguel do Guaporé;Rondônia;7460,1174122;21635;58;1528,8;N
1100338;110033;Nova Mamoré;Rondônia;10070,4901361;25444;6;1528,8;N
1100346;110034;Alvorada D'Oeste;Rondônia;3029,1892800;13117;13;1528,8;N
1100379;110037;Alto Alegre dos Parecis;Rondônia;3958,2730884;11479;10;1528,8;N
1100403;110040;Alto Paraíso;Rondônia;2651,9910802;16320;2;1528,8;N
1100452;110045;Buritis;Rondônia;3265,8100530;27992;16;1528,8;N
1100502;110050;Novo Horizonte do Oeste;Rondônia;843,4464418;7667;2;1528,8;N
1100601;110060;Cacaulândia;Rondônia;1962,0260009;4150;4;1528,8;N
1100700;110070;Campo Novo de Rondônia;Rondônia;3442,0046221;8844;4;1528,8;N
1100809;110080;Candeias do Jamari;Rondônia;6843,6728394;22310;5;1528,8;N
1100908;110090;Castanheiras;Rondônia;892,8408641;3233;14;1528,8;N
1100924;110092;Chupinguaia;Rondônia;5117,2901748;9324;16;1528,8;N
1100940;110094;Cujubim;Rondônia;3863,9457876;14863;6;1528,8;N
1101005;110100;Governador Jorge Teixeira;Rondônia;5067,3842264;8001;11;1528,8;N
1101104;110110;Itapuã do Oeste;Rondônia;4081,5808298;8548;30;1528,8;N
1101203;110120;Ministro Andreazza;Rondônia;798,0827450;6466;3;1528,8;N
1101302;110130;Mirante da Serra;Rondônia;1191,8750160;9235;26;1528,8;N
1101401;110140;Monte Negro;Rondônia;1931,3781226;11548;21;1528,8;N
1101435;110143;Nova União;Rondônia;807,1397580;6200;4;1528,8;N
1101450;110145;Parecis;Rondônia;2548,6827671;4125;33;1528,8;N
1101468;110146;Pimenteiras do Oeste;Rondônia;6014,7333666;2156;7;1528,8;N
1101476;110147;Primavera de Rondônia;Rondônia;605,6920990;3076;4;1528,8;N
1101484;110148;São Felipe D'Oeste;Rondônia;541,6466345;5258;29;1528,8;N
1101492;110149;São Francisco do Guaporé;Rondônia;10948,5925608;16286;7;1528,8;N
1101500;110150;Seringueiras;Rondônia;3773,5047171;11171;3;1528,8;N
1101559;110155;Teixeirópolis;Rondônia;459,9349750;4256;9;1528,8;N
1101609;110160;Theobroma;Rondônia;2197,4127164;8113;0;1528,8;N
1101708;110170;Urupá;Rondônia;831,8565258;10725;2;1528,8;N
1101757;110175;Vale do Anari;Rondônia;3135,1055592;7788;25;1528,8;N
1101807;110180;Vale do Paraíso;Rondônia;965,6760389;6479;4;1528,8;N
1200013;120001;Acrelândia;Acre;1811,6211974;14021;17;1000,6;N
1200054;120005;Assis Brasil;Acre;4977,8146767;8100;33;1000,6;N
1200104;120010;Brasiléia;Acre;3928,8201969;26000;89;1000,6;N
1200138;120013;Bujari;Acre;3035,5465316;12917;9;1000,6;N
1200179;120017;Capixaba;Acre;1705,2362394;10392;20;1000,6;N
1200203;120020;Cruzeiro do Sul;Acre;8782,9221495;91888;320;1433,0;S
1200252;120025;Epitaciolândia;Acre;1652,7145404;18757;43;1496,2;S
1200302;120030;Feijó;Acre;27977,1202002;35426;9;2226,0;S
1200328;120032;Jordão;Acre;5356,9805121;9222;9;1000,6;N
1200336;120033;Mâncio Lima;Acre;5451,6174617;19294;96;1000,6;N
1200344;120034;Manoel Urbano;Acre;10630,2248518;11996;12;1000,6;N
1200351;120035;Marechal Thaumaturgo;Acre;8190,9668263;17093;42;0,0;S
1200385;120038;Plácido de Castro;Acre;1952,5313998;16560;18;1000,6;N
1200393;120039;Porto Walter;Acre;6446,1017078;10735;54;0,0;S
1200401;120040;Rio Branco;Acre;8834,8306355;364756;852;1849,0;S
1200427;120042;Rodrigues Alves;Acre;3077,1586799;14938;75;1000,6;N
1200435;120043;Santa Rosa do Purus;Acre;6155,6593025;6723;3;1000,6;N
1200450;120045;Senador Guiomard;Acre;2320,9458289;21454;56;1000,6;N
1200500;120050;Sena Madureira;Acre;23760,4102749;41343;44;1000,6;N
1200609;120060;Tarauacá;Acre;20169,4846963;43467;25;1000,6;N
1200708;120070;Xapuri;Acre;5350,2999540;18243;23;1000,6;N
1200807;120080;Porto Acre;Acre;2603,9420158;16693;30;1000,6;N
1300029;130002;Alvarães;Amazonas;5922,8838812;15866;8;1363,8;N
1300060;130006;Amaturá;Amazonas;4754,1093814;10819;1;1363,8;N
1300086;130008;Anamã;Amazonas;2446,1205412;9962;0;1363,8;N
1300102;130010;Anori;Amazonas;6036,0187462;17194;0;1363,8;N
1300144;130014;Apuí;Amazonas;54240,5444181;20647;0;348,0;S
1300201;130020;Atalaia do Norte;Amazonas;76507,6168037;15314;10;1363,8;N
1300300;130030;Autazes;Amazonas;7652,8516140;41564;6;1529,0;S
1300409;130040;Barcelos;Amazonas;122462,6530020;18834;0;2159,0;S
1300508;130050;Barreirinha;Amazonas;5751,7645940;31051;0;1363,8;N
1300607;130060;Benjamin Constant;Amazonas;8705,2650518;37648;24;1363,8;N
1300631;130063;Beruri;Amazonas;17472,7794597;20718;0;1363,8;N
1300680;130068;Boa Vista do Ramos;Amazonas;2589,4071084;23785;0;1363,8;N
1300706;130070;Boca do Acre;Amazonas;21938,5830727;35447;36;2334,0;S
1300805;130080;Borba;Amazonas;44236,1836874;33080;1;1363,8;N
1300839;130083;Caapiranga;Amazonas;9455,5394439;13469;0;1363,8;N
1300904;130090;Canutama;Amazonas;33642,7315614;16869;0;1363,8;N
1301001;130100;Carauari;Amazonas;25778,6577227;28742;4;1363,8;N
1301100;130110;Careiro;Amazonas;6096,2118488;30792;2;1363,8;N
1301159;130115;Careiro da Várzea;Amazonas;2627,4744976;19637;0;1363,8;N
1301209;130120;Coari;Amazonas;57970,7844982;70616;21;0,0;S
1301308;130130;Codajás;Amazonas;18701,0735652;23549;8;1363,8;N
1301407;130140;Eirunepé;Amazonas;14966,2414950;33170;207;0,0;S
1301506;130150;Envira;Amazonas;7505,7937305;17186;72;1363,8;N
1301605;130160;Fonte Boa;Amazonas;12156,0335894;25871;1;1363,8;N
1301654;130165;Guajará;Amazonas;7583,5341151;13815;50;1363,8;N
1301704;130170;Humaitá;Amazonas;33111,1288271;57473;2;1741,0;S
1301803;130180;Ipixuna;Amazonas;12109,7789981;24311;19;1363,8;N
1301852;130185;Iranduba;Amazonas;2216,8170152;61163;3;1363,8;N
1301902;130190;Itacoatiara;Amazonas;8891,9786970;103598;3;237,8;S
1301951;130195;Itamarati;Amazonas;25260,4294781;10937;0;1363,8;N
1302009;130200;Itapiranga;Amazonas;4335,0745413;10162;0;1363,8;N
1302108;130210;Japurá;Amazonas;55827,2022745;8858;4;1363,8;N
1302207;130220;Juruá;Amazonas;19438,8046735;10742;2;1363,8;N
1302306;130230;Jutaí;Amazonas;69459,5008442;25172;61;1363,8;N
1302405;130240;Lábrea;Amazonas;68262,6800857;45448;1;1650,2;S
1302504;130250;Manacapuru;Amazonas;7336,5783542;101883;7;1048,4;S
1302553;130255;Manaquiri;Amazonas;3973,2576518;17107;2;1363,8;N
1302603;130260;Manaus;Amazonas;11401,0017014;2063689;784;2216,0;S
1302702;130270;Manicoré;Amazonas;48315,0377159;53914;9;1590,8;S
1302801;130280;Maraã;Amazonas;16830,8261077;15529;1;1363,8;N
1302900;130290;Maués;Amazonas;39991,0669352;61204;2;646,2;S
1303007;130300;Nhamundá;Amazonas;14107,5017241;20136;0;1363,8;N
1303106;130310;Nova Olinda do Norte;Amazonas;5578,1320133;27062;0;1363,8;N
1303205;130320;Novo Airão;Amazonas;37776,6644922;15761;2;1363,8;N
1303304;130330;Novo Aripuanã;Amazonas;41179,6558658;23818;0;1620,4;S
1303403;130340;Parintins;Amazonas;5956,0475727;96372;6;2779,4;S
1303502;130350;Pauini;Amazonas;41624,6641367;19373;3;1363,8;N
1303536;130353;Presidente Figueiredo;Amazonas;25459,0991487;30668;2;0,0;S
1303569;130356;Rio Preto da Eva;Amazonas;5815,6218018;24936;0;1363,8;N
1303601;130360;Santa Isabel do Rio Negro;Amazonas;62798,8450739;14164;5;1363,8;N
1303700;130370;Santo Antônio do Içá;Amazonas;12366,2147777;28211;1;1363,8;N
1303809;130380;São Gabriel da Cachoeira;Amazonas;109192,5932890;51795;16;1363,8;N
1303908;130390;São Paulo de Olivença;Amazonas;19658,5358838;32967;39;1363,8;N
1303957;130395;São Sebastião do Uatumã;Amazonas;10647,4632465;11670;0;1363,8;N
1304005;130400;Silves;Amazonas;3723,3822083;11559;0;1363,8;N
1304062;130406;Tabatinga;Amazonas;3260,2451729;66764;53;1363,8;N
1304104;130410;Tapauá;Amazonas;84946,0348044;19599;11;1363,8;N
1304203;130420;Tefé;Amazonas;23692,6208525;73669;11;1363,8;N
1304237;130423;Tonantins;Amazonas;6447,2267077;19247;0;1363,8;N
1304260;130426;Uarini;Amazonas;10275,5586452;14431;0;1363,8;N
1304302;130430;Urucará;Amazonas;27924,5661734;18631;0;1966,0;S
1304401;130440;Urucurituba;Amazonas;2863,8893945;23945;0;1363,8;N
1400027;140002;Amajari;Roraima;28473,4497513;13927;1;935,6;N
1400050;140005;Alto Alegre;Roraima;25454,2974210;21096;7;935,6;N
1400100;140010;Boa Vista;Roraima;5687,0372998;413486;380;935,6;S
1400159;140015;Bonfim;Roraima;8079,9139160;13923;37;935,6;N
1400175;140017;Cantá;Roraima;7664,8311993;18682;15;935,6;N
1400209;140020;Caracaraí;Roraima;47379,6882374;20957;5;935,6;N
1400233;140023;Caroebe;Roraima;12065,8963865;10656;41;935,6;N
1400282;140028;Iracema;Roraima;14011,6951132;10023;9;935,6;N
1400308;140030;Mucajaí;Roraima;12337,8510812;18095;8;935,6;N
1400407;140040;Normandia;Roraima;6959,8684566;13986;3;935,6;N
1400456;140045;Pacaraima;Roraima;8025,0445413;19305;6;935,6;N
1400472;140047;Rorainópolis;Roraima;33579,7388368;32647;22;935,6;N
1400506;140050;São João da Baliza;Roraima;4284,5050289;8858;20;935,6;N
1400605;140060;São Luiz;Roraima;1526,8984847;7315;92;935,6;N
1400704;140070;Uiramutã;Roraima;8113,5985030;13751;4;935,6;N
1500107;150010;Abaetetuba;Pará;1610,6458175;158188;82;1272,7;N
1500131;150013;Abel Figueiredo;Pará;614,1311459;6136;2;1272,7;N
1500206;150020;Acará;Pará;4344,3871283;59023;51;1272,7;N
1500305;150030;Afuá;Pará;8338,4392535;37765;12;1272,7;N
1500347;150034;Água Azul do Norte;Pará;7113,9560775;18080;4;1272,7;N
1500404;150040;Alenquer;Pará;23644,3854659;69377;2;1272,7;N
1500503;150050;Almeirim;Pará;72956,1726271;34280;3;1272,7;N
1500602;150060;Altamira;Pará;159533,3063087;126279;421;2104,8;S
1500701;150070;Anajás;Pará;6913,6399885;28011;3;1272,7;N
1500800;150080;Ananindeua;Pará;190,5900783;478778;359;1272,7;N
1500859;150085;Anapu;Pará;11895,2700287;31850;53;1272,7;N
1500909;150090;Augusto Corrêa;Pará;1099,5797115;44573;8;1272,7;N
1500958;150095;Aurora do Pará;Pará;1811,8400624;23774;35;1272,7;N
1501006;150100;Aveiro;Pará;17074,0528192;18290;0;1272,7;N
1501105;150110;Bagre;Pará;4397,3213270;31892;5;1272,7;N
1501204;150120;Baião;Pará;3760,0004431;51641;165;1272,7;N
1501253;150125;Bannach;Pará;2956,6487480;4031;1;1272,7;N
1501303;150130;Barcarena;Pará;1310,3375278;126650;136;1272,7;N
1501402;150140;Belém;Pará;1059,4577293;1303403;1372;3184,2;S
1501451;150145;Belterra;Pará;4398,4181687;18099;27;1272,7;N
1501501;150150;Benevides;Pará;187,8261324;63567;66;1272,7;N
1501576;150157;Bom Jesus do Tocantins;Pará;2816,6043013;18005;17;1272,7;N
1501600;150160;Bonito;Pará;586,9767638;12622;3;1272,7;N
1501709;150170;Bragança;Pará;2124,7349094;123082;149;2464,8;S
1501725;150172;Brasil Novo;Pará;6362,5751329;24718;29;1272,7;N
1501758;150175;Brejo Grande do Araguaia;Pará;1288,4729414;6783;97;1272,7;N
1501782;150178;Breu Branco;Pará;3941,7362126;45712;32;1272,7;N
1501808;150180;Breves;Pará;9566,4981201;106968;5;0,0;S
1501907;150190;Bujaru;Pará;994,6624533;24383;2;1272,7;N
1501956;150195;Cachoeira do Piriá;Pará;2419,6000135;19630;13;1272,7;N
1502004;150200;Cachoeira do Arari;Pará;3100,2613422;23981;16;1272,7;N
1502103;150210;Cametá;Pará;3082,1900775;134184;57;0,0;S
1502152;150215;Canaã dos Carajás;Pará;3146,7485023;77079;159;1272,7;N
1502202;150220;Capanema;Pará;621,4827885;70394;12;1272,7;N
1502301;150230;Capitão Poço;Pará;2901,0258381;56506;82;1188,0;S
1502400;150240;Castanhal;Pará;1029,2998035;192256;681;2641,6;S
1502509;150250;Chaves;Pará;12534,9948658;20757;0;1272,7;N
1502608;150260;Colares;Pará;384,0678842;12868;5;1272,7;N
1502707;150270;Conceição do Araguaia;Pará;5829,4819979;44617;359;1685,6;S
1502756;150275;Concórdia do Pará;Pará;700,6141333;26881;33;1272,7;N
1502764;150276;Cumaru do Norte;Pará;17085,0005514;14036;73;1272,7;N
1502772;150277;Curionópolis;Pará;2369,0963404;19950;4;1272,7;N
1502806;150280;Curralinho;Pará;3617,3502963;33903;10;1272,7;N
1502855;150285;Curuá;Pará;1431,3507343;14117;1;1272,7;N
1502905;150290;Curuçá;Pará;676,3216933;41262;16;1272,7;N
1502939;150293;Dom Eliseu;Pará;5268,8085755;58484;39;1077,4;S
1502954;150295;Eldorado do Carajás;Pará;2956,6914362;28192;9;1272,7;N
1503002;150300;Faro;Pará;11771,6690716;8728;0;1272,7;N
1503044;150304;Floresta do Araguaia;Pará;3444,2847799;17898;29;1272,7;N
1503077;150307;Garrafão do Norte;Pará;1608,0143944;24703;1;1272,7;N
1503093;150309;Goianésia do Pará;Pará;7023,9320683;26362;26;1272,7;N
1503101;150310;Gurupá;Pará;8569,6761531;31786;0;1272,7;N
1503200;150320;Igarapé-Açu;Pará;785,9827708;35797;6;1272,7;N
1503309;150330;Igarapé-Miri;Pará;1996,7979413;64831;308;1272,7;N
1503408;150340;Inhangapi;Pará;472,6048694;10325;21;1272,7;N
1503457;150345;Ipixuna do Pará;Pará;5215,5553135;30329;53;1272,7;N
1503507;150350;Irituia;Pará;1385,2089234;30955;6;1272,7;N
1503606;150360;Itaituba;Pará;62042,4720058;123314;95;2074,6;S
1503705;150370;Itupiranga;Pará;7880,2957961;49754;11;1272,7;N
1503754;150375;Jacareacanga;Pará;53304,5626901;24042;3;1272,7;N
1503804;150380;Jacundá;Pará;2008,3328798;37707;10;1272,7;N
1503903;150390;Juruti;Pará;8306,2404319;50881;2;1272,7;N
1504000;150400;Limoeiro do Ajuru;Pará;1489,3558433;29569;9;1272,7;N
1504059;150405;Mãe do Rio;Pará;469,3408840;34353;355;1272,7;N
1504109;150410;Magalhães Barata;Pará;323,9835417;8115;13;1272,7;N
1504208;150420;Marabá;Pará;15127,8723222;266533;203;0,0;S
1504307;150430;Maracanã;Pará;807,6280928;25971;1;1272,7;N
1504406;150440;Marapanim;Pará;804,6251122;26573;9;1272,7;N
1504422;150442;Marituba;Pará;103,2136504;111785;57;1272,7;N
1504455;150445;Medicilândia;Pará;8272,6287234;27094;29;1774,2;S
1504505;150450;Melgaço;Pará;6772,7642694;27881;0;1272,7;N
1504604;150460;Mocajuba;Pará;871,1679479;27198;48;1272,7;N
1504703;150470;Moju;Pará;9094,1389873;84094;61;1272,7;N
1504752;150475;Mojuí dos Campos;Pará;4988,2362763;23501;26;1272,7;N
1504802;150480;Monte Alegre;Pará;18151,3233699;60012;3;1377,6;S
1504901;150490;Muaná;Pará;3763,3429145;45368;3;1272,7;N
1504950;150495;Nova Esperança do Piriá;Pará;2808,1950502;20478;32;1272,7;N
1504976;150497;Nova Ipixuna;Pará;1564,1838046;13955;34;1272,7;N
1505007;150500;Nova Timboteua;Pará;489,8522300;12806;1;1272,7;N
1505031;150503;Novo Progresso;Pará;38162,0025349;33638;11;1272,7;N
1505064;150506;Novo Repartimento;Pará;15398,7355614;60732;40;890,8;S
1505106;150510;Óbidos;Pará;28010,0006247;52229;12;2119,2;S
1505205;150520;Oeiras do Pará;Pará;3852,2906251;33844;13;1272,7;N
1505304;150530;Oriximiná;Pará;107613,6292521;68294;8;1272,7;N
1505403;150540;Ourém;Pará;561,7097397;17855;60;1272,7;N
1505437;150543;Ourilândia do Norte;Pará;14410,5665781;32467;11;1272,7;N
1505486;150548;Pacajá;Pará;11832,3228504;41097;4;685,8;S
1505494;150549;Palestina do Pará;Pará;984,3621892;6885;10;1272,7;N
1505502;150550;Paragominas;Pará;19342,5649087;105550;55;1968,6;S
1505536;150553;Parauapebas;Pará;6885,8653400;267836;295;1272,7;N
1505551;150555;Pau D'Arco;Pará;1671,4184641;6931;70;1272,7;N
1505601;150560;Peixe-Boi;Pará;450,2239866;8285;1;1272,7;N
1505635;150563;Piçarra;Pará;3312,7085787;12832;5;1272,7;N
1505650;150565;Placas;Pará;7173,1995052;18668;13;138,8;S
1505700;150570;Ponta de Pedras;Pará;3363,7432251;24984;15;1272,7;N
1505809;150580;Portel;Pará;25386,1581012;62503;39;1272,7;N
1505908;150590;Porto de Moz;Pará;17422,3293377;40597;4;2108,2;S
1506005;150600;Prainha;Pará;14788,1890222;35577;15;1272,7;N
1506104;150610;Primavera;Pará;259,3305174;10851;3;1272,7;N
1506112;150611;Quatipuru;Pará;302,5856323;11524;2;1272,7;N
1506138;150613;Redenção;Pará;3823,8089223;85597;45;1936,8;S
1506161;150616;Rio Maria;Pará;4114,6272666;18384;41;1272,7;N
1506187;150618;Rondon do Pará;Pará;8246,3944070;53143;2;284,0;S
1506195;150619;Rurópolis;Pará;7021,3205443;35769;73;1272,7;N
1506203;150620;Salinópolis;Pará;226,1201372;44772;27;2283,4;S
1506302;150630;Salvaterra;Pará;918,5628414;24129;6;1272,7;N
1506351;150635;Santa Bárbara do Pará;Pará;278,1539080;21087;8;1272,7;N
1506401;150640;Santa Cruz do Arari;Pará;1076,6516036;7445;0;1272,7;N
1506500;150650;Santa Izabel do Pará;Pará;717,6623901;73019;209;1272,7;N
1506559;150655;Santa Luzia do Pará;Pará;1346,5024048;20370;21;1272,7;N
1506583;150658;Santa Maria das Barreiras;Pará;10330,2142718;16548;26;2042,4;S
1506609;150660;Santa Maria do Pará;Pará;457,7244341;24624;59;1272,7;N
1506708;150670;Santana do Araguaia;Pará;11591,4408634;32413;360;1045,4;S
1506807;150680;Santarém;Pará;17899,2377107;331942;1107;0,0;S
1506906;150690;Santarém Novo;Pará;229,5095978;6116;5;1272,7;N
1507003;150700;Santo Antônio do Tauá;Pará;537,6178311;27461;11;1272,7;N
1507102;150710;São Caetano de Odivelas;Pará;464,1657137;16666;6;1272,7;N
1507151;150715;São Domingos do Araguaia;Pará;1392,4642814;21092;47;1272,7;N
1507201;150720;São Domingos do Capim;Pará;1686,7646625;30599;21;1272,7;N
1507300;150730;São Félix do Xingu;Pará;84212,9009975;65418;27;333,4;S
1507409;150740;São Francisco do Pará;Pará;479,4411938;14894;11;1272,7;N
1507458;150745;São Geraldo do Araguaia;Pará;3168,3860357;24255;56;1272,7;N
1507466;150746;São João da Ponta;Pará;195,9176367;4430;5;1272,7;N
1507474;150747;São João de Pirabas;Pará;668,0577600;20689;2;1272,7;N
1507508;150750;São João do Araguaia;Pará;1279,8886348;13664;36;1272,7;N
1507607;150760;São Miguel do Guamá;Pará;1094,5646323;52894;112;1272,7;N
1507706;150770;São Sebastião da Boa Vista;Pará;1632,2512880;25643;1;1272,7;N
1507755;150775;Sapucaia;Pará;1298,1899921;5847;2;1272,7;N
1507805;150780;Senador José Porfírio;Pará;14419,9172051;22576;21;1272,7;N
1507904;150790;Soure;Pará;2857,3493746;24204;5;1915,8;S
1507953;150795;Tailândia;Pará;4430,4772650;72493;109;1272,7;N
1507961;150796;Terra Alta;Pará;204,9703829;10400;48;1272,7;N
1507979;150797;Terra Santa;Pará;1895,8835205;18782;3;1272,7;N
1508001;150800;Tomé-Açu;Pará;5145,3608075;67585;66;1272,7;N
1508035;150803;Tracuateua;Pará;868,0245755;28595;6;1272,7;N
1508050;150805;Trairão;Pará;11991,0849572;15242;18;1272,7;N
1508084;150808;Tucumã;Pará;2512,5935615;39550;44;384,6;S
1508100;150810;Tucuruí;Pará;2084,2867788;91306;186;422,2;S
1508126;150812;Ulianópolis;Pará;5088,4682858;37972;3;1272,7;N
1508159;150815;Uruará;Pará;10791,4000318;43558;61;1272,7;N
1508209;150820;Vigia;Pará;401,5885929;50832;10;1272,7;N
1508308;150830;Viseu;Pará;4972,9356614;58692;10;1272,7;N
1508357;150835;Vitória do Xingu;Pará;3089,5366742;15607;35;1272,7;N
1508407;150840;Xinguara;Pará;3779,3481203;52893;97;1855,2;S
1600055;160005;Serra do Navio;Amapá;7713,0461401;4673;12;2393,1;N
1600105;160010;Amapá;Amapá;8454,8462984;7943;4;2393,1;N
1600154;160015;Pedra Branca do Amapari;Amapá;9622,2902635;12847;6;2393,1;N
1600204;160020;Calçoene;Amapá;14117,2974533;10612;44;2393,1;N
1600212;160021;Cutias;Amapá;2179,1142345;4461;0;2393,1;N
1600238;160023;Ferreira Gomes;Amapá;4973,8551406;6666;1;2393,1;N
1600253;160025;Itaubal;Amapá;1622,8665281;5599;4;2024,4;S
1600279;160027;Laranjal do Jari;Amapá;30782,9982855;35114;0;2393,1;N
1600303;160030;Macapá;Amapá;6563,8486890;442933;278;2089,2;S
1600402;160040;Mazagão;Amapá;13294,7778240;21924;5;2393,1;N
1600501;160050;Oiapoque;Amapá;23034,3916536;27482;46;3114,6;S
1600535;160053;Porto Grande;Amapá;4428,0133743;17848;8;2344,2;S
1600550;160055;Pracuúba;Amapá;4948,5082859;3803;4;2393,1;N
1600600;160060;Santana;Amapá;1541,2247495;107618;18;2393,1;N
1600709;160070;Tartarugalzinho;Amapá;6684,7049501;12945;119;2393,1;N
1600808;160080;Vitória do Jari;Amapá;2508,9785959;11291;1;2393,1;N
1700251;170025;Abreulândia;Tocantins;1906,2952007;2576;6;1128,9;N
1700301;170030;Aguiarnópolis;Tocantins;236,7920051;4497;63;1128,9;N
1700350;170035;Aliança do Tocantins;Tocantins;1580,9992542;5147;48;1128,9;N
1700400;170040;Almas;Tocantins;4007,1521813;6499;29;1672,8;S
1700707;170070;Alvorada;Tocantins;1207,2007308;8802;42;1128,9;N
1701002;170100;Ananás;Tocantins;1581,0581740;10325;162;1128,9;N
1701051;170105;Angico;Tocantins;447,5485544;2876;8;1128,9;N
1701101;170110;Aparecida do Rio Negro;Tocantins;1159,0339060;4856;4;1128,9;N
1701309;170130;Aragominas;Tocantins;1168,2132099;5290;23;1128,9;N
1701903;170190;Araguacema;Tocantins;2774,5048452;5927;41;1128,9;N
1702000;170200;Araguaçu;Tocantins;5155,2230128;8133;44;155,6;S
1702109;170210;Araguaína;Tocantins;4004,6454865;171301;4451;1679,4;S
1702158;170215;Araguanã;Tocantins;834,8338955;4310;33;1128,9;N
1702208;170220;Araguatins;Tocantins;2633,2776963;31918;771;1663,4;S
1702307;170230;Arapoema;Tocantins;1558,1379425;5550;84;1128,9;N
1702406;170240;Arraias;Tocantins;5803,0853357;10287;23;1128,9;N
1702554;170255;Augustinópolis;Tocantins;388,8096750;17484;94;1128,9;N
1702703;170270;Aurora do Tocantins;Tocantins;696,1938092;3342;2;1128,9;N
1702901;170290;Axixá do Tocantins;Tocantins;153,5391319;10262;54;1128,9;N
1703008;170300;Babaçulândia;Tocantins;1790,2973834;7880;201;1128,9;N
1703057;170305;Bandeirantes do Tocantins;Tocantins;1540,5409578;3407;36;1128,9;N
1703073;170307;Barra do Ouro;Tocantins;1105,8398094;4476;57;1128,9;N
1703107;170310;Barrolândia;Tocantins;697,7585944;4846;29;1128,9;N
1703206;170320;Bernardo Sayão;Tocantins;924,0448123;4229;5;1128,9;N
1703305;170330;Bom Jesus do Tocantins;Tocantins;1326,9472661;4038;98;1128,9;N
1703602;170360;Brasilândia do Tocantins;Tocantins;645,9083078;1974;14;1128,9;N
1703701;170370;Brejinho de Nazaré;Tocantins;1722,5901210;4725;44;1128,9;N
1703800;170380;Buriti do Tocantins;Tocantins;252,7301544;10307;7;1128,9;N
1703826;170382;Cachoeirinha;Tocantins;351,5352688;1961;52;1128,9;N
1703842;170384;Campos Lindos;Tocantins;3234,4447306;8653;168;0,0;S
1703867;170386;Cariri do Tocantins;Tocantins;1126,2911136;4007;8;1128,9;N
1703883;170388;Carmolândia;Tocantins;339,3655423;2201;52;1128,9;N
1703891;170389;Carrasco Bonito;Tocantins;190,3523386;3318;49;1128,9;N
1703909;170390;Caseara;Tocantins;1680,0142051;4847;16;1128,9;N
1704105;170410;Centenário;Tocantins;1953,1340610;2131;6;1128,9;N
1704600;170460;Chapada de Areia;Tocantins;658,5636634;1501;3;1128,9;N
1705102;170510;Chapada da Natividade;Tocantins;1640,8326150;3117;52;1128,9;N
1705508;170550;Colinas do Tocantins;Tocantins;842,4878647;34233;791;1951,2;S
1705557;170555;Combinado;Tocantins;208,7907746;4756;9;1128,9;N
1705607;170560;Conceição do Tocantins;Tocantins;2530,6470231;3887;45;1128,9;N
1706001;170600;Couto Magalhães;Tocantins;1584,1962133;5331;24;1128,9;N
1706100;170610;Cristalândia;Tocantins;1850,7501476;6371;12;1128,9;N
1706258;170625;Crixás do Tocantins;Tocantins;983,7657130;1470;3;1128,9;N
1706506;170650;Darcinópolis;Tocantins;1641,7697123;5827;117;1128,9;N
1707009;170700;Dianópolis;Tocantins;3318,0935977;17739;66;178,8;S
1707108;170710;Divinópolis do Tocantins;Tocantins;2358,2820089;7024;45;1128,9;N
1707207;170720;Dois Irmãos do Tocantins;Tocantins;3747,6447961;6327;16;1128,9;N
1707306;170730;Dueré;Tocantins;3420,6571717;4248;42;1128,9;N
1707405;170740;Esperantina;Tocantins;506,1749455;7530;32;1128,9;N
1707553;170755;Fátima;Tocantins;380,3734400;3467;14;1128,9;N
1707652;170765;Figueirópolis;Tocantins;1935,7085861;5211;2;1128,9;N
1707702;170770;Filadélfia;Tocantins;1991,2579850;7712;19;1128,9;N
1708205;170820;Formoso do Araguaia;Tocantins;13431,8606284;18881;26;1340,6;S
1708254;170825;Tabocão;Tocantins;624,4628722;3455;1;1128,9;N
1708304;170830;Goianorte;Tocantins;1797,2289958;4738;15;1128,9;N
1709005;170900;Goiatins;Tocantins;6414,8464850;12433;105;1128,9;N
1709302;170930;Guaraí;Tocantins;2106,7525504;24775;148;1128,9;N
1709500;170950;Gurupi;Tocantins;1844,1640585;85125;499;1317,8;S
1709807;170980;Ipueiras;Tocantins;821,1519689;1590;27;1128,9;N
1710508;171050;Itacajá;Tocantins;3047,2038840;6819;11;1128,9;N
1710706;171070;Itaguatins;Tocantins;730,1628438;5172;25;1128,9;N
1710904;171090;Itapiratins;Tocantins;1246,3486653;3577;3;1128,9;N
1711100;171110;Itaporã do Tocantins;Tocantins;969,7938500;2404;103;1128,9;N
1711506;171150;Jaú do Tocantins;Tocantins;2167,2006413;3334;194;1128,9;N
1711803;171180;Juarina;Tocantins;483,4519841;2243;11;1128,9;N
1711902;171190;Lagoa da Confusão;Tocantins;10563,1814688;15288;48;1009,6;S
1711951;171195;Lagoa do Tocantins;Tocantins;917,6319071;3516;6;1128,9;N
1712009;171200;Lajeado;Tocantins;318,2918083;3357;9;1128,9;N
1712157;171215;Lavandeira;Tocantins;468,0059320;1626;1;1128,9;N
1712405;171240;Lizarda;Tocantins;5716,6413433;2999;0;1128,9;N
1712454;171245;Luzinópolis;Tocantins;281,5427277;2717;52;1128,9;N
1712504;171250;Marianópolis do Tocantins;Tocantins;2089,5753431;4615;64;1128,9;N
1712702;171270;Mateiros;Tocantins;9589,2733114;2748;5;1284,8;S
1712801;171280;Maurilândia do Tocantins;Tocantins;736,3031921;3095;3;1128,9;N
1713205;171320;Miracema do Tocantins;Tocantins;2663,7447709;18566;23;1128,9;N
1713304;171330;Miranorte;Tocantins;1033,3005875;12701;16;1128,9;N
1713601;171360;Monte do Carmo;Tocantins;3601,2048854;5694;41;1128,9;N
1713700;171370;Monte Santo do Tocantins;Tocantins;1072,9201213;2396;51;1128,9;N
1713809;171380;Palmeiras do Tocantins;Tocantins;743,4074027;4872;29;1128,9;N
1713957;171395;Muricilândia;Tocantins;1194,3675253;3367;48;1128,9;N
1714203;171420;Natividade;Tocantins;3241,6720324;8754;206;1128,9;N
1714302;171430;Nazaré;Tocantins;395,9970517;4521;18;1128,9;N
1714880;171488;Nova Olinda;Tocantins;1567,8343304;10367;142;1128,9;N
1715002;171500;Nova Rosalândia;Tocantins;514,7911187;3362;31;1128,9;N
1715101;171510;Novo Acordo;Tocantins;2678,2620066;3969;12;1128,9;N
1715150;171515;Novo Alegre;Tocantins;200,4122381;1846;1;1128,9;N
1715259;171525;Novo Jardim;Tocantins;1213,8934455;2230;7;1128,9;N
1715507;171550;Oliveira de Fátima;Tocantins;209,2921753;1164;11;1128,9;N
1715705;171570;Palmeirante;Tocantins;2638,4648055;4798;21;1128,9;N
1715754;171575;Palmeirópolis;Tocantins;1708,9806245;6975;124;1128,9;N
1716109;171610;Paraíso do Tocantins;Tocantins;1292,2668978;52360;410;1128,9;N
1716208;171620;Paranã;Tocantins;11217,3728750;10542;36;580,0;S
1716307;171630;Pau D'Arco;Tocantins;1375,5513205;4043;27;1128,9;N
1716505;171650;Pedro Afonso;Tocantins;2019,5564165;14055;108;1436,8;S
1716604;171660;Peixe;Tocantins;5303,6119856;9317;26;1174,8;S
1716653;171665;Pequizeiro;Tocantins;1206,1179777;4921;38;1128,9;N
1716703;171670;Colméia;Tocantins;1161,0297724;8941;12;1128,9;N
1717008;171700;Pindorama do Tocantins;Tocantins;1560,5507132;4478;20;1128,9;N
1717206;171720;Piraquê;Tocantins;1363,4115315;2282;95;1128,9;N
1717503;171750;Pium;Tocantins;10003,5491933;7128;35;589,8;S
1717800;171780;Ponte Alta do Bom Jesus;Tocantins;1718,7906989;4220;4;1128,9;N
1717909;171790;Ponte Alta do Tocantins;Tocantins;6542,8380510;7586;31;1128,9;N
1718006;171800;Porto Alegre do Tocantins;Tocantins;506,7165145;2866;4;1128,9;N
1718204;171820;Porto Nacional;Tocantins;4434,6797563;64418;1257;1128,9;N
1718303;171830;Praia Norte;Tocantins;300,9990100;9044;44;1128,9;N
1718402;171840;Presidente Kennedy;Tocantins;771,7163236;3047;9;1128,9;N
1718451;171845;Pugmil;Tocantins;401,1736781;2193;17;1128,9;N
1718501;171850;Recursolândia;Tocantins;2215,6690543;3421;3;1128,9;N
1718550;171855;Riachinho;Tocantins;512,1562199;3960;23;1128,9;N
1718659;171865;Rio da Conceição;Tocantins;845,8232618;1768;32;1128,9;N
1718709;171870;Rio dos Bois;Tocantins;847,2548225;2738;47;1128,9;N
1718758;171875;Rio Sono;Tocantins;6346,2794619;4841;13;1392,0;S
1718808;171880;Sampaio;Tocantins;222,4354647;4215;24;1128,9;N
1718840;171884;Sandolândia;Tocantins;3535,1351315;3723;21;1128,9;N
1718865;171886;Santa Fé do Araguaia;Tocantins;1671,2385480;7216;99;1514,0;S
1718881;171888;Santa Maria do Tocantins;Tocantins;1412,3180428;2680;17;1128,9;N
1718899;171889;Santa Rita do Tocantins;Tocantins;3281,2189346;2219;2;1128,9;N
1718907;171890;Santa Rosa do Tocantins;Tocantins;1804,6864918;4653;46;1414,8;S
1719004;171900;Santa Tereza do Tocantins;Tocantins;539,5111820;2781;74;1128,9;N
1720002;172000;Santa Terezinha do Tocantins;Tocantins;274,1036027;2406;6;1128,9;N
1720101;172010;São Bento do Tocantins;Tocantins;1099,5801466;5654;29;1128,9;N
1720150;172015;São Félix do Tocantins;Tocantins;1913,1101795;1783;10;1128,9;N
1720200;172020;São Miguel do Tocantins;Tocantins;406,9573995;13241;14;1128,9;N
1720259;172025;São Salvador do Tocantins;Tocantins;1424,7525883;2385;132;1128,9;N
1720309;172030;São Sebastião do Tocantins;Tocantins;289,5968459;4100;10;1128,9;N
1720499;172049;São Valério;Tocantins;2520,4650578;4422;5;1128,9;N
1720655;172065;Silvanópolis;Tocantins;1258,7706656;5108;19;1128,9;N
1720804;172080;Sítio Novo do Tocantins;Tocantins;307,0946347;10830;60;1128,9;N
1720853;172085;Sucupira;Tocantins;1018,2221064;1577;1;1128,9;N
1720903;172090;Taguatinga;Tocantins;2341,9190645;14011;9;1128,9;N
1720937;172093;Taipas do Tocantins;Tocantins;1105,3025278;2021;21;1128,9;N
1720978;172097;Talismã;Tocantins;2155,5030226;2456;3;1128,9;N
1721000;172100;Palmas;Tocantins;2227,3285212;302692;1635;1861,4;S
1721109;172110;Tocantínia;Tocantins;2609,7751304;7459;2;1128,9;N
1721208;172120;Tocantinópolis;Tocantins;1083,5995478;22615;238;1128,9;N
1721257;172125;Tupirama;Tocantins;706,8831235;1909;1;1128,9;N
1721307;172130;Tupiratins;Tocantins;889,1257384;1874;64;1128,9;N
1722081;172208;Wanderlândia;Tocantins;1365,4312610;10522;153;1128,9;N
1722107;172210;Xambioá;Tocantins;1190,4894813;10517;58;1128,9;N
2100055;210005;Açailândia;Maranhão;5805,1593653;106550;22;1072,5;N
2100105;210010;Afonso Cunha;Maranhão;371,3382337;6144;8;1072,5;N
2100154;210015;Água Doce do Maranhão;Maranhão;442,2917386;12142;2;1072,5;N
2100204;210020;Alcântara;Maranhão;1167,9638156;18467;101;1072,5;N
2100303;210030;Aldeias Altas;Maranhão;1942,1213079;23286;10;1072,5;N
2100402;210040;Altamira do Maranhão;Maranhão;524,3738281;6447;6;1072,5;N
2100436;210043;Alto Alegre do Maranhão;Maranhão;392,7498341;24048;72;1072,5;N
2100477;210047;Alto Alegre do Pindaré;Maranhão;1875,9011514;25710;7;1072,5;N
2100501;210050;Alto Parnaíba;Maranhão;11127,3839526;11109;16;1217,6;S
2100550;210055;Amapá do Maranhão;Maranhão;502,4025665;7170;85;1072,5;N
2100600;210060;Amarante do Maranhão;Maranhão;7439,6150825;37085;12;1072,5;N
2100709;210070;Anajatuba;Maranhão;940,4893440;25322;3;1072,5;N
2100808;210080;Anapurus;Maranhão;608,9034139;13793;18;1072,5;N
2100832;210083;Apicum-Açu;Maranhão;341,1202842;17519;56;1072,5;N
2100873;210087;Araguanã;Maranhão;805,1940786;11181;1;1072,5;N
2100907;210090;Araioses;Maranhão;1789,7297533;39052;13;1072,5;N
2100956;210095;Arame;Maranhão;2976,0386531;25517;104;1072,5;N
2101004;210100;Arari;Maranhão;1100,2748551;29472;6;1072,5;N
2101103;210110;Axixá;Maranhão;160,4620207;11790;1;1072,5;N
2101202;210120;Bacabal;Maranhão;1656,7361228;103711;53;1091,2;S
2101251;210125;Bacabeira;Maranhão;542,9614503;16966;44;1072,5;N
2101301;210130;Bacuri;Maranhão;850,4910149;16290;1;1072,5;N
2101350;210135;Bacurituba;Maranhão;413,6510446;5252;5;1072,5;N
2101400;210140;Balsas;Maranhão;13141,1624960;101767;593;585,8;S
2101509;210150;Barão de Grajaú;Maranhão;2209,4140495;18984;11;1072,5;N
2101608;210160;Barra do Corda;Maranhão;5187,6731775;84532;106;1,6;S
2101707;210170;Barreirinhas;Maranhão;3046,3080183;65589;5;1072,5;N
2101731;210173;Belágua;Maranhão;569,6055385;8460;0;1072,5;N
2101772;210177;Bela Vista do Maranhão;Maranhão;147,9544924;11750;2;1072,5;N
2101806;210180;Benedito Leite;Maranhão;1784,6400060;5469;395;1072,5;N
2101905;210190;Bequimão;Maranhão;790,2219139;19584;10;1072,5;N
2101939;210193;Bernardo do Mearim;Maranhão;247,1856965;5840;33;1072,5;N
2101970;210197;Boa Vista do Gurupi;Maranhão;400,3498723;7574;0;1072,5;N
2102002;210200;Bom Jardim;Maranhão;6588,3798828;33100;114;1072,5;N
2102036;210203;Bom Jesus das Selvas;Maranhão;2676,9796843;28599;9;1072,5;N
2102077;210207;Bom Lugar;Maranhão;445,1706412;12212;5;1072,5;N
2102101;210210;Brejo;Maranhão;1073,2582200;34120;23;1072,5;N
2102150;210215;Brejo de Areia;Maranhão;986,0357927;9218;23;1072,5;N
2102200;210220;Buriti;Maranhão;1475,7787316;29685;26;1072,5;N
2102309;210230;Buriti Bravo;Maranhão;1582,5518168;22455;24;1072,5;N
2102325;210232;Buriticupu;Maranhão;2544,8573041;55499;8;1573,4;S
2102358;210235;Buritirana;Maranhão;820,9681154;12918;4;1072,5;N
2102374;210237;Cachoeira Grande;Maranhão;707,2363028;9732;3;1072,5;N
2102408;210240;Cajapió;Maranhão;545,2440021;10121;1;1072,5;N
2102507;210250;Cajari;Maranhão;662,0659735;16412;2;1072,5;N
2102556;210255;Campestre do Maranhão;Maranhão;613,5289729;12301;40;1072,5;N
2102606;210260;Cândido Mendes;Maranhão;1634,8617706;19932;101;1072,5;N
2102705;210270;Cantanhede;Maranhão;773,0094079;24303;3;1072,5;N
2102754;210275;Capinzal do Norte;Maranhão;590,2707136;11374;3;1072,5;N
2102804;210280;Carolina;Maranhão;6267,6746461;24062;38;629,2;S
2102903;210290;Carutapera;Maranhão;1260,9767035;24238;6;1072,5;N
2103000;210300;Caxias;Maranhão;5201,9266165;156973;45;1256,4;S
2103109;210310;Cedral;Maranhão;285,2108087;10208;0;1072,5;N
2103125;210312;Central do Maranhão;Maranhão;319,5378892;7094;0;1072,5;N
2103158;210315;Centro do Guilherme;Maranhão;1167,8482712;12342;0;1072,5;N
2103174;210317;Centro Novo do Maranhão;Maranhão;8401,0023553;16267;4;1072,5;N
2103208;210320;Chapadinha;Maranhão;3247,3849502;81386;389;1597,2;S
2103257;210325;Cidelândia;Maranhão;1462,8090396;12878;0;1072,5;N
2103307;210330;Codó;Maranhão;4361,6061912;114275;32;1072,5;N
2103406;210340;Coelho Neto;Maranhão;977,0788720;41658;10;1072,5;N
2103505;210350;Colinas;Maranhão;1978,6949689;40316;86;0,0;S
2103554;210355;Conceição do Lago-Açu;Maranhão;725,6642674;14915;6;1072,5;N
2103604;210360;Coroatá;Maranhão;2263,6913647;59566;18;1072,5;N
2103703;210370;Cururupu;Maranhão;1257,6067523;31558;7;1072,5;N
2103752;210375;Davinópolis;Maranhão;332,2487296;14404;6;1072,5;N
2103802;210380;Dom Pedro;Maranhão;358,4932368;23053;5;1072,5;N
2103901;210390;Duque Bacelar;Maranhão;317,4935704;10223;7;1072,5;N
2104008;210400;Esperantinópolis;Maranhão;452,4110796;18311;1;1072,5;N
2104057;210405;Estreito;Maranhão;2720,2661025;33294;266;0,0;S
2104073;210407;Feira Nova do Maranhão;Maranhão;1625,8219637;8048;76;1072,5;N
2104081;210408;Fernando Falcão;Maranhão;5086,5905033;10873;1;1072,5;N
2104099;210409;Formosa da Serra Negra;Maranhão;3690,6100180;17719;22;1072,5;N
2104107;210410;Fortaleza dos Nogueiras;Maranhão;1853,4064984;12640;23;1072,5;N
2104206;210420;Fortuna;Maranhão;834,8301945;16976;116;1072,5;N
2104305;210430;Godofredo Viana;Maranhão;720,1283958;10186;59;1072,5;N
2104404;210440;Gonçalves Dias;Maranhão;883,5877671;17206;6;1072,5;N
2104503;210450;Governador Archer;Maranhão;445,8563907;10231;70;1072,5;N
2104552;210455;Governador Edison Lobão;Maranhão;615,9573543;18411;8;1072,5;N
2104602;210460;Governador Eugênio Barros;Maranhão;647,9888630;13930;2;1072,5;N
2104628;210462;Governador Luiz Rocha;Maranhão;401,5868018;7063;6;1072,5;N
2104651;210465;Governador Newton Bello;Maranhão;1144,1460342;10713;2;1072,5;N
2104677;210467;Governador Nunes Freire;Maranhão;1037,1354227;23128;17;1072,5;N
2104701;210470;Graça Aranha;Maranhão;271,4447082;6023;2;1072,5;N
2104800;210480;Grajaú;Maranhão;8861,7175679;73872;226;1667,2;S
2104909;210490;Guimarães;Maranhão;478,8571783;10290;17;1072,5;N
2105005;210500;Humberto de Campos;Maranhão;1714,6254596;25680;13;1072,5;N
2105104;210510;Icatu;Maranhão;1124,4455393;24794;4;1072,5;N
2105153;210515;Igarapé do Meio;Maranhão;368,6847198;13974;10;1072,5;N
2105203;210520;Igarapé Grande;Maranhão;346,2176207;10231;33;1072,5;N
2105302;210530;Imperatriz;Maranhão;1369,0392495;273110;94;578,2;S
2105351;210535;Itaipava do Grajaú;Maranhão;1244,3976865;13828;19;1072,5;N
2105401;210540;Itapecuru Mirim;Maranhão;1480,6414629;60440;27;1072,5;N
2105427;210542;Itinga do Maranhão;Maranhão;3583,4234442;22513;11;1072,5;N
2105450;210545;Jatobá;Maranhão;591,6162707;7471;29;1072,5;N
2105476;210547;Jenipapo dos Vieiras;Maranhão;1962,3620281;17076;7;1072,5;N
2105500;210550;João Lisboa;Maranhão;1137,1041073;24709;9;1072,5;N
2105609;210560;Joselândia;Maranhão;703,0814174;14924;60;1072,5;N
2105658;210565;Junco do Maranhão;Maranhão;568,4990700;5146;125;1072,5;N
2105708;210570;Lago da Pedra;Maranhão;1240,4443551;44403;47;1072,5;N
2105807;210580;Lago do Junco;Maranhão;328,5251103;9506;2;1072,5;N
2105906;210590;Lago Verde;Maranhão;631,4553446;14769;340;1072,5;N
2105922;210592;Lagoa do Mato;Maranhão;1512,9849870;10572;51;1072,5;N
2105948;210594;Lago dos Rodrigues;Maranhão;220,7755910;8758;27;1072,5;N
2105963;210596;Lagoa Grande do Maranhão;Maranhão;744,1993779;11411;16;1072,5;N
2105989;210598;Lajeado Novo;Maranhão;1063,6195231;7057;39;1072,5;N
2106003;210600;Lima Campos;Maranhão;321,9317130;11297;10;1072,5;N
2106102;210610;Loreto;Maranhão;3597,2307342;11597;151;1072,5;N
2106201;210620;Luís Domingues;Maranhão;472,2955911;7161;1;1072,5;N
2106300;210630;Magalhães de Almeida;Maranhão;434,4328291;13807;0;1072,5;N
2106326;210632;Maracaçumé;Maranhão;635,7576014;21149;7;1072,5;N
2106359;210635;Marajá do Sena;Maranhão;1402,5931634;7027;33;1072,5;N
2106375;210637;Maranhãozinho;Maranhão;760,9418079;13761;1;1072,5;N
2106409;210640;Mata Roma;Maranhão;548,5474222;17090;47;1072,5;N
2106508;210650;Matinha;Maranhão;410,6331619;22034;4;1072,5;N
2106607;210660;Matões;Maranhão;2108,6709760;32174;30;1072,5;N
2106631;210663;Matões do Norte;Maranhão;794,4535330;17432;5;1072,5;N
2106672;210667;Milagres do Maranhão;Maranhão;634,8179066;8818;3;1072,5;N
2106706;210670;Mirador;Maranhão;8522,3507894;21030;22;1072,5;N
2106755;210675;Miranda do Norte;Maranhão;341,1069407;23864;29;1072,5;N
2106805;210680;Mirinzal;Maranhão;686,9439280;13978;4;1072,5;N
2106904;210690;Monção;Maranhão;1245,5478953;27751;40;1072,5;N
2107001;210700;Montes Altos;Maranhão;1488,5132820;9106;0;1072,5;N
2107100;210710;Morros;Maranhão;1712,1214585;18554;6;1072,5;N
2107209;210720;Nina Rodrigues;Maranhão;570,9375671;14176;2;1072,5;N
2107258;210725;Nova Colinas;Maranhão;743,0854956;5021;6;1072,5;N
2107308;210730;Nova Iorque;Maranhão;978,3397485;4320;4;1072,5;N
2107357;210735;Nova Olinda do Maranhão;Maranhão;2452,6150436;14314;0;1072,5;N
2107407;210740;Olho d'Água das Cunhãs;Maranhão;695,3327570;17919;52;1072,5;N
2107456;210745;Olinda Nova do Maranhão;Maranhão;199,8792324;13577;2;1072,5;N
2107506;210750;Paço do Lumiar;Maranhão;127,1928318;145643;162;1072,5;N
2107605;210760;Palmeirândia;Maranhão;532,1622334;21059;1;1072,5;N
2107704;210770;Paraibano;Maranhão;530,5165818;18274;52;1072,5;N
2107803;210780;Parnarama;Maranhão;3245,5249465;31250;26;1072,5;N
2107902;210790;Passagem Franca;Maranhão;1358,3271901;17220;13;1072,5;N
2108009;210800;Pastos Bons;Maranhão;1635,1808247;18802;28;1072,5;N
2108058;210805;Paulino Neves;Maranhão;979,4818918;17056;1;1072,5;N
2108108;210810;Paulo Ramos;Maranhão;1168,6087081;20341;84;1072,5;N
2108207;210820;Pedreiras;Maranhão;262,0658138;37050;867;1072,5;N
2108256;210825;Pedro do Rosário;Maranhão;1753,8673353;24320;0;1072,5;N
2108306;210830;Penalva;Maranhão;800,9159446;32511;4;1072,5;N
2108405;210840;Peri Mirim;Maranhão;397,9931833;11108;1;1072,5;N
2108454;210845;Peritoró;Maranhão;824,7207531;20479;26;1072,5;N
2108504;210850;Pindaré-Mirim;Maranhão;268,2850191;31429;541;1072,5;N
2108603;210860;Pinheiro;Maranhão;1512,9688164;84621;190;1072,5;N
2108702;210870;Pio XII;Maranhão;545,1401495;21886;6;1072,5;N
2108801;210880;Pirapemas;Maranhão;688,7614932;17714;3;1072,5;N
2108900;210890;Poção de Pedras;Maranhão;990,4144846;17161;35;1072,5;N
2109007;210900;Porto Franco;Maranhão;1420,5099073;23903;128;1072,5;N
2109056;210905;Porto Rico do Maranhão;Maranhão;244,9787495;5954;3;1072,5;N
2109106;210910;Presidente Dutra;Maranhão;771,5739974;45155;69;1072,5;N
2109205;210920;Presidente Juscelino;Maranhão;355,5676304;11356;8;1072,5;N
2109239;210923;Presidente Médici;Maranhão;437,6873614;4696;2;1072,5;N
2109270;210927;Presidente Sarney;Maranhão;726,1758351;17511;5;1072,5;N
2109304;210930;Presidente Vargas;Maranhão;460,0040369;10549;1;1072,5;N
2109403;210940;Primeira Cruz;Maranhão;1337,1613785;13614;6;1072,5;N
2109452;210945;Raposa;Maranhão;79,2131771;30839;72;1072,5;N
2109502;210950;Riachão;Maranhão;6402,8299701;22145;679;1072,5;N
2109551;210955;Ribamar Fiquene;Maranhão;733,4577890;7420;34;1072,5;N
2109601;210960;Rosário;Maranhão;647,9983720;38475;12;1072,5;N
2109700;210970;Sambaíba;Maranhão;2476,1316429;5568;16;1072,5;N
2109759;210975;Santa Filomena do Maranhão;Maranhão;623,2134502;6697;1;1072,5;N
2109809;210980;Santa Helena;Maranhão;2191,1638959;41561;24;1072,5;N
2109908;210990;Santa Inês;Maranhão;786,6887704;85014;205;1072,5;N
2110005;211000;Santa Luzia;Maranhão;4837,1684732;57635;114;1072,5;N
2110039;211003;Santa Luzia do Paruá;Maranhão;1010,4828749;24307;12;1072,5;N
2110104;211010;Santa Quitéria do Maranhão;Maranhão;1430,3299315;23957;54;1072,5;N
2110203;211020;Santa Rita;Maranhão;756,7967971;37035;16;1072,5;N
2110237;211023;Santana do Maranhão;Maranhão;932,0296653;10567;4;1072,5;N
2110278;211027;Santo Amaro do Maranhão;Maranhão;1582,8057239;13949;3;1072,5;N
2110302;211030;Santo Antônio dos Lopes;Maranhão;770,9226504;14304;26;1072,5;N
2110401;211040;São Benedito do Rio Preto;Maranhão;931,4849942;18364;2;1072,5;N
2110500;211050;São Bento;Maranhão;456,9973161;46395;306;1072,5;N
2110609;211060;São Bernardo;Maranhão;1005,8238922;26943;3;1072,5;N
2110658;211065;São Domingos do Azeitão;Maranhão;961,2494818;7992;57;1072,5;N
2110708;211070;São Domingos do Maranhão;Maranhão;1151,9778813;34034;11;1072,5;N
2110807;211080;São Félix de Balsas;Maranhão;2032,5992842;4402;35;1072,5;N
2110856;211085;São Francisco do Brejão;Maranhão;745,3573678;9051;28;1072,5;N
2110906;211090;São Francisco do Maranhão;Maranhão;2284,2169032;12064;115;1072,5;N
2111003;211100;São João Batista;Maranhão;649,9561296;18544;5;1072,5;N
2111029;211102;São João do Carú;Maranhão;910,0652375;12251;8;1072,5;N
2111052;211105;São João do Paraíso;Maranhão;2052,3281328;9904;62;1072,5;N
2111078;211107;São João do Soter;Maranhão;1438,0662066;16889;2;1072,5;N
2111102;211110;São João dos Patos;Maranhão;1483,2555386;25020;85;1072,5;N
2111201;211120;São José de Ribamar;Maranhão;180,3631893;244579;290;1072,5;N
2111250;211125;São José dos Basílios;Maranhão;353,7197013;6957;7;1072,5;N
2111300;211130;São Luís;Maranhão;583,0630248;1037775;2398;2107,6;S
2111409;211140;São Luís Gonzaga do Maranhão;Maranhão;909,1637673;17818;26;1072,5;N
2111508;211150;São Mateus do Maranhão;Maranhão;800,0449040;38829;71;1072,5;N
2111532;211153;São Pedro da Água Branca;Maranhão;720,4608144;14338;9;1072,5;N
2111573;211157;São Pedro dos Crentes;Maranhão;979,9148160;5783;10;1072,5;N
2111607;211160;São Raimundo das Mangabeiras;Maranhão;3524,5008374;18672;30;1072,5;N
2111631;211163;São Raimundo do Doca Bezerra;Maranhão;419,5502150;5650;1;1072,5;N
2111672;211167;São Roberto;Maranhão;226,8107946;4544;0;1072,5;N
2111706;211170;São Vicente Ferrer;Maranhão;393,9281359;19498;2;1072,5;N
2111722;211172;Satubinha;Maranhão;441,8106048;8784;0;1072,5;N
2111748;211174;Senador Alexandre Costa;Maranhão;426,4371372;10207;15;1072,5;N
2111763;211176;Senador La Rocque;Maranhão;738,1873373;14700;2;1072,5;N
2111789;211178;Serrano do Maranhão;Maranhão;1165,3177209;10202;5;1072,5;N
2111805;211180;Sítio Novo;Maranhão;3114,6827312;17074;17;1072,5;N
2111904;211190;Sucupira do Norte;Maranhão;1074,4353692;10238;3;1072,5;N
2111953;211195;Sucupira do Riachão;Maranhão;862,2258169;4985;5;1072,5;N
2112001;211200;Tasso Fragoso;Maranhão;4369,1588735;8862;63;1072,5;N
2112100;211210;Timbiras;Maranhão;1486,5843423;26484;12;1072,5;N
2112209;211220;Timon;Maranhão;1763,2199364;174465;148;1072,5;N
2112233;211223;Trizidela do Vale;Maranhão;291,6098515;22484;148;1072,5;N
2112274;211227;Tufilândia;Maranhão;270,9343172;5507;0;1072,5;N
2112308;211230;Tuntum;Maranhão;3369,1187960;36251;7;1072,5;N
2112407;211240;Turiaçu;Maranhão;2622,2806435;37491;70;2532,0;S
2112456;211245;Turilândia;Maranhão;1507,6219919;31638;25;1072,5;N
2112506;211250;Tutóia;Maranhão;1566,0805084;53356;9;1072,5;N
2112605;211260;Urbano Santos;Maranhão;1707,6211765;32812;42;1072,5;N
2112704;211270;Vargem Grande;Maranhão;1958,7023551;43261;6;1072,5;N
2112803;211280;Viana;Maranhão;1166,7448532;51442;8;1072,5;N
2112852;211285;Vila Nova dos Martírios;Maranhão;1190,0079450;10362;27;1072,5;N
2112902;211290;Vitória do Mearim;Maranhão;716,7192325;30805;6;1072,5;N
2113009;211300;Vitorino Freire;Maranhão;1193,3855070;30845;7;1072,5;N
2114007;211400;Zé Doca;Maranhão;2140,1087166;40801;10;1898,8;S
2200053;220005;Acauã;Piauí;1280,8381532;6420;5;756,1;N
2200103;220010;Agricolândia;Piauí;112,3920670;4940;21;756,1;N
2200202;220020;Água Branca;Piauí;96,8424785;17573;17;756,1;N
2200251;220025;Alagoinha do Piauí;Piauí;535,8897605;6819;12;756,1;N
2200277;220027;Alegrete do Piauí;Piauí;243,7318782;4634;0;756,1;N
2200301;220030;Alto Longá;Piauí;1743,3306802;13479;136;756,1;N
2200400;220040;Altos;Piauí;957,2319598;47453;73;756,1;N
2200459;220045;Alvorada do Gurguéia;Piauí;2131,5058858;5322;9;681,4;S
2200509;220050;Amarante;Piauí;1152,1269495;17234;40;756,1;N
2200608;220060;Angical do Piauí;Piauí;222,0083426;6827;17;0,0;S
2200707;220070;Anísio de Abreu;Piauí;337,8770016;9407;183;756,1;N
2200806;220080;Antônio Almeida;Piauí;644,8002356;3152;190;756,1;N
2200905;220090;Aroazes;Piauí;821,2118568;5369;6;756,1;N
2200954;220095;Aroeiras do Itaim;Piauí;316,2347274;2690;6;756,1;N
2201002;220100;Arraial;Piauí;682,7266721;4520;1;756,1;N
2201051;220105;Assunção do Piauí;Piauí;1690,7033822;7452;1;756,1;N
2201101;220110;Avelino Lopes;Piauí;1220,3713309;10866;2;756,1;N
2201150;220115;Baixa Grande do Ribeiro;Piauí;7808,9152774;13272;31;383,6;S
2201176;220117;Barra D'Alcântara;Piauí;263,9427405;3995;9;756,1;N
2201200;220120;Barras;Piauí;1722,5065489;47938;13;756,1;N
2201309;220130;Barreiras do Piauí;Piauí;2168,7129766;3264;0;756,1;N
2201408;220140;Barro Duro;Piauí;159,4363958;6640;1;756,1;N
2201507;220150;Batalha;Piauí;1589,0105264;26300;22;756,1;N
2201556;220155;Bela Vista do Piauí;Piauí;499,0915921;4091;3;756,1;N
2201572;220157;Belém do Piauí;Piauí;243,2341547;3423;1;756,1;N
2201606;220160;Beneditinos;Piauí;937,0983868;9929;25;756,1;N
2201705;220170;Bertolínia;Piauí;1216,1159606;5562;83;756,1;N
2201739;220173;Betânia do Piauí;Piauí;579,5763396;6220;20;756,1;N
2201770;220177;Boa Hora;Piauí;336,9542001;6902;1;756,1;N
2201804;220180;Bocaina;Piauí;261,6512240;4078;4;756,1;N
2201903;220190;Bom Jesus;Piauí;5471,0234086;28796;24;756,1;N
2201919;220191;Bom Princípio do Piauí;Piauí;523,1417105;5636;14;756,1;N
2201929;220192;Bonfim do Piauí;Piauí;289,1486172;5913;219;756,1;N
2201945;220194;Boqueirão do Piauí;Piauí;269,7856263;6545;4;756,1;N
2201960;220196;Brasileira;Piauí;880,8360925;8436;4;756,1;N
2201988;220198;Brejo do Piauí;Piauí;2267,3263415;3904;17;756,1;N
2202000;220200;Buriti dos Lopes;Piauí;690,5398580;19654;26;756,1;N
2202026;220202;Buriti dos Montes;Piauí;2437,3260944;7434;54;756,1;N
2202059;220205;Cabeceiras do Piauí;Piauí;608,7469540;10212;3;756,1;N
2202075;220207;Cajazeiras do Piauí;Piauí;514,1059664;3108;1;756,1;N
2202083;220208;Cajueiro da Praia;Piauí;271,1648218;7957;3;756,1;N
2202091;220209;Caldeirão Grande do Piauí;Piauí;467,0823349;5503;0;756,1;N
2202109;220210;Campinas do Piauí;Piauí;783,8428345;4938;122;756,1;N
2202117;220211;Campo Alegre do Fidalgo;Piauí;657,7958707;4616;57;756,1;N
2202133;220213;Campo Grande do Piauí;Piauí;311,6824198;6020;5;756,1;N
2202174;220217;Campo Largo do Piauí;Piauí;478,0779546;7419;3;756,1;N
2202208;220220;Campo Maior;Piauí;1680,8614135;45793;25;118,6;S
2202251;220225;Canavieira;Piauí;2165,2774256;3414;1;756,1;N
2202307;220230;Canto do Buriti;Piauí;4325,6428550;19365;172;351,2;S
2202406;220240;Capitão de Campos;Piauí;571,6580431;11100;108;756,1;N
2202455;220245;Capitão Gervásio Oliveira;Piauí;1132,9950499;3974;52;756,1;N
2202505;220250;Caracol;Piauí;1610,9587840;10318;35;426,6;S
2202539;220253;Caraúbas do Piauí;Piauí;471,2164384;5630;5;756,1;N
2202554;220255;Caridade do Piauí;Piauí;498,7934458;5033;0;756,1;N
2202604;220260;Castelo do Piauí;Piauí;2378,8470648;19288;113;575,8;S
2202653;220265;Caxingó;Piauí;491,0929109;5496;2;756,1;N
2202703;220270;Cocal;Piauí;1294,1324846;28212;32;756,1;N
2202711;220271;Cocal de Telha;Piauí;310,2907046;4911;5;756,1;N
2202729;220272;Cocal dos Alves;Piauí;324,8557978;6386;14;756,1;N
2202737;220273;Coivaras;Piauí;484,4600185;4117;10;756,1;N
2202752;220275;Colônia do Gurguéia;Piauí;429,5911019;6150;4;756,1;N
2202778;220277;Colônia do Piauí;Piauí;950,1928591;6994;5;756,1;N
2202802;220280;Conceição do Canindé;Piauí;824,7291668;4932;19;756,1;N
2202851;220285;Coronel José Dias;Piauí;1926,1028299;4250;43;756,1;N
2202901;220290;Corrente;Piauí;3048,7467629;27278;1;1050,6;S
2203008;220300;Cristalândia do Piauí;Piauí;1202,8959820;7356;0;756,1;N
2203107;220310;Cristino Castro;Piauí;1845,6974184;10503;6;756,1;N
2203206;220320;Curimatá;Piauí;2344,9487292;11270;15;756,1;N
2203230;220323;Currais;Piauí;3156,6566949;4854;13;756,1;N
2203255;220325;Curralinhos;Piauí;345,8108638;4413;33;756,1;N
2203271;220327;Curral Novo do Piauí;Piauí;755,2510820;5073;4;756,1;N
2203305;220330;Demerval Lobão;Piauí;216,8068222;16352;20;756,1;N
2203354;220335;Dirceu Arcoverde;Piauí;1005,5712352;7054;101;756,1;N
2203404;220340;Dom Expedito Lopes;Piauí;218,8078994;6320;5;756,1;N
2203420;220342;Domingos Mourão;Piauí;848,7052026;4075;0;756,1;N
2203453;220345;Dom Inocêncio;Piauí;3871,8235830;9159;48;756,1;N
2203503;220350;Elesbão Veloso;Piauí;1383,9755222;13607;9;756,1;N
2203602;220360;Eliseu Martins;Piauí;1097,7904332;4377;17;756,1;N
2203701;220370;Esperantina;Piauí;908,7475511;40970;88;756,1;N
2203750;220375;Fartura do Piauí;Piauí;713,0463249;5284;100;756,1;N
2203800;220380;Flores do Piauí;Piauí;946,7188179;4414;51;756,1;N
2203859;220385;Floresta do Piauí;Piauí;223,1991454;2333;74;756,1;N
2203909;220390;Floriano;Piauí;3407,9786496;62036;184;779,2;S
2204006;220400;Francinópolis;Piauí;268,7041058;4505;4;756,1;N
2204105;220410;Francisco Ayres;Piauí;656,4752435;4412;0;756,1;N
2204154;220415;Francisco Macedo;Piauí;179,2448986;2929;0;756,1;N
2204204;220420;Francisco Santos;Piauí;492,1909438;8237;9;756,1;N
2204303;220430;Fronteiras;Piauí;777,1791402;10259;3;756,1;N
2204352;220435;Geminiano;Piauí;440,6060719;5445;18;756,1;N
2204402;220440;Gilbués;Piauí;3495,6922100;10892;14;859,2;S
2204501;220450;Guadalupe;Piauí;1026,5385152;10270;248;756,1;N
2204550;220455;Guaribas;Piauí;3118,2310600;4276;60;756,1;N
2204600;220460;Hugo Napoleão;Piauí;224,5729744;3518;13;756,1;N
2204659;220465;Ilha Grande;Piauí;129,6957408;9274;20;756,1;N
2204709;220470;Inhuma;Piauí;978,2216401;14958;2;756,1;N
2204808;220480;Ipiranga do Piauí;Piauí;529,4167769;9420;5;756,1;N
2204907;220490;Isaías Coelho;Piauí;800,6876204;7774;42;756,1;N
2205003;220500;Itainópolis;Piauí;827,6203914;10790;6;756,1;N
2205102;220510;Itaueira;Piauí;2554,1792695;10323;135;756,1;N
2205151;220515;Jacobina do Piauí;Piauí;1333,7961377;5613;4;756,1;N
2205201;220520;Jaicós;Piauí;866,7881654;17527;12;756,1;N
2205250;220525;Jardim do Mulato;Piauí;510,2259409;4180;16;756,1;N
2205276;220527;Jatobá do Piauí;Piauí;650,3927852;4494;2;756,1;N
2205300;220530;Jerumenha;Piauí;1865,9396071;4497;53;756,1;N
2205359;220535;João Costa;Piauí;1800,2302770;2970;49;756,1;N
2205409;220540;Joaquim Pires;Piauí;740,5610421;13886;41;756,1;N
2205458;220545;Joca Marques;Piauí;169,0053669;5394;1;756,1;N
2205508;220550;José de Freitas;Piauí;1538,1720684;42559;61;756,1;N
2205516;220551;Juazeiro do Piauí;Piauí;935,4039851;5214;6;756,1;N
2205524;220552;Júlio Borges;Piauí;1283,9161033;5388;1;756,1;N
2205532;220553;Jurema;Piauí;1271,8809421;4425;142;756,1;N
2205540;220554;Lagoinha do Piauí;Piauí;67,6489662;2939;4;756,1;N
2205557;220555;Lagoa Alegre;Piauí;394,2051832;8256;16;756,1;N
2205565;220556;Lagoa do Barro do Piauí;Piauí;1331,0253285;4995;43;756,1;N
2205573;220557;Lagoa de São Francisco;Piauí;155,8601055;6331;26;756,1;N
2205581;220558;Lagoa do Piauí;Piauí;427,8407120;4810;8;756,1;N
2205599;220559;Lagoa do Sítio;Piauí;805,0178070;4520;5;756,1;N
2205607;220560;Landri Sales;Piauí;1088,5830943;5213;24;756,1;N
2205706;220570;Luís Correia;Piauí;1074,1316104;30641;79;756,1;N
2205805;220580;Luzilândia;Piauí;705,5993262;25375;6;756,1;N
2205854;220585;Madeiro;Piauí;178,8424631;8032;3;756,1;N
2205904;220590;Manoel Emídio;Piauí;1620,4133932;5209;2;756,1;N
2205953;220595;Marcolândia;Piauí;136,7860931;8533;2;756,1;N
2206001;220600;Marcos Parente;Piauí;677,4156334;4724;26;756,1;N
2206050;220605;Massapê do Piauí;Piauí;530,1690517;5218;4;756,1;N
2206100;220610;Matias Olímpio;Piauí;226,7847085;10641;31;756,1;N
2206209;220620;Miguel Alves;Piauí;1392,1228946;32150;16;756,1;N
2206308;220630;Miguel Leão;Piauí;93,4119257;1318;18;756,1;N
2206357;220635;Milton Brandão;Piauí;1309,1278421;6542;36;756,1;N
2206407;220640;Monsenhor Gil;Piauí;567,8591570;10255;51;756,1;N
2206506;220650;Monsenhor Hipólito;Piauí;401,5675574;7577;1;756,1;N
2206605;220660;Monte Alegre do Piauí;Piauí;2417,3820478;10660;3;756,1;N
2206654;220665;Morro Cabeça no Tempo;Piauí;2207,6579970;4377;9;756,1;N
2206670;220667;Morro do Chapéu do Piauí;Piauí;328,4081962;6425;3;756,1;N
2206696;220669;Murici dos Portelas;Piauí;475,7198425;9797;7;756,1;N
2206704;220670;Nazaré do Piauí;Piauí;1315,8407091;6665;1;756,1;N
2206720;220672;Nazária;Piauí;362,3759228;10262;137;756,1;N
2206753;220675;Nossa Senhora de Nazaré;Piauí;356,8720783;5228;5;756,1;N
2206803;220680;Nossa Senhora dos Remédios;Piauí;357,8959058;8525;56;756,1;N
2206902;220690;Novo Oriente do Piauí;Piauí;525,9055887;6097;27;756,1;N
2206951;220695;Novo Santo Antônio;Piauí;443,8722432;2827;86;756,1;N
2207009;220700;Oeiras;Piauí;2703,1377490;38161;34;1189,4;S
2207108;220710;Olho D'Água do Piauí;Piauí;183,6033144;2637;3;756,1;N
2207207;220720;Padre Marcos;Piauí;278,6957817;6382;0;756,1;N
2207306;220730;Paes Landim;Piauí;401,3784029;4088;34;756,1;N
2207355;220735;Pajeú do Piauí;Piauí;986,9612262;3000;61;756,1;N
2207405;220740;Palmeira do Piauí;Piauí;2024,0205422;4952;6;756,1;N
2207504;220750;Palmeirais;Piauí;1493,7642500;13264;7;756,1;N
2207553;220755;Paquetá;Piauí;432,5720226;3813;9;756,1;N
2207603;220760;Parnaguá;Piauí;3428,8107209;10103;5;756,1;N
2207702;220770;Parnaíba;Piauí;436,9066712;162159;741;1129,2;S
2207751;220775;Passagem Franca do Piauí;Piauí;643,2263759;4135;1;756,1;N
2207777;220777;Patos do Piauí;Piauí;801,4032157;5425;0;756,1;N
2207793;220779;Pau D'Arco do Piauí;Piauí;430,0230875;3880;3;756,1;N
2207801;220780;Paulistana;Piauí;1941,1112895;21055;14;782,4;S
2207850;220785;Pavussu;Piauí;1090,6967569;3628;0;756,1;N
2207900;220790;Pedro II;Piauí;1544,4126148;37894;11;756,1;N
2207934;220793;Pedro Laurentino;Piauí;870,6132053;2458;3;756,1;N
2207959;220795;Nova Santa Rita;Piauí;909,7342458;4076;58;756,1;N
2208007;220800;Picos;Piauí;577,2837471;83090;215;0,0;S
2208106;220810;Pimenteiras;Piauí;4562,5800876;11341;41;756,1;N
2208205;220820;Pio IX;Piauí;1948,1417733;17613;292;756,1;N
2208304;220830;Piracuruca;Piauí;2368,9356716;28846;147;756,1;N
2208403;220840;Piripiri;Piauí;1407,1915083;65538;105;1822,2;S
2208502;220850;Porto;Piauí;253,1130106;12052;69;756,1;N
2208551;220855;Porto Alegre do Piauí;Piauí;1168,0434940;2364;11;756,1;N
2208601;220860;Prata do Piauí;Piauí;196,7865752;3042;0;756,1;N
2208650;220865;Queimada Nova;Piauí;1283,3692168;8738;7;756,1;N
2208700;220870;Redenção do Gurguéia;Piauí;2470,5314280;8394;15;756,1;N
2208809;220880;Regeneração;Piauí;1251,3210005;17133;86;756,1;N
2208858;220885;Riacho Frio;Piauí;2220,5983890;4165;0;756,1;N
2208874;220887;Ribeira do Piauí;Piauí;1012,4794934;4055;2;756,1;N
2208908;220890;Ribeiro Gonçalves;Piauí;3987,1470057;6164;11;756,1;N
2209005;220900;Rio Grande do Piauí;Piauí;635,9526395;5801;19;756,1;N
2209104;220910;Santa Cruz do Piauí;Piauí;582,6581488;5831;3;756,1;N
2209153;220915;Santa Cruz dos Milagres;Piauí;978,5464712;3435;1;756,1;N
2209203;220920;Santa Filomena;Piauí;5293,6926229;6087;2;756,1;N
2209302;220930;Santa Luz;Piauí;1185,3983757;5336;27;756,1;N
2209351;220935;Santana do Piauí;Piauí;112,1890851;4125;1;756,1;N
2209377;220937;Santa Rosa do Piauí;Piauí;338,3362159;4650;28;756,1;N
2209401;220940;Santo Antônio de Lisboa;Piauí;385,2856704;5839;48;756,1;N
2209450;220945;Santo Antônio dos Milagres;Piauí;33,6403227;2138;2;756,1;N
2209500;220950;Santo Inácio do Piauí;Piauí;852,1060540;3646;12;756,1;N
2209559;220955;São Braz do Piauí;Piauí;656,0423990;4358;135;756,1;N
2209609;220960;São Félix do Piauí;Piauí;627,0333549;2842;14;756,1;N
2209658;220965;São Francisco de Assis do Piauí;Piauí;1072,3113071;5572;7;756,1;N
2209708;220970;São Francisco do Piauí;Piauí;1341,4506638;5392;1;756,1;N
2209757;220975;São Gonçalo do Gurguéia;Piauí;1385,2545874;2947;4;756,1;N
2209807;220980;São Gonçalo do Piauí;Piauí;150,4950281;4837;10;756,1;N
2209856;220985;São João da Canabrava;Piauí;480,5370713;4242;3;756,1;N
2209872;220987;São João da Fronteira;Piauí;817,1105189;5522;10;756,1;N
2209906;220990;São João da Serra;Piauí;994,2236978;6114;28;756,1;N
2209955;220995;São João da Varjota;Piauí;394,4558144;4383;14;756,1;N
2209971;220997;São João do Arraial;Piauí;213,3765580;8186;78;756,1;N
2210003;221000;São João do Piauí;Piauí;1527,4968387;21421;111;1130,2;S
2210052;221005;São José do Divino;Piauí;319,3672281;4841;102;756,1;N
2210102;221010;São José do Peixe;Piauí;1287,1736567;3297;2;756,1;N
2210201;221020;São José do Piauí;Piauí;373,3473922;6597;2;756,1;N
2210300;221030;São Julião;Piauí;291,0892313;6025;7;756,1;N
2210359;221035;São Lourenço do Piauí;Piauí;673,8216170;4410;86;756,1;N
2210375;221037;São Luis do Piauí;Piauí;217,9241571;2309;1;756,1;N
2210383;221038;São Miguel da Baixa Grande;Piauí;444,5282932;2269;24;756,1;N
2210391;221039;São Miguel do Fidalgo;Piauí;813,4438724;2829;2;756,1;N
2210409;221040;São Miguel do Tapuio;Piauí;4988,9730675;17554;87;756,1;N
2210508;221050;São Pedro do Piauí;Piauí;518,2878542;13755;236;756,1;N
2210607;221060;São Raimundo Nonato;Piauí;2415,2875518;38934;874;0,0;S
2210623;221062;Sebastião Barros;Piauí;893,4884296;3202;0;756,1;N
2210631;221063;Sebastião Leal;Piauí;3148,8573097;4446;74;756,1;N
2210656;221065;Sigefredo Pacheco;Piauí;1031,1009542;9460;8;756,1;N
2210706;221070;Simões;Piauí;1076,0549991;14350;8;756,1;N
2210805;221080;Simplício Mendes;Piauí;1360,0279118;13870;523;756,1;N
2210904;221090;Socorro do Piauí;Piauí;761,8538594;4141;17;756,1;N
2210938;221093;Sussuapara;Piauí;205,1941788;6220;12;756,1;N
2210953;221095;Tamboril do Piauí;Piauí;1587,2959646;2949;12;756,1;N
2210979;221097;Tanque do Piauí;Piauí;398,0069024;2316;32;756,1;N
2211001;221100;Teresina;Piauí;1391,2926880;866300;8358;1305,8;S
2211100;221110;União;Piauí;1170,7420962;46119;114;756,1;N
2211209;221120;Uruçuí;Piauí;8413,0163888;25203;181;1032,2;S
2211308;221130;Valença do Piauí;Piauí;1333,7224331;22279;23;1298,8;S
2211357;221135;Várzea Branca;Piauí;450,4292905;5055;111;756,1;N
2211407;221140;Várzea Grande;Piauí;236,4527137;4417;44;756,1;N
2211506;221150;Vera Mendes;Piauí;341,9741524;3185;85;756,1;N
2211605;221160;Vila Nova do Piauí;Piauí;221,6265676;2935;15;756,1;N
2211704;221170;Wall Ferraz;Piauí;270,4267402;4059;0;756,1;N
2300101;230010;Abaiara;Ceará;180,8333446;10038;0;501,8;N
2300150;230015;Acarape;Ceará;130,0024383;14027;6;501,8;N
2300200;230020;Acaraú;Ceará;842,4703623;65264;28;1102,8;S
2300309;230030;Acopiara;Ceará;2254,2794392;44962;7;501,8;N
2300408;230040;Aiuaba;Ceará;2438,5627754;14076;5;501,8;N
2300507;230050;Alcântaras;Ceará;135,7599073;11369;83;501,8;N
2300606;230060;Altaneira;Ceará;72,6753876;6782;8;501,8;N
2300705;230070;Alto Santo;Ceará;1147,2084115;14155;29;501,8;N
2300754;230075;Amontada;Ceará;1175,0442097;42156;20;501,8;N
2300804;230080;Antonina do Norte;Ceará;259,7058585;7245;1;501,8;N
2300903;230090;Apuiarés;Ceará;543,9804460;12928;0;501,8;N
2301000;230100;Aquiraz;Ceará;480,2361157;80645;10;501,8;N
2301109;230110;Aracati;Ceará;1227,1973164;75113;603;501,8;N
2301208;230120;Aracoiaba;Ceará;643,9875961;25553;3;501,8;N
2301257;230125;Ararendá;Ceará;342,3014358;11096;13;501,8;N
2301307;230130;Araripe;Ceará;1097,3395768;19783;3;501,8;N
2301406;230140;Aratuba;Ceará;119,7580356;11224;12;501,8;N
2301505;230150;Arneiroz;Ceará;1068,4374930;7429;1;501,8;N
2301604;230160;Assaré;Ceará;1155,1238810;21697;21;501,8;N
2301703;230170;Aurora;Ceará;885,8702360;23714;2;501,8;N
2301802;230180;Baixio;Ceará;145,5561211;5704;82;501,8;N
2301851;230185;Banabuiú;Ceará;1080,9859447;17195;14;501,8;N
2301901;230190;Barbalha;Ceará;608,1582407;75033;25;0,0;S
2301950;230195;Barreira;Ceará;260,0028413;22392;3;501,8;N
2302008;230200;Barro;Ceará;711,3463880;19381;13;501,8;N
2302057;230205;Barroquinha;Ceará;385,5835410;14567;4;501,8;N
2302107;230210;Baturité;Ceará;314,0748937;35218;29;501,8;N
2302206;230220;Beberibe;Ceará;1596,7513276;53114;154;501,8;N
2302305;230230;Bela Cruz;Ceará;842,1064168;32775;10;501,8;N
2302404;230240;Boa Viagem;Ceará;2835,0372253;50411;39;501,8;N
2302503;230250;Brejo Santo;Ceará;654,6580217;51090;101;501,8;N
2302602;230260;Camocim;Ceará;1120,4492617;62326;2;501,8;N
2302701;230270;Campos Sales;Ceará;1082,5816527;25135;16;0,0;S
2302800;230280;Canindé;Ceará;3032,3904093;74174;6;501,8;N
2302909;230290;Capistrano;Ceará;226,5486822;17254;12;501,8;N
2303006;230300;Caridade;Ceará;926,2714704;16377;1;501,8;N
2303105;230310;Cariré;Ceará;755,5972484;17632;1;501,8;N
2303204;230320;Caririaçu;Ceará;634,1788301;26320;33;501,8;N
2303303;230330;Cariús;Ceará;1036,4167476;17015;68;501,8;N
2303402;230340;Carnaubal;Ceará;363,2200929;17210;31;501,8;N
2303501;230350;Cascavel;Ceará;838,1146615;72720;17;501,8;N
2303600;230360;Catarina;Ceará;488,1525644;10243;5;501,8;N
2303659;230365;Catunda;Ceará;784,0217041;10444;110;501,8;N
2303709;230370;Caucaia;Ceará;1223,2457767;355679;241;501,8;N
2303808;230380;Cedro;Ceará;729,9703389;22344;344;501,8;N
2303907;230390;Chaval;Ceará;237,2476004;12462;8;501,8;N
2303931;230393;Choró;Ceará;815,2675297;12113;7;501,8;N
2303956;230395;Chorozinho;Ceará;296,4307122;20163;5;501,8;N
2304004;230400;Coreaú;Ceará;750,3326292;20953;32;501,8;N
2304103;230410;Crateús;Ceará;2981,4593752;76390;59;628,0;S
2304202;230420;Crato;Ceará;1138,1498172;131050;318;501,8;N
2304236;230423;Croatá;Ceará;696,3484531;17481;213;501,8;N
2304251;230425;Cruz;Ceará;335,9210019;29761;30;501,8;N
2304269;230426;Deputado Irapuan Pinheiro;Ceará;471,1336286;8932;4;501,8;N
2304277;230427;Ereré;Ceará;362,9058584;6474;10;501,8;N
2304285;230428;Eusébio;Ceará;78,8180279;74170;29;501,8;N
2304301;230430;Farias Brito;Ceará;530,5403968;18217;306;501,8;N
2304350;230435;Forquilha;Ceará;568,7775609;24173;21;501,8;N
2304400;230440;Fortaleza;Ceará;312,3527831;2428708;1871;1091,2;S
2304459;230445;Fortim;Ceará;285,0236561;17294;33;501,8;N
2304509;230450;Frecheirinha;Ceará;210,2838935;15657;17;501,8;N
2304608;230460;General Sampaio;Ceará;230,3705760;6734;0;501,8;N
2304657;230465;Graça;Ceará;258,9427246;13801;10;501,8;N
2304707;230470;Granja;Ceará;2663,1761259;53344;10;501,8;N
2304806;230480;Granjeiro;Ceará;111,5276837;4841;64;501,8;N
2304905;230490;Groaíras;Ceará;155,6807531;10910;15;501,8;N
2304954;230495;Guaiúba;Ceará;256,0526673;24325;2;501,8;N
2305001;230500;Guaraciaba do Norte;Ceará;624,6056634;42053;410;501,8;N
2305100;230510;Guaramiranga;Ceará;90,8165700;5654;19;42,6;S
2305209;230520;Hidrolândia;Ceará;926,5921335;17855;241;501,8;N
2305233;230523;Horizonte;Ceará;160,5568008;74755;275;501,8;N
2305266;230526;Ibaretama;Ceará;879,2546857;11956;4;501,8;N
2305308;230530;Ibiapina;Ceará;414,0924052;23965;7;501,8;N
2305332;230533;Ibicuitinga;Ceará;423,8562788;11611;6;501,8;N
2305357;230535;Icapuí;Ceará;421,4403056;21433;314;501,8;N
2305407;230540;Icó;Ceará;1865,8621717;62642;154;501,8;N
2305506;230550;Iguatu;Ceará;992,2075806;98064;158;944,8;S
2305605;230560;Independência;Ceará;3222,3805672;24024;20;501,8;N
2305654;230565;Ipaporanga;Ceará;704,7731529;11575;5;501,8;N
2305704;230570;Ipaumirim;Ceará;276,5080152;12083;75;501,8;N
2305803;230580;Ipu;Ceará;626,0491525;41081;20;501,8;N
2305902;230590;Ipueiras;Ceará;1483,2585192;36798;132;501,8;N
2306009;230600;Iracema;Ceará;839,1739725;14001;4;501,8;N
2306108;230610;Irauçuba;Ceará;1466,4122242;23915;0;501,8;N
2306207;230620;Itaiçaba;Ceará;213,6034484;7536;50;501,8;N
2306256;230625;Itaitinga;Ceará;153,6859229;64650;23;501,8;N
2306306;230630;Itapajé;Ceará;432,1877327;46426;3;501,8;N
2306405;230640;Itapipoca;Ceará;1600,3584281;131123;111;0,0;S
2306504;230650;Itapiúna;Ceará;593,2309408;17841;7;501,8;N
2306553;230655;Itarema;Ceará;714,8329754;42957;5;501,8;N
2306603;230660;Itatira;Ceará;829,6257561;20424;2;501,8;N
2306702;230670;Jaguaretama;Ceará;1826,8256939;17232;380;501,8;N
2306801;230680;Jaguaribara;Ceará;622,9630427;10356;536;501,8;N
2306900;230690;Jaguaribe;Ceará;1877,0624976;33726;282;0,0;S
2307007;230700;Jaguaruana;Ceará;854,3624347;31701;68;3,0;S
2307106;230710;Jardim;Ceará;544,9798415;27411;274;501,8;N
2307205;230720;Jati;Ceará;368,3594818;7861;43;501,8;N
2307254;230725;Jijoca de Jericoacoara;Ceará;209,0290314;25555;20;501,8;N
2307304;230730;Juazeiro do Norte;Ceará;258,7880589;286120;479;501,8;N
2307403;230740;Jucás;Ceará;940,3358682;23922;25;501,8;N
2307502;230750;Lavras da Mangabeira;Ceará;945,2626618;30802;9;501,8;N
2307601;230760;Limoeiro do Norte;Ceará;744,5248362;59560;339;501,8;N
2307635;230763;Madalena;Ceará;997,7808045;16896;2;501,8;N
2307650;230765;Maracanaú;Ceará;105,0841444;234509;125;501,8;N
2307700;230770;Maranguape;Ceará;583,5053776;105093;33;501,8;N
2307809;230780;Marco;Ceará;573,6099634;25799;70;501,8;N
2307908;230790;Martinópole;Ceará;303,4453992;10846;2;501,8;N
2308005;230800;Massapê;Ceará;567,7802626;37697;22;501,8;N
2308104;230810;Mauriti;Ceará;1079,0106128;45561;16;501,8;N
2308203;230820;Meruoca;Ceará;151,6509021;15157;7;501,8;N
2308302;230830;Milagres;Ceará;579,0965513;25900;33;501,8;N
2308351;230835;Milhã;Ceará;502,1374189;14123;12;501,8;N
2308377;230837;Miraíma;Ceará;708,6783486;14196;4;501,8;N
2308401;230840;Missão Velha;Ceará;613,3170259;36822;20;501,8;N
2308500;230850;Mombaça;Ceará;2115,7477593;37735;3;501,8;N
2308609;230860;Monsenhor Tabosa;Ceará;892,5381584;17149;0;501,8;N
2308708;230870;Morada Nova;Ceará;2763,9706099;61443;66;1093,4;S
2308807;230880;Moraújo;Ceará;414,4457781;8254;9;501,8;N
2308906;230890;Morrinhos;Ceará;411,5861638;22753;3;501,8;N
2309003;230900;Mucambo;Ceará;192,1898819;13666;135;501,8;N
2309102;230910;Mulungu;Ceará;97,9505557;10569;35;501,8;N
2309201;230920;Nova Olinda;Ceará;282,5843014;15399;6;501,8;N
2309300;230930;Nova Russas;Ceará;736,9110653;30699;25;501,8;N
2309409;230940;Novo Oriente;Ceará;947,4403306;27545;34;501,8;N
2309458;230945;Ocara;Ceará;763,0754505;24493;10;501,8;N
2309508;230950;Orós;Ceará;577,5263031;19675;4;501,8;N
2309607;230960;Pacajus;Ceará;250,3039386;70983;39;501,8;N
2309706;230970;Pacatuba;Ceará;133,2232770;81524;10;501,8;N
2309805;230980;Pacoti;Ceará;112,4334109;11186;6;501,8;N
2309904;230990;Pacujá;Ceará;88,3552077;6175;72;501,8;N
2310001;231000;Palhano;Ceará;436,9800292;9346;110;501,8;N
2310100;231010;Palmácia;Ceará;128,8959914;10242;4;501,8;N
2310209;231020;Paracuru;Ceará;304,7344068;38980;5;501,8;N
2310258;231025;Paraipaba;Ceará;289,2308180;32216;16;501,8;N
2310308;231030;Parambu;Ceará;2313,8683131;31445;2;501,8;N
2310407;231040;Paramoti;Ceará;539,2380609;10384;1;501,8;N
2310506;231050;Pedra Branca;Ceará;1302,0811177;40187;14;501,8;N
2310605;231060;Penaforte;Ceará;150,5355438;8972;31;501,8;N
2310704;231070;Pentecoste;Ceará;1379,8360018;37813;5;501,8;N
2310803;231080;Pereiro;Ceará;435,8684138;15274;320;501,8;N
2310852;231085;Pindoretama;Ceará;74,0330016;23391;31;501,8;N
2310902;231090;Piquet Carneiro;Ceará;589,6007521;16616;9;501,8;N
2310951;231095;Pires Ferreira;Ceará;244,4641778;10606;7;501,8;N
2311009;231100;Poranga;Ceará;1310,7709203;12065;8;501,8;N
2311108;231110;Porteiras;Ceará;224,8603883;17050;125;501,8;N
2311207;231120;Potengi;Ceará;343,2643898;8833;2;501,8;N
2311231;231123;Potiretama;Ceará;409,1374439;5974;29;501,8;N
2311264;231126;Quiterianópolis;Ceará;1041,8322274;20213;7;501,8;N
2311306;231130;Quixadá;Ceará;2020,5857350;84168;32;977,2;S
2311355;231135;Quixelô;Ceará;605,3453472;15910;0;501,8;N
2311405;231140;Quixeramobim;Ceará;3324,9869630;82177;12;494,6;S
2311504;231150;Quixeré;Ceará;613,0987857;20874;40;501,8;N
2311603;231160;Redenção;Ceará;247,9888613;27214;4;501,8;N
2311702;231170;Reriutaba;Ceará;372,9486991;18606;71;501,8;N
2311801;231180;Russas;Ceará;1611,0909609;72928;130;501,8;N
2311900;231190;Saboeiro;Ceará;1381,2742875;13854;2;501,8;N
2311959;231195;Salitre;Ceará;806,2533306;16633;3;501,8;N
2312007;231200;Santana do Acaraú;Ceará;972,5734208;30628;22;501,8;N
2312106;231210;Santana do Cariri;Ceará;855,1651043;16954;30;501,8;N
2312205;231220;Santa Quitéria;Ceará;4262,2928833;40183;17;501,8;N
2312304;231230;São Benedito;Ceará;350,8467130;47640;24;501,8;N
2312403;231240;São Gonçalo do Amarante;Ceará;842,6354551;54143;5;501,8;N
2312502;231250;São João do Jaguaribe;Ceará;279,4512455;5855;11;501,8;N
2312601;231260;São Luís do Curu;Ceará;122,8648943;10822;3;501,8;N
2312700;231270;Senador Pompeu;Ceará;956,8821091;24266;11;501,8;N
2312809;231280;Senador Sá;Ceará;424,6417535;7262;4;501,8;N
2312908;231290;Sobral;Ceará;2068,4741773;203023;3654;818,2;S
2313005;231300;Solonópole;Ceará;1535,8549516;18179;8;501,8;N
2313104;231310;Tabuleiro do Norte;Ceará;1047,6373556;30652;624;501,8;N
2313203;231320;Tamboril;Ceará;2014,5433411;24815;122;501,8;N
2313252;231325;Tarrafas;Ceará;412,7185294;7529;6;501,8;N
2313302;231330;Tauá;Ceará;4010,6183678;61227;29;0,0;S
2313351;231335;Tejuçuoca;Ceará;758,7063635;17154;0;501,8;N
2313401;231340;Tianguá;Ceará;909,8525666;81506;1171;833,4;S
2313500;231350;Trairi;Ceará;928,7247154;58415;34;501,8;N
2313559;231355;Tururu;Ceará;201,2698585;15412;9;501,8;N
2313609;231360;Ubajara;Ceará;423,6733501;32767;40;501,8;N
2313708;231370;Umari;Ceará;263,1825921;6871;4;501,8;N
2313757;231375;Umirim;Ceará;315,6478210;17470;5;501,8;N
2313807;231380;Uruburetama;Ceará;99,4000255;20189;1;501,8;N
2313906;231390;Uruoca;Ceará;697,6831920;13746;25;501,8;N
2313955;231395;Varjota;Ceará;179,2389781;18105;29;501,8;N
2314003;231400;Várzea Alegre;Ceará;829,9762111;38984;426;501,8;N
2314102;231410;Viçosa do Ceará;Ceará;1310,9100740;59712;160;501,8;N
2400109;240010;Acari;Rio Grande do Norte;608,4660515;10597;8;297,9;N
2400208;240020;Açu;Rio Grande do Norte;1303,4416751;56496;15;297,9;N
2400307;240030;Afonso Bezerra;Rio Grande do Norte;576,1790413;10839;12;297,9;N
2400406;240040;Água Nova;Rio Grande do Norte;50,6838928;2946;3;297,9;N
2400505;240050;Alexandria;Rio Grande do Norte;381,2049921;13640;18;297,9;N
2400604;240060;Almino Afonso;Rio Grande do Norte;128,0376759;4687;21;297,9;N
2400703;240070;Alto do Rodrigues;Rio Grande do Norte;191,3337473;12484;162;297,9;N
2400802;240080;Angicos;Rio Grande do Norte;741,5817031;11632;2;297,9;N
2400901;240090;Antônio Martins;Rio Grande do Norte;244,8969293;6577;29;297,9;N
2401008;240100;Apodi;Rio Grande do Norte;1602,4765805;36093;60;52,8;S
2401107;240110;Areia Branca;Rio Grande do Norte;342,7491369;24093;114;297,9;N
2401206;240120;Arês;Rio Grande do Norte;115,4068587;13251;7;297,9;N
2401305;240130;Campo Grande;Rio Grande do Norte;890,8901122;9730;0;297,9;N
2401404;240140;Baía Formosa;Rio Grande do Norte;247,4839836;8825;60;297,9;N
2401453;240145;Baraúna;Rio Grande do Norte;825,6806400;26913;16;297,9;N
2401503;240150;Barcelona;Rio Grande do Norte;152,6258974;3986;3;297,9;N
2401602;240160;Bento Fernandes;Rio Grande do Norte;301,0687993;4807;4;297,9;N
2401651;240165;Bodó;Rio Grande do Norte;253,5186219;2306;0;297,9;N
2401701;240170;Bom Jesus;Rio Grande do Norte;122,0348304;9952;1;297,9;N
2401800;240180;Brejinho;Rio Grande do Norte;61,5588015;12202;15;297,9;N
2401859;240185;Caiçara do Norte;Rio Grande do Norte;225,6327203;6293;9;297,9;N
2401909;240190;Caiçara do Rio do Vento;Rio Grande do Norte;261,1938797;3268;6;297,9;N
2402006;240200;Caicó;Rio Grande do Norte;1228,5834895;61146;173;549,4;S
2402105;240210;Campo Redondo;Rio Grande do Norte;213,7265242;10215;5;297,9;N
2402204;240220;Canguaretama;Rio Grande do Norte;245,4854435;29668;4;297,9;N
2402303;240230;Caraúbas;Rio Grande do Norte;1095,8025590;19727;29;297,9;N
2402402;240240;Carnaúba dos Dantas;Rio Grande do Norte;246,3079925;7992;6;297,9;N
2402501;240250;Carnaubais;Rio Grande do Norte;517,7365545;9714;2;297,9;N
2402600;240260;Ceará-Mirim;Rio Grande do Norte;724,8376872;79115;81;297,9;N
2402709;240270;Cerro Corá;Rio Grande do Norte;393,5729859;11000;1;297,9;N
2402808;240280;Coronel Ezequiel;Rio Grande do Norte;185,7480615;5117;4;297,9;N
2402907;240290;Coronel João Pessoa;Rio Grande do Norte;117,1390814;4237;7;297,9;N
2403004;240300;Cruzeta;Rio Grande do Norte;295,8304416;8005;16;297,9;N
2403103;240310;Currais Novos;Rio Grande do Norte;864,3489606;41313;8;297,9;N
2403202;240320;Doutor Severiano;Rio Grande do Norte;113,7369092;7044;14;297,9;N
2403251;240325;Parnamirim;Rio Grande do Norte;124,0059226;252716;557;297,9;N
2403301;240330;Encanto;Rio Grande do Norte;125,7488328;6016;4;297,9;N
2403400;240340;Equador;Rio Grande do Norte;264,9853849;5360;1;297,9;N
2403509;240350;Espírito Santo;Rio Grande do Norte;135,8374758;10620;3;297,9;N
2403608;240360;Extremoz;Rio Grande do Norte;140,6391000;61635;34;297,9;N
2403707;240370;Felipe Guerra;Rio Grande do Norte;268,5912740;5944;14;297,9;N
2403756;240375;Fernando Pedroza;Rio Grande do Norte;322,6278585;2938;5;297,9;N
2403806;240380;Florânia;Rio Grande do Norte;507,8923950;10196;0;297,9;N
2403905;240390;Francisco Dantas;Rio Grande do Norte;181,5583072;2700;1;297,9;N
2404002;240400;Frutuoso Gomes;Rio Grande do Norte;63,2792782;4122;17;297,9;N
2404101;240410;Galinhos;Rio Grande do Norte;340,7691443;2104;1;297,9;N
2404200;240420;Goianinha;Rio Grande do Norte;192,2794028;26741;8;297,9;N
2404309;240430;Governador Dix-Sept Rosado;Rio Grande do Norte;1129,5502685;11938;7;297,9;N
2404408;240440;Grossos;Rio Grande do Norte;124,5377913;9924;21;297,9;N
2404507;240450;Guamaré;Rio Grande do Norte;258,3073080;15295;474;297,9;N
2404606;240460;Ielmo Marinho;Rio Grande do Norte;312,0284243;11615;1;297,9;N
2404705;240470;Ipanguaçu;Rio Grande do Norte;374,2453416;14131;49;695,8;S
2404804;240480;Ipueira;Rio Grande do Norte;127,3476123;2035;0;297,9;N
2404853;240485;Itajá;Rio Grande do Norte;203,6240717;7292;2;297,9;N
2404903;240490;Itaú;Rio Grande do Norte;133,0308323;5320;18;297,9;N
2405009;240500;Jaçanã;Rio Grande do Norte;54,5609003;7834;0;297,9;N
2405108;240510;Jandaíra;Rio Grande do Norte;442,7541054;6562;4;297,9;N
2405207;240520;Janduís;Rio Grande do Norte;303,4482115;4746;0;297,9;N
2405306;240530;Januário Cicco;Rio Grande do Norte;170,7367446;9051;3;297,9;N
2405405;240540;Japi;Rio Grande do Norte;188,9901368;5117;27;297,9;N
2405504;240550;Jardim de Angicos;Rio Grande do Norte;254,0124124;2437;0;297,9;N
2405603;240560;Jardim de Piranhas;Rio Grande do Norte;330,5304593;13977;18;297,9;N
2405702;240570;Jardim do Seridó;Rio Grande do Norte;367,6447080;11655;5;297,9;N
2405801;240580;João Câmara;Rio Grande do Norte;714,9705524;33290;9;297,9;N
2405900;240590;João Dias;Rio Grande do Norte;88,1727597;2076;0;297,9;N
2406007;240600;José da Penha;Rio Grande do Norte;117,6346337;5803;2;297,9;N
2406106;240610;Jucurutu;Rio Grande do Norte;933,7300873;17793;290;297,9;N
2406155;240615;Jundiá;Rio Grande do Norte;44,6409531;3739;2;297,9;N
2406205;240620;Lagoa d'Anta;Rio Grande do Norte;105,6520621;6654;0;297,9;N
2406304;240630;Lagoa de Pedras;Rio Grande do Norte;117,9714206;7338;1;297,9;N
2406403;240640;Lagoa de Velhos;Rio Grande do Norte;111,6068126;2567;7;297,9;N
2406502;240650;Lagoa Nova;Rio Grande do Norte;176,3016107;15573;3;297,9;N
2406601;240660;Lagoa Salgada;Rio Grande do Norte;79,1276020;8319;3;297,9;N
2406700;240670;Lajes;Rio Grande do Norte;676,6255130;9866;3;297,9;N
2406809;240680;Lajes Pintadas;Rio Grande do Norte;130,2111795;4787;5;297,9;N
2406908;240690;Lucrécia;Rio Grande do Norte;30,9309649;3490;34;297,9;N
2407005;240700;Luís Gomes;Rio Grande do Norte;166,6378487;9070;11;297,9;N
2407104;240710;Macaíba;Rio Grande do Norte;510,0918527;82249;160;297,9;N
2407203;240720;Macau;Rio Grande do Norte;775,3021841;27369;26;0,0;S
2407252;240725;Major Sales;Rio Grande do Norte;31,9709428;3924;9;297,9;N
2407302;240730;Marcelino Vieira;Rio Grande do Norte;345,7109810;7896;4;297,9;N
2407401;240740;Martins;Rio Grande do Norte;169,4637750;8179;97;297,9;N
2407500;240750;Maxaranguape;Rio Grande do Norte;132,1289308;10255;5;297,9;N
2407609;240760;Messias Targino;Rio Grande do Norte;142,6076882;4274;20;297,9;N
2407708;240770;Montanhas;Rio Grande do Norte;82,2136583;11444;14;297,9;N
2407807;240780;Monte Alegre;Rio Grande do Norte;211,2591714;23031;12;297,9;N
2407906;240790;Monte das Gameleiras;Rio Grande do Norte;71,9460968;2276;1;297,9;N
2408003;240800;Mossoró;Rio Grande do Norte;2099,3343287;264577;1978;950,2;S
2408102;240810;Natal;Rio Grande do Norte;167,4013241;751300;1426;81,4;S
2408201;240820;Nísia Floresta;Rio Grande do Norte;307,7189503;31942;42;297,9;N
2408300;240830;Nova Cruz;Rio Grande do Norte;277,6583928;34269;13;297,9;N
2408409;240840;Olho d'Água do Borges;Rio Grande do Norte;141,1702134;3905;0;297,9;N
2408508;240850;Ouro Branco;Rio Grande do Norte;253,2102776;4913;16;297,9;N
2408607;240860;Paraná;Rio Grande do Norte;81,3904636;3934;5;297,9;N
2408706;240870;Paraú;Rio Grande do Norte;383,2143935;3579;1;297,9;N
2408805;240880;Parazinho;Rio Grande do Norte;231,0065851;4801;4;297,9;N
2408904;240890;Parelhas;Rio Grande do Norte;513,5065070;21499;52;297,9;N
2408953;240895;Rio do Fogo;Rio Grande do Norte;151,0969791;10351;6;297,9;N
2409100;240910;Passa e Fica;Rio Grande do Norte;42,1365958;10896;1;297,9;N
2409209;240920;Passagem;Rio Grande do Norte;41,2148946;3115;7;297,9;N
2409308;240930;Patu;Rio Grande do Norte;319,1348335;11007;23;297,9;N
2409332;240933;Santa Maria;Rio Grande do Norte;219,5703064;4847;0;297,9;N
2409407;240940;Pau dos Ferros;Rio Grande do Norte;259,9592341;30479;34;297,9;N
2409506;240950;Pedra Grande;Rio Grande do Norte;221,1669971;3618;2;297,9;N
2409605;240960;Pedra Preta;Rio Grande do Norte;294,9848764;2441;48;297,9;N
2409704;240970;Pedro Avelino;Rio Grande do Norte;952,7551577;6242;2;297,9;N
2409803;240980;Pedro Velho;Rio Grande do Norte;192,7083825;13824;13;297,9;N
2409902;240990;Pendências;Rio Grande do Norte;419,1367959;12278;25;297,9;N
2410009;241000;Pilões;Rio Grande do Norte;82,6900567;2965;2;297,9;N
2410108;241010;Poço Branco;Rio Grande do Norte;230,4008999;12390;1;297,9;N
2410207;241020;Portalegre;Rio Grande do Norte;110,0536496;7601;1;297,9;N
2410256;241025;Porto do Mangue;Rio Grande do Norte;361,2366357;5228;31;297,9;N
2410306;241030;Serra Caiada;Rio Grande do Norte;217,5388048;10125;2;297,9;N
2410405;241040;Pureza;Rio Grande do Norte;504,2937851;9362;6;297,9;N
2410504;241050;Rafael Fernandes;Rio Grande do Norte;78,2308706;5432;10;297,9;N
2410603;241060;Rafael Godeiro;Rio Grande do Norte;100,0729478;2934;1;297,9;N
2410702;241070;Riacho da Cruz;Rio Grande do Norte;127,2229133;2701;8;297,9;N
2410801;241080;Riacho de Santana;Rio Grande do Norte;128,1057559;4127;4;297,9;N
2410900;241090;Riachuelo;Rio Grande do Norte;262,8874511;7389;0;297,9;N
2411007;241100;Rodolfo Fernandes;Rio Grande do Norte;154,8398312;4242;26;297,9;N
2411056;241105;Tibau;Rio Grande do Norte;169,3652572;5382;70;297,9;N
2411106;241110;Ruy Barbosa;Rio Grande do Norte;125,8085231;3206;1;297,9;N
2411205;241120;Santa Cruz;Rio Grande do Norte;624,3557746;37313;17;23,4;S
2411403;241140;Santana do Matos;Rio Grande do Norte;1422,2683799;12456;2;297,9;N
2411429;241142;Santana do Seridó;Rio Grande do Norte;188,4031400;2696;10;297,9;N
2411502;241150;Santo Antônio;Rio Grande do Norte;301,0815366;22177;4;297,9;N
2411601;241160;São Bento do Norte;Rio Grande do Norte;288,7614145;3304;2;297,9;N
2411700;241170;São Bento do Trairí;Rio Grande do Norte;190,8177542;3792;2;297,9;N
2411809;241180;São Fernando;Rio Grande do Norte;404,4273869;3492;5;297,9;N
2411908;241190;São Francisco do Oeste;Rio Grande do Norte;75,5877196;4161;23;297,9;N
2412005;241200;São Gonçalo do Amarante;Rio Grande do Norte;249,7995780;115838;38;297,9;N
2412104;241210;São João do Sabugi;Rio Grande do Norte;277,0114132;5956;13;297,9;N
2412203;241220;São José de Mipibu;Rio Grande do Norte;289,9874239;47286;30;297,9;N
2412302;241230;São José do Campestre;Rio Grande do Norte;341,1153909;11121;12;297,9;N
2412401;241240;São José do Seridó;Rio Grande do Norte;174,5051441;4558;17;297,9;N
2412500;241250;São Miguel;Rio Grande do Norte;166,2327274;23537;123;297,9;N
2412559;241255;São Miguel do Gostoso;Rio Grande do Norte;431,4445123;10221;3;297,9;N
2412609;241260;São Paulo do Potengi;Rio Grande do Norte;240,4252608;16786;25;297,9;N
2412708;241270;São Pedro;Rio Grande do Norte;195,2373176;5776;2;297,9;N
2412807;241280;São Rafael;Rio Grande do Norte;469,1013989;7711;7;297,9;N
2412906;241290;São Tomé;Rio Grande do Norte;862,5846840;9972;2;297,9;N
2413003;241300;São Vicente;Rio Grande do Norte;197,8171420;6310;48;297,9;N
2413102;241310;Senador Elói de Souza;Rio Grande do Norte;152,3759353;5965;2;297,9;N
2413201;241320;Senador Georgino Avelino;Rio Grande do Norte;26,1004822;4065;0;297,9;N
2413300;241330;Serra de São Bento;Rio Grande do Norte;96,6275333;5703;2;297,9;N
2413359;241335;Serra do Mel;Rio Grande do Norte;620,2409577;13091;7;297,9;N
2413409;241340;Serra Negra do Norte;Rio Grande do Norte;562,3961823;7597;207;297,9;N
2413508;241350;Serrinha;Rio Grande do Norte;193,3510167;6436;4;297,9;N
2413557;241355;Serrinha dos Pintos;Rio Grande do Norte;122,3749940;4659;222;297,9;N
2413607;241360;Severiano Melo;Rio Grande do Norte;157,8502900;5487;20;297,9;N
2413706;241370;Sítio Novo;Rio Grande do Norte;213,4562200;4654;1;297,9;N
2413805;241380;Taboleiro Grande;Rio Grande do Norte;124,0933205;2338;5;297,9;N
2413904;241390;Taipu;Rio Grande do Norte;352,8183727;11422;3;297,9;N
2414001;241400;Tangará;Rio Grande do Norte;339,4836935;13281;6;297,9;N
2414100;241410;Tenente Ananias;Rio Grande do Norte;223,6714286;10262;50;297,9;N
2414159;241415;Tenente Laurentino Cruz;Rio Grande do Norte;68,5557556;5891;2;297,9;N
2414209;241420;Tibau do Sul;Rio Grande do Norte;102,6799116;16929;6;297,9;N
2414308;241430;Timbaúba dos Batistas;Rio Grande do Norte;135,4556067;2348;5;297,9;N
2414407;241440;Touros;Rio Grande do Norte;753,9606269;33035;7;297,9;N
2414456;241445;Triunfo Potiguar;Rio Grande do Norte;268,7251414;3376;2;297,9;N
2414506;241450;Umarizal;Rio Grande do Norte;213,5835618;10078;51;297,9;N
2414605;241460;Upanema;Rio Grande do Norte;873,1397859;13577;3;297,9;N
2414704;241470;Várzea;Rio Grande do Norte;72,6841298;5233;6;297,9;N
2414753;241475;Venha-Ver;Rio Grande do Norte;71,6211645;3014;27;297,9;N
2414803;241480;Vera Cruz;Rio Grande do Norte;84,1270753;10735;1;297,9;N
2414902;241490;Viçosa;Rio Grande do Norte;37,9045551;1822;2;297,9;N
2415008;241500;Vila Flor;Rio Grande do Norte;47,6563842;3174;0;297,9;N
2500106;250010;Água Branca;Paraíba;241,6619206;9335;18;746,5;N
2500205;250020;Aguiar;Paraíba;351,6069246;5003;5;746,5;N
2500304;250030;Alagoa Grande;Paraíba;322,0708897;26062;12;746,5;N
2500403;250040;Alagoa Nova;Paraíba;128,2301786;21013;31;746,5;N
2500502;250050;Alagoinha;Paraíba;111,3611147;13725;2;746,5;N
2500536;250053;Alcantil;Paraíba;309,8959596;5578;3;746,5;N
2500577;250057;Algodão de Jandaíra;Paraíba;222,7396525;2953;0;746,5;N
2500601;250060;Alhandra;Paraíba;183,9737843;21730;10;746,5;N
2500700;250070;São João do Rio do Peixe;Paraíba;476,2374885;17964;1;746,5;N
2500734;250073;Amparo;Paraíba;122,0938790;2234;11;746,5;N
2500775;250077;Aparecida;Paraíba;291,4776120;7960;5;746,5;N
2500809;250080;Araçagi;Paraíba;232,1770768;16646;1;746,5;N
2500908;250090;Arara;Paraíba;91,3057712;12212;1;746,5;N
2501005;250100;Araruna;Paraíba;246,7169711;17189;3;746,5;N
2501104;250110;Areia;Paraíba;269,1295731;22633;4;1222,2;S
2501153;250115;Areia de Baraúnas;Paraíba;114,0782507;2005;0;746,5;N
2501203;250120;Areial;Paraíba;35,8100653;7128;0;746,5;N
2501302;250130;Aroeiras;Paraíba;376,1179194;18705;5;746,5;N
2501351;250135;Assunção;Paraíba;132,1394034;4152;3;746,5;N
2501401;250140;Baía da Traição;Paraíba;102,7560645;9224;0;746,5;N
2501500;250150;Bananeiras;Paraíba;255,6406597;23134;3;746,5;N
2501534;250153;Baraúna;Paraíba;50,0295924;4762;2;746,5;N
2501575;250157;Barra de Santana;Paraíba;375,1765163;8059;17;746,5;N
2501609;250160;Barra de Santa Rosa;Paraíba;781,1874508;12904;14;746,5;N
2501708;250170;Barra de São Miguel;Paraíba;609,6968014;5906;5;746,5;N
2501807;250180;Bayeux;Paraíba;27,7045501;82742;54;746,5;N
2501906;250190;Belém;Paraíba;99,6088133;16401;2;746,5;N
2502003;250200;Belém do Brejo do Cruz;Paraíba;601,5491955;6268;351;746,5;N
2502052;250205;Bernardino Batista;Paraíba;57,4525729;3504;0;746,5;N
2502102;250210;Boa Ventura;Paraíba;168,6640362;5207;5;746,5;N
2502151;250215;Boa Vista;Paraíba;468,9334117;6377;0;746,5;N
2502201;250220;Bom Jesus;Paraíba;47,3670070;2286;23;746,5;N
2502300;250230;Bom Sucesso;Paraíba;186,0588658;4661;20;746,5;N
2502409;250240;Bonito de Santa Fé;Paraíba;226,7975776;10252;0;746,5;N
2502508;250250;Boqueirão;Paraíba;373,0767849;17598;2;746,5;N
2502607;250260;Igaracy;Paraíba;197,0575635;5648;3;746,5;N
2502706;250270;Borborema;Paraíba;26,1073982;4214;2;746,5;N
2502805;250280;Brejo do Cruz;Paraíba;401,3148437;13613;344;746,5;N
2502904;250290;Brejo dos Santos;Paraíba;93,8571228;5742;19;746,5;N
2503001;250300;Caaporã;Paraíba;151,0177992;21193;17;746,5;N
2503100;250310;Cabaceiras;Paraíba;469,1706649;5335;3;502,8;S
2503209;250320;Cabedelo;Paraíba;29,8728808;66519;27;746,5;N
2503308;250330;Cachoeira dos Índios;Paraíba;193,2150393;9151;2;746,5;N
2503407;250340;Cacimba de Areia;Paraíba;213,0185023;3291;9;746,5;N
2503506;250350;Cacimba de Dentro;Paraíba;165,0724118;16064;1;746,5;N
2503555;250355;Cacimbas;Paraíba;124,0677177;7223;0;746,5;N
2503605;250360;Caiçara;Paraíba;123,6769489;6602;0;746,5;N
2503704;250370;Cajazeiras;Paraíba;562,7030679;63239;12;746,5;N
2503753;250375;Cajazeirinhas;Paraíba;282,6932633;2740;3;746,5;N
2503803;250380;Caldas Brandão;Paraíba;55,9633447;5753;2;746,5;N
2503902;250390;Camalaú;Paraíba;541,8406621;6085;1;746,5;N
2504009;250400;Campina Grande;Paraíba;591,6581571;419379;316;534,0;S
2504033;250403;Capim;Paraíba;79,8755784;6970;2;746,5;N
2504074;250407;Caraúbas;Paraíba;486,6216266;3944;3;746,5;N
2504108;250410;Carrapateira;Paraíba;59,0701267;2312;8;746,5;N
2504157;250415;Casserengue;Paraíba;202,7608332;6889;6;746,5;N
2504207;250420;Catingueira;Paraíba;527,4236491;4491;4;746,5;N
2504306;250430;Catolé do Rocha;Paraíba;551,7646732;30661;85;746,5;N
2504355;250435;Caturité;Paraíba;117,8233278;5254;6;746,5;N
2504405;250440;Conceição;Paraíba;580,6499002;18260;26;746,5;N
2504504;250450;Condado;Paraíba;265,4730456;6451;15;746,5;N
2504603;250460;Conde;Paraíba;171,2667676;27605;22;746,5;N
2504702;250470;Congo;Paraíba;324,6859926;4933;3;746,5;N
2504801;250480;Coremas;Paraíba;372,0124513;14683;177;746,5;N
2504850;250485;Coxixola;Paraíba;173,9423668;1824;1;746,5;N
2504900;250490;Cruz do Espírito Santo;Paraíba;192,5122558;17095;5;746,5;N
2505006;250500;Cubati;Paraíba;163,5702698;7580;2;746,5;N
2505105;250510;Cuité;Paraíba;733,8178154;19719;43;746,5;N
2505204;250520;Cuitegi;Paraíba;42,0907552;6730;1;746,5;N
2505238;250523;Cuité de Mamanguape;Paraíba;107,6801717;6251;0;746,5;N
2505279;250527;Curral de Cima;Paraíba;86,4280764;5254;0;746,5;N
2505303;250530;Curral Velho;Paraíba;217,6235178;2292;1;746,5;N
2505352;250535;Damião;Paraíba;186,1975825;4982;1;746,5;N
2505402;250540;Desterro;Paraíba;182,0178098;8067;0;746,5;N
2505501;250550;Vista Serrana;Paraíba;60,3895357;3641;26;746,5;N
2505600;250560;Diamante;Paraíba;271,7911241;6299;2;746,5;N
2505709;250570;Dona Inês;Paraíba;173,6479094;10380;11;746,5;N
2505808;250580;Duas Estradas;Paraíba;27,0117971;3327;0;746,5;N
2505907;250590;Emas;Paraíba;248,2259493;3011;2;746,5;N
2506004;250600;Esperança;Paraíba;157,8513992;31231;7;746,5;N
2506103;250610;Fagundes;Paraíba;185,0611926;11049;0;746,5;N
2506202;250620;Frei Martinho;Paraíba;238,6583642;2846;1;746,5;N
2506251;250625;Gado Bravo;Paraíba;192,4204330;8179;0;746,5;N
2506301;250630;Guarabira;Paraíba;162,3870546;57484;12;746,5;N
2506400;250640;Gurinhém;Paraíba;340,4078472;13766;5;746,5;N
2506509;250650;Gurjão;Paraíba;344,5020665;3242;1;746,5;N
2506608;250660;Ibiara;Paraíba;240,3565832;5631;5;746,5;N
2506707;250670;Imaculada;Paraíba;317,8043294;10392;0;746,5;N
2506806;250680;Ingá;Paraíba;262,1787482;17692;4;746,5;N
2506905;250690;Itabaiana;Paraíba;210,5716979;23182;0;746,5;N
2507002;250700;Itaporanga;Paraíba;460,2104110;23940;66;771,6;S
2507101;250710;Itapororoca;Paraíba;145,8065392;18382;0;746,5;N
2507200;250720;Itatuba;Paraíba;251,7491935;10499;0;746,5;N
2507309;250730;Jacaraú;Paraíba;256,8447569;14477;0;746,5;N
2507408;250740;Jericó;Paraíba;177,3558425;7516;2;746,5;N
2507507;250750;João Pessoa;Paraíba;210,0444714;833932;2725;1710,0;S
2507606;250760;Juarez Távora;Paraíba;75,6781394;7796;2;746,5;N
2507705;250770;Juazeirinho;Paraíba;474,6064064;17007;10;746,5;N
2507804;250780;Junco do Seridó;Paraíba;180,4248022;6793;2;746,5;N
2507903;250790;Juripiranga;Paraíba;78,7058503;10012;0;746,5;N
2508000;250800;Juru;Paraíba;395,0748721;9234;72;746,5;N
2508109;250810;Lagoa;Paraíba;176,6491378;4415;1;746,5;N
2508208;250820;Lagoa de Dentro;Paraíba;83,5076798;7819;0;746,5;N
2508307;250830;Lagoa Seca;Paraíba;108,2187879;27730;21;746,5;N
2508406;250840;Lastro;Paraíba;107,4159079;3162;2;746,5;N
2508505;250850;Livramento;Paraíba;266,9483739;6877;0;746,5;N
2508554;250855;Logradouro;Paraíba;42,8762393;4797;1;746,5;N
2508604;250860;Lucena;Paraíba;93,8001346;12560;3;746,5;N
2508703;250870;Mãe d'Água;Paraíba;228,6764540;3583;0;746,5;N
2508802;250880;Malta;Paraíba;172,0099301;6046;2;746,5;N
2508901;250890;Mamanguape;Paraíba;337,4337489;44599;15;746,5;N
2509008;250900;Manaíra;Paraíba;352,0254278;10434;5;746,5;N
2509057;250905;Marcação;Paraíba;122,6654113;8999;0;746,5;N
2509107;250910;Mari;Paraíba;155,2648132;21512;2;746,5;N
2509156;250915;Marizópolis;Paraíba;69,9518207;6705;6;746,5;N
2509206;250920;Massaranduba;Paraíba;209,4020744;14139;1;746,5;N
2509305;250930;Mataraca;Paraíba;182,4387115;8244;1;746,5;N
2509339;250933;Matinhas;Paraíba;36,5220257;4571;5;746,5;N
2509370;250937;Mato Grosso;Paraíba;85,2746097;2543;130;746,5;N
2509396;250939;Maturéia;Paraíba;83,0532030;6433;1;746,5;N
2509404;250940;Mogeiro;Paraíba;214,0933876;13899;8;746,5;N
2509503;250950;Montadas;Paraíba;31,7930278;5812;5;746,5;N
2509602;250960;Monte Horebe;Paraíba;116,8538589;4338;0;746,5;N
2509701;250970;Monteiro;Paraíba;992,6197952;32277;47;73,0;S
2509800;250980;Mulungu;Paraíba;187,2589628;8791;3;746,5;N
2509909;250990;Natuba;Paraíba;202,1726022;8945;8;746,5;N
2510006;251000;Nazarezinho;Paraíba;193,2025581;7203;5;746,5;N
2510105;251010;Nova Floresta;Paraíba;47,5724336;9724;5;746,5;N
2510204;251020;Nova Olinda;Paraíba;81,5163924;5787;25;746,5;N
2510303;251030;Nova Palmeira;Paraíba;314,7481504;4259;1;746,5;N
2510402;251040;Olho d'Água;Paraíba;580,4697316;6060;14;746,5;N
2510501;251050;Olivedos;Paraíba;314,6252133;3580;0;746,5;N
2510600;251060;Ouro Velho;Paraíba;128,1103681;2918;2;746,5;N
2510659;251065;Parari;Paraíba;207,8143185;1720;1;746,5;N
2510709;251070;Passagem;Paraíba;123,4221910;2463;1;746,5;N
2510808;251080;Patos;Paraíba;472,8921583;103165;38;200,8;S
2510907;251090;Paulista;Paraíba;577,3792369;11834;94;746,5;N
2511004;251100;Pedra Branca;Paraíba;116,8732184;3739;3;746,5;N
2511103;251110;Pedra Lavrada;Paraíba;335,6150919;6859;0;746,5;N
2511202;251120;Pedras de Fogo;Paraíba;406,7293322;29662;0;746,5;N
2511301;251130;Piancó;Paraíba;576,9863313;16441;8;746,5;N
2511400;251140;Picuí;Paraíba;667,7138476;18333;16;746,5;N
2511509;251150;Pilar;Paraíba;103,3058360;12311;1;746,5;N
2511608;251160;Pilões;Paraíba;65,5740661;6815;3;746,5;N
2511707;251170;Pilõezinhos;Paraíba;40,9080400;5329;1;746,5;N
2511806;251180;Pirpirituba;Paraíba;80,6719679;9340;4;746,5;N
2511905;251190;Pitimbu;Paraíba;135,8008109;16751;2;746,5;N
2512002;251200;Pocinhos;Paraíba;623,9673455;17469;7;746,5;N
2512036;251203;Poço Dantas;Paraíba;97,7577986;3830;0;746,5;N
2512077;251207;Poço de José de Moura;Paraíba;94,6464007;4006;1;746,5;N
2512101;251210;Pombal;Paraíba;894,0984733;32473;27;746,5;N
2512200;251220;Prata;Paraíba;201,7876577;3915;3;746,5;N
2512309;251230;Princesa Isabel;Paraíba;368,5693719;21114;267;746,5;N
2512408;251240;Puxinanã;Paraíba;71,1178934;14277;9;746,5;N
2512507;251250;Queimadas;Paraíba;402,7480163;47658;24;746,5;N
2512606;251260;Quixaba;Paraíba;147,1582311;1743;0;746,5;N
2512705;251270;Remígio;Paraíba;183,4593711;17885;1;746,5;N
2512721;251272;Pedro Régis;Paraíba;74,2164337;5766;0;746,5;N
2512747;251274;Riachão;Paraíba;85,2913915;2927;1;746,5;N
2512754;251275;Riachão do Bacamarte;Paraíba;40,2809055;4690;2;746,5;N
2512762;251276;Riachão do Poço;Paraíba;40,4597983;4738;0;746,5;N
2512788;251278;Riacho de Santo Antônio;Paraíba;93,6541211;1955;0;746,5;N
2512804;251280;Riacho dos Cavalos;Paraíba;262,5315950;8493;11;746,5;N
2512903;251290;Rio Tinto;Paraíba;465,2401853;24581;5;746,5;N
2513000;251300;Salgadinho;Paraíba;179,0045809;3355;0;746,5;N
2513109;251310;Salgado de São Félix;Paraíba;204,0787779;11505;3;746,5;N
2513158;251315;Santa Cecília;Paraíba;217,5772633;7670;72;746,5;N
2513208;251320;Santa Cruz;Paraíba;217,6766096;5947;2;746,5;N
2513307;251330;Santa Helena;Paraíba;211,1431290;5865;0;746,5;N
2513356;251335;Santa Inês;Paraíba;327,6347034;3227;1;746,5;N
2513406;251340;Santa Luzia;Paraíba;440,7661737;14959;7;746,5;N
2513505;251350;Santana de Mangueira;Paraíba;405,1642981;5010;0;746,5;N
2513604;251360;Santana dos Garrotes;Paraíba;361,4842034;6569;3;746,5;N
2513653;251365;Joca Claudino;Paraíba;71,7993831;2539;0;746,5;N
2513703;251370;Santa Rita;Paraíba;718,5755570;149910;102;746,5;N
2513802;251380;Santa Teresinha;Paraíba;359,4415850;4402;0;746,5;N
2513851;251385;Santo André;Paraíba;197,7912027;2622;1;746,5;N
2513901;251390;São Bento;Paraíba;245,8396398;32235;674;746,5;N
2513927;251392;São Bentinho;Paraíba;199,6349185;4327;6;746,5;N
2513943;251394;São Domingos do Cariri;Paraíba;233,8353256;2585;0;746,5;N
2513968;251396;São Domingos;Paraíba;170,3609196;2595;3;746,5;N
2513984;251398;São Francisco;Paraíba;90,7241526;3137;1;746,5;N
2514008;251400;São João do Cariri;Paraíba;612,9657659;4226;0;746,5;N
2514107;251410;São João do Tigre;Paraíba;812,6165083;4263;1;746,5;N
2514206;251420;São José da Lagoa Tapada;Paraíba;333,7236756;7126;1;746,5;N
2514305;251430;São José de Caiana;Paraíba;183,2733118;5034;2;746,5;N
2514404;251440;São José de Espinharas;Paraíba;726,7568634;4083;1;746,5;N
2514453;251445;São José dos Ramos;Paraíba;100,6423715;5891;0;746,5;N
2514503;251450;São José de Piranhas;Paraíba;686,9181711;19067;1;746,5;N
2514552;251455;São José de Princesa;Paraíba;158,0520277;3416;39;746,5;N
2514602;251460;São José do Bonfim;Paraíba;153,6293739;3242;0;746,5;N
2514651;251465;São José do Brejo do Cruz;Paraíba;253,7874759;1699;21;746,5;N
2514701;251470;São José do Sabugi;Paraíba;213,5553655;4138;80;746,5;N
2514800;251480;São José dos Cordeiros;Paraíba;376,6614336;3411;1;746,5;N
2514909;251490;São Mamede;Paraíba;533,4461177;7470;1;746,5;N
2515005;251500;São Miguel de Taipu;Paraíba;92,4129382;7066;4;746,5;N
2515104;251510;São Sebastião de Lagoa de Roça;Paraíba;46,3719127;11040;14;746,5;N
2515203;251520;São Sebastião do Umbuzeiro;Paraíba;464,3274235;3279;8;746,5;N
2515302;251530;Sapé;Paraíba;313,6784606;51306;12;746,5;N
2515401;251540;São Vicente do Seridó;Paraíba;262,7507265;10291;3;746,5;N
2515500;251550;Serra Branca;Paraíba;698,1024771;13614;3;746,5;N
2515609;251560;Serra da Raiz;Paraíba;31,6786070;3094;0;746,5;N
2515708;251570;Serra Grande;Paraíba;64,3516855;2942;2;746,5;N
2515807;251580;Serra Redonda;Paraíba;55,1968737;6828;0;746,5;N
2515906;251590;Serraria;Paraíba;65,0620838;4885;3;746,5;N
2515930;251593;Sertãozinho;Paraíba;32,4547180;5054;1;746,5;N
2515971;251597;Sobrado;Paraíba;61,9533860;8236;0;746,5;N
2516003;251600;Solânea;Paraíba;233,0428165;26774;19;746,5;N
2516102;251610;Soledade;Paraíba;578,1780577;13968;3;746,5;N
2516151;251615;Sossêgo;Paraíba;147,2635845;3345;1;746,5;N
2516201;251620;Sousa;Paraíba;728,4915748;67259;59;746,5;N
2516300;251630;Sumé;Paraíba;833,3152130;17166;31;746,5;N
2516409;251640;Tacima;Paraíba;245,2364934;8010;2;746,5;N
2516508;251650;Taperoá;Paraíba;628,3646030;14068;1;746,5;N
2516607;251660;Tavares;Paraíba;239,5065614;14101;42;746,5;N
2516706;251670;Teixeira;Paraíba;155,4518907;14631;14;746,5;N
2516755;251675;Tenório;Paraíba;87,4518125;2966;0;746,5;N
2516805;251680;Triunfo;Paraíba;224,3355793;9892;1;746,5;N
2516904;251690;Uiraúna;Paraíba;293,1818077;14930;5;746,5;N
2517001;251700;Umbuzeiro;Paraíba;185,5780898;9124;14;746,5;N
2517100;251710;Várzea;Paraíba;191,2823694;2668;6;746,5;N
2517209;251720;Vieirópolis;Paraíba;147,0979910;4864;5;746,5;N
2517407;251740;Zabelê;Paraíba;106,8112110;2228;1;746,5;N
2600054;260005;Abreu e Lima;Pernambuco;126,3842785;98462;25;389,5;N
2600104;260010;Afogados da Ingazeira;Pernambuco;377,6956253;40241;56;389,5;N
2600203;260020;Afrânio;Pernambuco;1490,5938152;18674;178;389,5;N
2600302;260030;Agrestina;Pernambuco;200,3694600;23779;5;389,5;N
2600401;260040;Água Preta;Pernambuco;531,9354201;26461;9;389,5;N
2600500;260050;Águas Belas;Pernambuco;885,9875897;41548;205;389,5;N
2600609;260060;Alagoinha;Pernambuco;214,2665814;13542;16;389,5;N
2600708;260070;Aliança;Pernambuco;272,7725127;35741;60;389,5;N
2600807;260080;Altinho;Pernambuco;450,1775060;20674;123;389,5;N
2600906;260090;Amaraji;Pernambuco;233,2389113;18205;35;389,5;N
2601003;260100;Angelim;Pernambuco;118,0881828;10241;2;389,5;N
2601052;260105;Araçoiaba;Pernambuco;96,3603498;19243;36;389,5;N
2601102;260110;Araripina;Pernambuco;2037,3939140;85088;32;389,5;N
2601201;260120;Arcoverde;Pernambuco;343,9226107;77742;19;389,5;N
2601300;260130;Barra de Guabiraba;Pernambuco;118,6392320;12263;18;389,5;N
2601409;260140;Barreiros;Pernambuco;233,4331627;40121;118;389,5;N
2601508;260150;Belém de Maria;Pernambuco;73,1447349;10378;1;389,5;N
2601607;260160;Belém do São Francisco;Pernambuco;1830,7968865;18301;10;389,5;N
2601706;260170;Belo Jardim;Pernambuco;647,4449152;79507;5;389,5;N
2601805;260180;Betânia;Pernambuco;1244,0738180;11232;5;389,5;N
2601904;260190;Bezerros;Pernambuco;492,6323273;61694;12;389,5;N
2602001;260200;Bodocó;Pernambuco;1621,7859192;34478;43;389,5;N
2602100;260210;Bom Conselho;Pernambuco;792,1851388;44294;26;389,5;N
2602209;260220;Bom Jardim;Pernambuco;224,1085123;37629;20;389,5;N
2602308;260230;Bonito;Pernambuco;393,1907132;37474;24;389,5;N
2602407;260240;Brejão;Pernambuco;159,7863225;9079;6;389,5;N
2602506;260250;Brejinho;Pernambuco;106,0393929;7720;1;389,5;N
2602605;260260;Brejo da Madre de Deus;Pernambuco;762,3458111;48648;21;389,5;N
2602704;260270;Buenos Aires;Pernambuco;93,1871000;12808;20;389,5;N
2602803;260280;Buíque;Pernambuco;1336,5439873;52097;49;389,5;N
2602902;260290;Cabo de Santo Agostinho;Pernambuco;445,3858133;203440;942;389,5;N
2603009;260300;Cabrobó;Pernambuco;1658,6156349;30294;352;492,4;S
2603108;260310;Cachoeirinha;Pernambuco;179,2616557;19899;310;389,5;N
2603207;260320;Caetés;Pernambuco;294,9461784;28827;12;389,5;N
2603306;260330;Calçado;Pernambuco;121,9450442;11093;0;389,5;N
2603405;260340;Calumbi;Pernambuco;179,3139656;5228;3;389,5;N
2603454;260345;Camaragibe;Pernambuco;51,3214025;147771;109;389,5;N
2603504;260350;Camocim de São Félix;Pernambuco;72,0100449;17419;43;389,5;N
2603603;260360;Camutanga;Pernambuco;39,1162695;7750;0;389,5;N
2603702;260370;Canhotinho;Pernambuco;423,1675965;24329;14;389,5;N
2603801;260380;Capoeiras;Pernambuco;337,1297217;18338;3;389,5;N
2603900;260390;Carnaíba;Pernambuco;427,8022229;18644;16;389,5;N
2603926;260392;Carnaubeira da Penha;Pernambuco;1004,6673706;12239;87;389,5;N
2604007;260400;Carpina;Pernambuco;147,0173614;79293;312;389,5;N
2604106;260410;Caruaru;Pernambuco;923,1496892;378048;247;100,2;S
2604155;260415;Casinhas;Pernambuco;115,8676685;12967;38;389,5;N
2604205;260420;Catende;Pernambuco;208,5936546;32156;3;389,5;N
2604304;260430;Cedro;Pernambuco;148,7460023;10518;3;389,5;N
2604403;260440;Chã de Alegria;Pernambuco;49,3265784;12984;16;389,5;N
2604502;260450;Chã Grande;Pernambuco;84,7874725;20546;28;389,5;N
2604601;260460;Condado;Pernambuco;89,6445880;24587;550;389,5;N
2604700;260470;Correntes;Pernambuco;317,7933583;17131;30;389,5;N
2604809;260480;Cortês;Pernambuco;102,8516566;10198;0;389,5;N
2604908;260490;Cumaru;Pernambuco;292,2312179;15920;32;389,5;N
2605004;260500;Cupira;Pernambuco;95,1552979;23518;235;389,5;N
2605103;260510;Custódia;Pernambuco;1404,1263196;37699;29;389,5;N
2605152;260515;Dormentes;Pernambuco;1539,0522456;17188;228;389,5;N
2605202;260520;Escada;Pernambuco;342,5840428;59891;189;389,5;N
2605301;260530;Exu;Pernambuco;1336,7857931;31843;24;389,5;N
2605400;260540;Feira Nova;Pernambuco;107,7256516;21427;62;389,5;N
2605459;260545;Fernando de Noronha;Pernambuco;18,6094747;3167;82;389,5;N
2605509;260550;Ferreiros;Pernambuco;92,5164035;15026;1;389,5;N
2605608;260560;Flores;Pernambuco;995,5581784;20347;6;389,5;N
2605707;260570;Floresta;Pernambuco;3604,9477132;30137;102;590,8;S
2605806;260580;Frei Miguelinho;Pernambuco;212,7071283;13636;97;389,5;N
2605905;260590;Gameleira;Pernambuco;257,7809440;18214;6;389,5;N
2606002;260600;Garanhuns;Pernambuco;458,5516016;142506;387;0,0;S
2606101;260610;Glória do Goitá;Pernambuco;234,7084408;29347;9;389,5;N
2606200;260620;Goiana;Pernambuco;445,4048609;81055;358;389,5;N
2606309;260630;Granito;Pernambuco;521,6899732;6967;28;389,5;N
2606408;260640;Gravatá;Pernambuco;507,3600271;86516;228;389,5;N
2606507;260650;Iati;Pernambuco;635,1370295;17165;4;389,5;N
2606606;260660;Ibimirim;Pernambuco;1882,4980541;26593;2;404,8;S
2606705;260670;Ibirajuba;Pernambuco;189,5958186;7140;7;389,5;N
2606804;260680;Igarassu;Pernambuco;306,8786229;115196;128;389,5;N
2606903;260690;Iguaracy;Pernambuco;838,1317837;11081;28;389,5;N
2607000;260700;Inajá;Pernambuco;1231,3620564;25603;43;389,5;N
2607109;260710;Ingazeira;Pernambuco;243,5857221;4765;11;389,5;N
2607208;260720;Ipojuca;Pernambuco;521,8008045;98932;158;389,5;N
2607307;260730;Ipubi;Pernambuco;693,9144124;29009;14;389,5;N
2607406;260740;Itacuruba;Pernambuco;430,0379556;4284;6;389,5;N
2607505;260750;Itaíba;Pernambuco;1061,6941771;32650;12;389,5;N
2607604;260760;Ilha de Itamaracá;Pernambuco;66,1464127;24540;28;389,5;N
2607653;260765;Itambé;Pernambuco;304,0055879;34935;22;389,5;N
2607703;260770;Itapetim;Pernambuco;411,9012432;13791;3;389,5;N
2607752;260775;Itapissuma;Pernambuco;73,9683995;27749;8;389,5;N
2607802;260780;Itaquitinga;Pernambuco;162,7390659;16554;20;389,5;N
2607901;260790;Jaboatão dos Guararapes;Pernambuco;258,7237492;644037;2814;389,5;N
2607950;260795;Jaqueira;Pernambuco;87,2084566;10247;17;389,5;N
2608008;260800;Jataúba;Pernambuco;714,6010239;15843;58;389,5;N
2608057;260805;Jatobá;Pernambuco;277,8623248;14020;142;389,5;N
2608107;260810;João Alfredo;Pernambuco;134,1472399;27725;69;389,5;N
2608206;260820;Joaquim Nabuco;Pernambuco;122,5919807;13269;3;389,5;N
2608255;260825;Jucati;Pernambuco;120,5273781;11517;16;389,5;N
2608305;260830;Jupi;Pernambuco;104,8347329;15329;11;389,5;N
2608404;260840;Jurema;Pernambuco;148,2537221;13648;12;389,5;N
2608453;260845;Lagoa do Carro;Pernambuco;69,6655563;17981;37;389,5;N
2608503;260850;Lagoa de Itaenga;Pernambuco;56,1308200;19003;96;389,5;N
2608602;260860;Lagoa do Ouro;Pernambuco;198,7616519;11933;5;389,5;N
2608701;260870;Lagoa dos Gatos;Pernambuco;224,9474444;14076;2;389,5;N
2608750;260875;Lagoa Grande;Pernambuco;1850,0697499;24088;63;389,5;N
2608800;260880;Lajedo;Pernambuco;189,0957393;39582;8;389,5;N
2608909;260890;Limoeiro;Pernambuco;273,7330250;56510;233;389,5;N
2609006;260900;Macaparana;Pernambuco;108,0485091;23879;17;389,5;N
2609105;260910;Machados;Pernambuco;61,6194562;11333;33;389,5;N
2609154;260915;Manari;Pernambuco;344,6845999;23763;4;389,5;N
2609204;260920;Maraial;Pernambuco;199,8646977;9359;73;389,5;N
2609303;260930;Mirandiba;Pernambuco;821,6755789;14166;80;389,5;N
2609402;260940;Moreno;Pernambuco;194,1966117;55292;39;389,5;N
2609501;260950;Nazaré da Mata;Pernambuco;130,5720283;30648;136;389,5;N
2609600;260960;Olinda;Pernambuco;41,3001333;349976;780;389,5;N
2609709;260970;Orobó;Pernambuco;138,5209622;21808;15;389,5;N
2609808;260980;Orocó;Pernambuco;554,7594617;13613;11;389,5;N
2609907;260990;Ouricuri;Pernambuco;2381,5697013;65245;133;653,2;S
2610004;261000;Palmares;Pernambuco;339,4012473;54584;74;192,6;S
2610103;261010;Palmeirina;Pernambuco;168,7960829;7031;2;389,5;N
2610202;261020;Panelas;Pernambuco;380,4281842;22991;4;389,5;N
2610301;261030;Paranatama;Pernambuco;185,3714785;12199;4;389,5;N
2610400;261040;Parnamirim;Pernambuco;2609,5480762;18612;449;389,5;N
2610509;261050;Passira;Pernambuco;327,2103643;28340;662;389,5;N
2610608;261060;Paudalho;Pernambuco;269,6509819;56665;210;389,5;N
2610707;261070;Paulista;Pernambuco;96,9324060;342167;947;389,5;N
2610806;261080;Pedra;Pernambuco;922,6016260;22795;0;389,5;N
2610905;261090;Pesqueira;Pernambuco;960,0417093;62722;39;389,5;N
2611002;261100;Petrolândia;Pernambuco;1056,5889323;34161;1209;389,5;N
2611101;261110;Petrolina;Pernambuco;4561,8698062;386791;746;64,4;S
2611200;261120;Poção;Pernambuco;205,1185283;10500;0;389,5;N
2611309;261130;Pombos;Pernambuco;239,8315946;27552;100;389,5;N
2611408;261140;Primavera;Pernambuco;113,1348641;13838;41;389,5;N
2611507;261150;Quipapá;Pernambuco;230,6173712;17928;39;389,5;N
2611533;261153;Quixaba;Pernambuco;210,7049807;6554;2;389,5;N
2611606;261160;Recife;Pernambuco;218,8429561;1488920;3268;389,5;N
2611705;261170;Riacho das Almas;Pernambuco;314,0027430;20639;92;389,5;N
2611804;261180;Ribeirão;Pernambuco;289,5658865;33507;22;389,5;N
2611903;261190;Rio Formoso;Pernambuco;227,4578003;20009;19;389,5;N
2612000;261200;Sairé;Pernambuco;190,4546241;10887;80;389,5;N
2612109;261210;Salgadinho;Pernambuco;87,2172802;5727;10;389,5;N
2612208;261220;Salgueiro;Pernambuco;1678,5635645;62372;427;376,0;S
2612307;261230;Saloá;Pernambuco;251,5492112;13836;0;389,5;N
2612406;261240;Sanharó;Pernambuco;268,0650532;18624;30;389,5;N
2612455;261245;Santa Cruz;Pernambuco;1245,9833167;13841;21;389,5;N
2612471;261247;Santa Cruz da Baixa Verde;Pernambuco;114,9314235;11567;4;389,5;N
2612505;261250;Santa Cruz do Capibaribe;Pernambuco;335,3085440;98254;46;389,5;N
2612554;261255;Santa Filomena;Pernambuco;1005,3408563;12106;13;389,5;N
2612604;261260;Santa Maria da Boa Vista;Pernambuco;3000,7738218;40578;137;389,5;N
2612703;261270;Santa Maria do Cambucá;Pernambuco;92,1479096;14013;11;389,5;N
2612802;261280;Santa Terezinha;Pernambuco;200,3265265;10244;3;389,5;N
2612901;261290;São Benedito do Sul;Pernambuco;160,4770557;13113;1;389,5;N
2613008;261300;São Bento do Una;Pernambuco;719,1479689;49449;17;389,5;N
2613107;261310;São Caitano;Pernambuco;382,4825614;37126;23;389,5;N
2613206;261320;São João;Pernambuco;258,5185725;23837;3;389,5;N
2613305;261330;São Joaquim do Monte;Pernambuco;227,3847801;20037;20;389,5;N
2613404;261340;São José da Coroa Grande;Pernambuco;69,1836454;18825;31;389,5;N
2613503;261350;São José do Belmonte;Pernambuco;1474,0855272;34843;25;389,5;N
2613602;261360;São José do Egito;Pernambuco;774,0372222;31004;25;389,5;N
2613701;261370;São Lourenço da Mata;Pernambuco;263,6868738;111249;149;389,5;N
2613800;261380;São Vicente Férrer;Pernambuco;112,5543614;16677;6;389,5;N
2613909;261390;Serra Talhada;Pernambuco;2980,0069184;92228;98;764,6;S
2614006;261400;Serrita;Pernambuco;1535,1903629;18207;55;389,5;N
2614105;261410;Sertânia;Pernambuco;2421,5270792;32811;3;389,5;N
2614204;261420;Sirinhaém;Pernambuco;374,3212158;37596;89;389,5;N
2614303;261430;Moreilândia;Pernambuco;404,2869831;10540;55;389,5;N
2614402;261440;Solidão;Pernambuco;138,3984638;5210;5;389,5;N
2614501;261450;Surubim;Pernambuco;252,8962178;64120;148;332,8;S
2614600;261460;Tabira;Pernambuco;390,4340535;27681;15;389,5;N
2614709;261470;Tacaimbó;Pernambuco;227,6005849;13738;23;389,5;N
2614808;261480;Tacaratu;Pernambuco;1264,5321184;23902;193;389,5;N
2614857;261485;Tamandaré;Pernambuco;213,7496959;23561;6;389,5;N
2615003;261500;Taquaritinga do Norte;Pernambuco;475,1834321;24736;18;389,5;N
2615102;261510;Terezinha;Pernambuco;151,4497371;6513;1;389,5;N
2615201;261520;Terra Nova;Pernambuco;318,7092301;8920;235;389,5;N
2615300;261530;Timbaúba;Pernambuco;287,6826310;46147;72;389,5;N
2615409;261540;Toritama;Pernambuco;25,7041580;41137;458;389,5;N
2615508;261550;Tracunhaém;Pernambuco;137,3210029;13867;31;389,5;N
2615607;261560;Trindade;Pernambuco;295,7654305;30321;44;389,5;N
2615706;261570;Triunfo;Pernambuco;191,5183514;14705;73;389,5;N
2615805;261580;Tupanatinga;Pernambuco;934,8009837;26937;38;389,5;N
2615904;261590;Tuparetama;Pernambuco;189,5094943;8005;9;389,5;N
2616001;261600;Venturosa;Pernambuco;336,1068393;17251;14;389,5;N
2616100;261610;Verdejante;Pernambuco;476,0389733;9169;52;389,5;N
2616183;261618;Vertente do Lério;Pernambuco;73,6307025;7558;10;389,5;N
2616209;261620;Vertentes;Pernambuco;196,3247502;21959;40;389,5;N
2616308;261630;Vicência;Pernambuco;228,0170728;26359;14;389,5;N
2616407;261640;Vitória de Santo Antão;Pernambuco;336,5728298;134084;66;389,5;N
2616506;261650;Xexéu;Pernambuco;110,8146885;11611;4;389,5;N
2700102;270010;Água Branca;Alagoas;468,2282463;19008;5;484,5;N
2700201;270020;Anadia;Alagoas;186,1344036;13966;16;484,5;N
2700300;270030;Arapiraca;Alagoas;345,6547024;234696;1233;60,8;S
2700409;270040;Atalaia;Alagoas;533,2575736;37512;467;484,5;N
2700508;270050;Barra de Santo Antônio;Alagoas;131,3637424;16365;2;484,5;N
2700607;270060;Barra de São Miguel;Alagoas;74,2470245;7944;17;484,5;N
2700706;270070;Batalha;Alagoas;315,8691823;16448;3;484,5;N
2700805;270080;Belém;Alagoas;66,6287808;4722;3;484,5;N
2700904;270090;Belo Monte;Alagoas;334,1363691;5936;2;484,5;N
2701001;270100;Boca da Mata;Alagoas;193,0020788;21187;9;484,5;N
2701100;270110;Branquinha;Alagoas;168,0484572;9603;6;484,5;N
2701209;270120;Cacimbinhas;Alagoas;281,6919462;10482;1;484,5;N
2701308;270130;Cajueiro;Alagoas;94,3568700;16024;5;484,5;N
2701357;270135;Campestre;Alagoas;65,9102435;6665;2;484,5;N
2701407;270140;Campo Alegre;Alagoas;312,7263218;32106;63;484,5;N
2701506;270150;Campo Grande;Alagoas;170,1440065;8143;4;484,5;N
2701605;270160;Canapi;Alagoas;602,7781115;15559;1;484,5;N
2701704;270170;Capela;Alagoas;263,7347475;15032;4;484,5;N
2701803;270180;Carneiros;Alagoas;111,6953999;8999;14;484,5;N
2701902;270190;Chã Preta;Alagoas;157,8310042;5910;2;484,5;N
2702009;270200;Coité do Nóia;Alagoas;88,7587670;10810;2;484,5;N
2702108;270210;Colônia Leopoldina;Alagoas;207,9346187;15816;71;484,5;N
2702207;270220;Coqueiro Seco;Alagoas;39,6080890;5581;1;484,5;N
2702306;270230;Coruripe;Alagoas;897,7997220;50414;30;16,4;S
2702355;270235;Craíbas;Alagoas;278,8789690;25397;9;484,5;N
2702405;270240;Delmiro Gouveia;Alagoas;628,5466326;51318;72;484,5;N
2702504;270250;Dois Riachos;Alagoas;141,6206529;9805;2;484,5;N
2702553;270255;Estrela de Alagoas;Alagoas;260,7715648;15429;11;484,5;N
2702603;270260;Feira Grande;Alagoas;175,9056741;22712;28;484,5;N
2702702;270270;Feliz Deserto;Alagoas;110,0615636;3963;0;484,5;N
2702801;270280;Flexeiras;Alagoas;333,7561884;9618;2;484,5;N
2702900;270290;Girau do Ponciano;Alagoas;513,4542539;36102;8;484,5;N
2703007;270300;Ibateguara;Alagoas;265,3123428;13731;35;484,5;N
2703106;270310;Igaci;Alagoas;334,3462724;23995;3;484,5;N
2703205;270320;Igreja Nova;Alagoas;426,5382944;21372;0;484,5;N
2703304;270330;Inhapi;Alagoas;372,0191221;15167;7;484,5;N
2703403;270340;Jacaré dos Homens;Alagoas;148,9918085;5083;0;484,5;N
2703502;270350;Jacuípe;Alagoas;208,7383560;5352;15;484,5;N
2703601;270360;Japaratinga;Alagoas;85,3564501;9219;30;484,5;N
2703700;270370;Jaramataia;Alagoas;105,4156776;4985;4;484,5;N
2703759;270375;Jequiá da Praia;Alagoas;334,2655070;9470;2;484,5;N
2703809;270380;Joaquim Gomes;Alagoas;298,1702008;17150;27;484,5;N
2703908;270390;Jundiá;Alagoas;88,7934395;4092;101;484,5;N
2704005;270400;Junqueiro;Alagoas;247,7238953;23907;47;484,5;N
2704104;270410;Lagoa da Canoa;Alagoas;83,6214195;18457;34;484,5;N
2704203;270420;Limoeiro de Anadia;Alagoas;309,2052461;24740;33;484,5;N
2704302;270430;Maceió;Alagoas;509,3203217;957916;1242;1793,6;S
2704401;270440;Major Isidoro;Alagoas;442,7441740;17700;1;484,5;N
2704500;270450;Maragogi;Alagoas;334,1649788;32174;313;484,5;N
2704609;270460;Maravilha;Alagoas;332,3703056;9534;8;484,5;N
2704708;270470;Marechal Deodoro;Alagoas;340,9795746;60370;121;484,5;N
2704807;270480;Maribondo;Alagoas;180,1072929;13679;31;484,5;N
2704906;270490;Mar Vermelho;Alagoas;91,7412480;3155;1;484,5;N
2705002;270500;Mata Grande;Alagoas;914,7222340;21844;14;484,5;N
2705101;270510;Matriz de Camaragibe;Alagoas;238,1128458;23857;11;484,5;N
2705200;270520;Messias;Alagoas;114,1561747;15405;5;484,5;N
2705309;270530;Minador do Negrão;Alagoas;167,4615365;4845;7;484,5;N
2705408;270540;Monteirópolis;Alagoas;86,6045415;7184;2;484,5;N
2705507;270550;Murici;Alagoas;418,0277887;25187;38;484,5;N
2705606;270560;Novo Lino;Alagoas;215,5471155;10020;25;484,5;N
2705705;270570;Olho d'Água das Flores;Alagoas;188,2216232;20695;76;484,5;N
2705804;270580;Olho d'Água do Casado;Alagoas;327,6784677;8349;1;484,5;N
2705903;270590;Olho d'Água Grande;Alagoas;117,0059997;4330;0;484,5;N
2706000;270600;Olivença;Alagoas;175,2872025;10812;11;484,5;N
2706109;270610;Ouro Branco;Alagoas;196,5602942;11446;6;484,5;N
2706208;270620;Palestina;Alagoas;38,1890857;4325;0;484,5;N
2706307;270630;Palmeira dos Índios;Alagoas;450,9896464;71574;164;725,4;S
2706406;270640;Pão de Açúcar;Alagoas;688,8702736;23823;21;17,0;S
2706422;270642;Pariconha;Alagoas;254,7188622;10573;15;484,5;N
2706448;270644;Paripueira;Alagoas;92,7881234;13835;2;484,5;N
2706505;270650;Passo de Camaragibe;Alagoas;251,2900039;13804;6;484,5;N
2706604;270660;Paulo Jacinto;Alagoas;118,4567844;6576;2;484,5;N
2706703;270670;Penedo;Alagoas;688,4523313;58650;9;484,5;N
2706802;270680;Piaçabuçu;Alagoas;243,6864482;15908;0;484,5;N
2706901;270690;Pilar;Alagoas;259,6136538;35370;29;484,5;N
2707008;270700;Pindoba;Alagoas;117,0855828;2731;0;484,5;N
2707107;270710;Piranhas;Alagoas;403,9945825;22609;8;778,0;S
2707206;270720;Poço das Trincheiras;Alagoas;284,2600943;12518;7;484,5;N
2707305;270730;Porto Calvo;Alagoas;313,2306293;24071;172;484,5;N
2707404;270740;Porto de Pedras;Alagoas;257,1049901;9295;7;484,5;N
2707503;270750;Porto Real do Colégio;Alagoas;235,8522459;20082;4;484,5;N
2707602;270760;Quebrangulo;Alagoas;319,8289047;11080;95;484,5;N
2707701;270770;Rio Largo;Alagoas;293,8157120;93927;91;484,5;N
2707800;270780;Roteiro;Alagoas;128,9260226;6474;9;484,5;N
2707909;270790;Santa Luzia do Norte;Alagoas;28,8571273;6919;3;484,5;N
2708006;270800;Santana do Ipanema;Alagoas;436,1596561;46220;30;484,5;N
2708105;270810;Santana do Mundaú;Alagoas;232,1688961;11323;3;484,5;N
2708204;270820;São Brás;Alagoas;139,0384067;6555;0;484,5;N
2708303;270830;São José da Laje;Alagoas;256,6032028;20813;2;484,5;N
2708402;270840;São José da Tapera;Alagoas;490,8799218;30604;21;484,5;N
2708501;270850;São Luís do Quitunde;Alagoas;397,2574143;30873;10;0,0;S
2708600;270860;São Miguel dos Campos;Alagoas;335,6829223;51990;605;484,5;N
2708709;270870;São Miguel dos Milagres;Alagoas;76,7310872;8482;6;484,5;N
2708808;270880;São Sebastião;Alagoas;314,9240333;31786;35;484,5;N
2708907;270890;Satuba;Alagoas;41,2676783;24278;25;484,5;N
2708956;270895;Senador Rui Palmeira;Alagoas;338,5685390;12303;0;484,5;N
2709004;270900;Tanque d'Arca;Alagoas;124,6162904;5796;0;484,5;N
2709103;270910;Taquarana;Alagoas;153,8412607;19032;8;484,5;N
2709152;270915;Teotônio Vilela;Alagoas;299,2215037;38053;78;484,5;N
2709202;270920;Traipu;Alagoas;681,5766822;23565;5;484,5;N
2709301;270930;União dos Palmares;Alagoas;420,3759283;59280;75;484,5;N
2709400;270940;Viçosa;Alagoas;367,8885035;24092;235;484,5;N
2800100;280010;Amparo do São Francisco;Sergipe;35,6826230;2170;2;614,7;N
2800209;280020;Aquidabã;Sergipe;359,5430455;20131;11;614,7;N
2800308;280030;Aracaju;Sergipe;182,1631576;602757;349;1431,4;S
2800407;280040;Arauá;Sergipe;198,9668844;10318;0;614,7;N
2800506;280050;Areia Branca;Sergipe;148,1345219;18081;5;614,7;N
2800605;280060;Barra dos Coqueiros;Sergipe;92,2682991;41511;16;614,7;N
2800670;280067;Boquim;Sergipe;205,4428630;24636;6;614,7;N
2800704;280070;Brejo Grande;Sergipe;141,4640956;7841;0;1298,8;S
2801009;280100;Campo do Brito;Sergipe;201,5184666;18149;1;614,7;N
2801108;280110;Canhoba;Sergipe;171,5811267;3791;2;614,7;N
2801207;280120;Canindé de São Francisco;Sergipe;934,1670283;26834;6;614,7;N
2801306;280130;Capela;Sergipe;442,2104580;31645;1;614,7;N
2801405;280140;Carira;Sergipe;638,7434488;19939;0;614,7;N
2801504;280150;Carmópolis;Sergipe;46,3953724;13853;0;614,7;N
2801603;280160;Cedro de São João;Sergipe;83,7104653;5391;3;614,7;N
2801702;280170;Cristinápolis;Sergipe;228,5561506;17100;1;614,7;N
2801900;280190;Cumbe;Sergipe;128,3931732;3824;4;614,7;N
2802007;280200;Divina Pastora;Sergipe;90,5080870;4340;1;614,7;N
2802106;280210;Estância;Sergipe;647,3437458;65078;18;614,7;N
2802205;280220;Feira Nova;Sergipe;183,2645755;5975;16;614,7;N
2802304;280230;Frei Paulo;Sergipe;399,1780047;14530;2;614,7;N
2802403;280240;Gararu;Sergipe;656,9559071;11096;13;614,7;N
2802502;280250;General Maynard;Sergipe;19,7928671;3037;0;614,7;N
2802601;280260;Graccho Cardoso;Sergipe;242,6793276;5834;18;614,7;N
2802700;280270;Ilha das Flores;Sergipe;52,6929214;8321;0;614,7;N
2802809;280280;Indiaroba;Sergipe;316,3161565;16549;5;614,7;N
2802908;280290;Itabaiana;Sergipe;337,3482047;103440;10;0,0;S
2803005;280300;Itabaianinha;Sergipe;501,7941430;40678;2;948,2;S
2803104;280310;Itabi;Sergipe;183,4216476;4745;17;614,7;N
2803203;280320;Itaporanga d'Ajuda;Sergipe;739,7020566;34411;4;614,7;N
2803302;280330;Japaratuba;Sergipe;365,6770735;16209;0;614,7;N
2803401;280340;Japoatã;Sergipe;402,3527251;13407;3;614,7;N
2803500;280350;Lagarto;Sergipe;968,9207314;101579;2;614,7;N
2803609;280360;Laranjeiras;Sergipe;162,2728493;23975;3;614,7;N
2803708;280370;Macambira;Sergipe;137,4958480;6838;0;614,7;N
2803807;280380;Malhada dos Bois;Sergipe;63,1990877;3579;2;614,7;N
2803906;280390;Malhador;Sergipe;101,8879239;11533;1;614,7;N
2804003;280400;Maruim;Sergipe;95,5544193;15719;1;614,7;N
2804102;280410;Moita Bonita;Sergipe;95,3965928;11050;3;614,7;N
2804201;280420;Monte Alegre de Sergipe;Sergipe;386,9119169;14336;55;614,7;N
2804300;280430;Muribeca;Sergipe;74,3101704;7822;2;614,7;N
2804409;280440;Neópolis;Sergipe;271,3231359;16426;1;614,7;N
2804458;280445;Nossa Senhora Aparecida;Sergipe;340,7720382;9232;11;614,7;N
2804508;280450;Nossa Senhora da Glória;Sergipe;758,4373124;41212;240;9,8;S
2804607;280460;Nossa Senhora das Dores;Sergipe;482,3668012;24996;3;614,7;N
2804706;280470;Nossa Senhora de Lourdes;Sergipe;83,7667743;6268;2;614,7;N
2804805;280480;Nossa Senhora do Socorro;Sergipe;155,0185697;192330;92;614,7;N
2804904;280490;Pacatuba;Sergipe;381,4278788;12502;3;614,7;N
2805000;280500;Pedra Mole;Sergipe;82,1836768;2778;0;614,7;N
2805109;280510;Pedrinhas;Sergipe;33,3440654;7396;0;614,7;N
2805208;280520;Pinhão;Sergipe;156,4004578;5677;0;614,7;N
2805307;280530;Pirambu;Sergipe;208,6811799;7913;0;614,7;N
2805406;280540;Poço Redondo;Sergipe;1220,4256426;33439;17;614,7;N
2805505;280550;Poço Verde;Sergipe;441,3262994;21794;0;0,0;S
2805604;280560;Porto da Folha;Sergipe;878,0428793;26576;49;614,7;N
2805703;280570;Propriá;Sergipe;96,3200629;26618;8;614,7;N
2805802;280580;Riachão do Dantas;Sergipe;530,6068356;18313;0;614,7;N
2805901;280590;Riachuelo;Sergipe;78,3078000;8748;2;614,7;N
2806008;280600;Ribeirópolis;Sergipe;259,0556677;17033;1;614,7;N
2806107;280610;Rosário do Catete;Sergipe;102,6834755;9295;0;614,7;N
2806206;280620;Salgado;Sergipe;247,5791582;20279;1;614,7;N
2806305;280630;Santa Luzia do Itanhy;Sergipe;325,2580921;13616;7;614,7;N
2806404;280640;Santana do São Francisco;Sergipe;44,0172684;7346;0;614,7;N
2806503;280650;Santa Rosa de Lima;Sergipe;67,6715954;3937;0;614,7;N
2806602;280660;Santo Amaro das Brotas;Sergipe;236,9652362;11092;0;614,7;N
2806701;280670;São Cristóvão;Sergipe;438,0372448;95612;23;614,7;N
2806800;280680;São Domingos;Sergipe;101,9992652;10327;0;614,7;N
2806909;280690;São Francisco;Sergipe;83,9853458;3243;1;614,7;N
2807006;280700;São Miguel do Aleixo;Sergipe;144,8680513;3434;3;614,7;N
2807105;280710;Simão Dias;Sergipe;560,1993960;42578;12;614,7;N
2807204;280720;Siriri;Sergipe;168,3430272;7834;0;614,7;N
2807303;280730;Telha;Sergipe;47,8597172;3274;2;614,7;N
2807402;280740;Tobias Barreto;Sergipe;1024,6449215;50905;8;614,7;N
2807501;280750;Tomar do Geru;Sergipe;304,8374241;12012;1;614,7;N
2807600;280760;Umbaúba;Sergipe;117,5138230;23917;5;614,7;N
2900108;290010;Abaíra;Bahia;538,6774538;7301;0;673,5;N
2900207;290020;Abaré;Bahia;1604,9230991;17639;151;673,5;N
2900306;290030;Acajutiba;Bahia;181,4750875;13795;6;673,5;N
2900355;290035;Adustina;Bahia;629,0986899;14201;0;673,5;N
2900405;290040;Água Fria;Bahia;742,7751115;14497;2;673,5;N
2900504;290050;Érico Cardoso;Bahia;735,2491525;10604;0;673,5;N
2900603;290060;Aiquara;Bahia;167,8767983;4447;0;673,5;N
2900702;290070;Alagoinhas;Bahia;707,8355107;151055;444;673,5;N
2900801;290080;Alcobaça;Bahia;1477,9292870;24530;31;673,5;N
2900900;290090;Almadina;Bahia;245,2360839;5218;14;673,5;N
2901007;290100;Amargosa;Bahia;431,6545955;36521;4;1110,2;S
2901106;290110;Amélia Rodrigues;Bahia;166,8723817;24138;2;673,5;N
2901155;290115;América Dourada;Bahia;822,3725491;15137;8;673,5;N
2901205;290120;Anagé;Bahia;1899,6831970;25438;38;673,5;N
2901304;290130;Andaraí;Bahia;1590,3160921;13080;26;673,5;N
2901353;290135;Andorinha;Bahia;1362,3861578;15012;7;673,5;N
2901403;290140;Angical;Bahia;1530,0504192;13732;10;673,5;N
2901502;290150;Anguera;Bahia;187,8399309;11031;0;673,5;N
2901601;290160;Antas;Bahia;319,7450773;14206;9;673,5;N
2901700;290170;Antônio Cardoso;Bahia;293,5297362;11146;6;673,5;N
2901809;290180;Antônio Gonçalves;Bahia;345,2836163;10862;17;673,5;N
2901908;290190;Aporá;Bahia;479,2621714;15922;16;673,5;N
2901957;290195;Apuarema;Bahia;150,8297566;6913;10;673,5;N
2902005;290200;Aracatu;Bahia;1489,8032094;13936;2;673,5;N
2902054;290205;Araçás;Bahia;474,5765328;11557;15;673,5;N
2902104;290210;Araci;Bahia;1496,2454328;48294;75;673,5;N
2902203;290220;Aramari;Bahia;368,9470183;9833;23;673,5;N
2902252;290225;Arataca;Bahia;435,9619137;10191;0;673,5;N
2902302;290230;Aratuípe;Bahia;174,0118097;8677;79;673,5;N
2902401;290240;Aurelino Leal;Bahia;445,3937183;11179;2;673,5;N
2902500;290250;Baianópolis;Bahia;3320,7227535;13614;1;673,5;N
2902609;290260;Baixa Grande;Bahia;967,5136962;18220;0;673,5;N
2902658;290265;Banzaê;Bahia;409,5074489;11958;0;673,5;N
2902708;290270;Barra;Bahia;11428,1116247;51092;7;350,8;S
2902807;290280;Barra da Estiva;Bahia;1657,4127267;26026;3;673,5;N
2902906;290290;Barra do Choça;Bahia;765,9359945;36539;9;673,5;N
2903003;290300;Barra do Mendes;Bahia;1436,2987073;13836;97;673,5;N
2903102;290310;Barra do Rocha;Bahia;214,4113557;5775;2;673,5;N
2903201;290320;Barreiras;Bahia;8051,2737877;159734;56;1124,8;S
2903235;290323;Barro Alto;Bahia;414,5096503;13453;6;673,5;N
2903276;290327;Barrocas;Bahia;207,2968919;15203;10;673,5;N
2903300;290330;Barro Preto;Bahia;201,5848711;5833;4;673,5;N
2903409;290340;Belmonte;Bahia;1939,4469900;20121;6;1221,8;S
2903508;290350;Belo Campo;Bahia;772,7564859;18412;103;673,5;N
2903607;290360;Biritinga;Bahia;553,7623387;15146;9;673,5;N
2903706;290370;Boa Nova;Bahia;848,8567926;13690;1;673,5;N
2903805;290380;Boa Vista do Tupim;Bahia;2972,1092091;16873;93;673,5;N
2903904;290390;Bom Jesus da Lapa;Bahia;4115,5103508;65550;154;504,2;S
2903953;290395;Bom Jesus da Serra;Bahia;467,9091017;9730;1;673,5;N
2904001;290400;Boninal;Bahia;896,8573367;13622;1;673,5;N
2904050;290405;Bonito;Bahia;791,2755619;15844;2;673,5;N
2904100;290410;Boquira;Bahia;1426,2331891;19322;18;673,5;N
2904209;290420;Botuporã;Bahia;627,6124912;11024;3;673,5;N
2904308;290430;Brejões;Bahia;518,5663258;12943;2;673,5;N
2904407;290440;Brejolândia;Bahia;2247,2082288;9108;9;673,5;N
2904506;290450;Brotas de Macaúbas;Bahia;2520,8165277;11765;3;673,5;N
2904605;290460;Brumado;Bahia;2207,6117118;70510;37;598,2;S
2904704;290470;Buerarema;Bahia;219,4870809;14804;21;673,5;N
2904753;290475;Buritirama;Bahia;4046,7359955;19589;46;506,0;S
2904803;290480;Caatiba;Bahia;512,4355747;6205;0;673,5;N
2904852;290485;Cabaceiras do Paraguaçu;Bahia;222,0265310;16559;2;673,5;N
2904902;290490;Cachoeira;Bahia;394,8936660;29250;21;673,5;N
2905008;290500;Caculé;Bahia;610,9826416;22462;3;673,5;N
2905107;290510;Caém;Bahia;540,9080575;10384;6;673,5;N
2905156;290515;Caetanos;Bahia;767,1456791;11266;21;673,5;N
2905206;290520;Caetité;Bahia;2651,5357847;52012;37;673,5;N
2905305;290530;Cafarnaum;Bahia;643,6599305;17466;16;673,5;N
2905404;290540;Cairu;Bahia;448,8459209;17761;0;673,5;N
2905503;290550;Caldeirão Grande;Bahia;458,3110010;13080;0;673,5;N
2905602;290560;Camacan;Bahia;584,8476800;22579;7;673,5;N
2905701;290570;Camaçari;Bahia;785,4210336;300372;244;673,5;N
2905800;290580;Camamu;Bahia;839,7016294;30469;5;673,5;N
2905909;290590;Campo Alegre de Lourdes;Bahia;2914,5745218;30671;461;673,5;N
2906006;290600;Campo Formoso;Bahia;7161,8267361;71377;10;673,5;N
2906105;290610;Canápolis;Bahia;460,3880454;10225;1;673,5;N
2906204;290620;Canarana;Bahia;579,7261457;24206;13;673,5;N
2906303;290630;Canavieiras;Bahia;1334,2843831;32683;55;673,5;N
2906402;290640;Candeal;Bahia;447,5775837;7772;3;673,5;N
2906501;290650;Candeias;Bahia;251,8078330;72382;8;673,5;N
2906600;290660;Candiba;Bahia;433,6422701;13016;5;673,5;N
2906709;290670;Cândido Sales;Bahia;1169,8137479;25247;104;673,5;N
2906808;290680;Cansanção;Bahia;1351,8910780;37439;6;673,5;N
2906824;290682;Canudos;Bahia;3565,3770896;16105;14;673,5;N
2906857;290685;Capela do Alto Alegre;Bahia;629,5862981;10744;1;673,5;N
2906873;290687;Capim Grosso;Bahia;464,7761437;33235;12;673,5;N
2906899;290689;Caraíbas;Bahia;805,6290388;9940;6;673,5;N
2906907;290690;Caravelas;Bahia;2377,8892467;20580;23;1515,2;S
2907004;290700;Cardeal da Silva;Bahia;293,4559267;8365;0;673,5;N
2907103;290710;Carinhanha;Bahia;2525,9059060;28869;478;673,5;N
2907202;290720;Casa Nova;Bahia;9647,0718077;72086;215;673,5;N
2907301;290730;Castro Alves;Bahia;713,7886619;24712;4;673,5;N
2907400;290740;Catolândia;Bahia;702,5040757;3434;1;673,5;N
2907509;290750;Catu;Bahia;426,9548397;48148;107;673,5;N
2907558;290755;Caturama;Bahia;716,2613665;8841;7;673,5;N
2907608;290760;Central;Bahia;566,9738115;16348;1;673,5;N
2907707;290770;Chorrochó;Bahia;3005,3192363;10579;7;673,5;N
2907806;290780;Cícero Dantas;Bahia;819,9693920;30907;2;673,5;N
2907905;290790;Cipó;Bahia;168,3300619;17230;7;673,5;N
2908002;290800;Coaraci;Bahia;274,5004030;17333;11;673,5;N
2908101;290810;Cocos;Bahia;10140,5717604;19151;1;673,5;N
2908200;290820;Conceição da Feira;Bahia;164,7982401;20800;7;673,5;N
2908309;290830;Conceição do Almeida;Bahia;284,8363389;15794;23;673,5;N
2908408;290840;Conceição do Coité;Bahia;1015,2511873;67825;17;673,5;N
2908507;290850;Conceição do Jacuípe;Bahia;114,8689542;35308;36;673,5;N
2908606;290860;Conde;Bahia;931,1062678;23654;14;1255,4;S
2908705;290870;Condeúba;Bahia;1348,0394997;17053;61;673,5;N
2908804;290880;Contendas do Sincorá;Bahia;977,4554676;4333;0;673,5;N
2908903;290890;Coração de Maria;Bahia;378,4204842;26692;31;673,5;N
2909000;290900;Cordeiros;Bahia;523,6400014;7546;5;673,5;N
2909109;290910;Coribe;Bahia;2662,8189366;13990;50;673,5;N
2909208;290920;Coronel João Sá;Bahia;797,4338211;17056;2;673,5;N
2909307;290930;Correntina;Bahia;11504,3143347;32457;171;391,0;S
2909406;290940;Cotegipe;Bahia;4282,7747023;13063;0;673,5;N
2909505;290950;Cravolândia;Bahia;182,5851475;4415;10;673,5;N
2909604;290960;Crisópolis;Bahia;636,6087560;19729;10;673,5;N
2909703;290970;Cristópolis;Bahia;1052,8370613;13993;8;673,5;N
2909802;290980;Cruz das Almas;Bahia;139,1174051;60348;16;723,2;S
2909901;290990;Curaçá;Bahia;5950,6137309;34180;71;470,0;S
2910008;291000;Dário Meira;Bahia;413,6371807;10820;4;673,5;N
2910057;291005;Dias d'Ávila;Bahia;183,7590975;71485;80;673,5;N
2910107;291010;Dom Basílio;Bahia;689,5158147;11884;3;673,5;N
2910206;291020;Dom Macedo Costa;Bahia;94,7775709;4407;3;673,5;N
2910305;291030;Elísio Medrado;Bahia;179,3291297;7808;0;673,5;N
2910404;291040;Encruzilhada;Bahia;1890,1326538;19107;28;673,5;N
2910503;291050;Entre Rios;Bahia;1187,7659658;38098;5;673,5;N
2910602;291060;Esplanada;Bahia;1299,3551563;32554;10;673,5;N
2910701;291070;Euclides da Cunha;Bahia;2025,3675346;61456;115;913,6;S
2910727;291072;Eunápolis;Bahia;1425,9699516;113710;126;673,5;N
2910750;291075;Fátima;Bahia;364,4188152;17895;7;673,5;N
2910776;291077;Feira da Mata;Bahia;1176,1112506;5631;2;673,5;N
2910800;291080;Feira de Santana;Bahia;1304,4249330;616272;542;644,6;S
2910859;291085;Filadélfia;Bahia;579,6855051;17897;21;673,5;N
2910909;291090;Firmino Alves;Bahia;172,3526307;4873;1;673,5;N
2911006;291100;Floresta Azul;Bahia;321,0127900;11059;2;673,5;N
2911105;291110;Formosa do Rio Preto;Bahia;15634,3276576;25899;5;440,8;S
2911204;291120;Gandu;Bahia;229,6612573;32178;13;673,5;N
2911253;291125;Gavião;Bahia;384,5921148;4360;0;673,5;N
2911303;291130;Gentio do Ouro;Bahia;3817,9463585;10884;12;673,5;N
2911402;291140;Glória;Bahia;1566,6092415;15524;0;673,5;N
2911501;291150;Gongogi;Bahia;202,1939731;5555;4;673,5;N
2911600;291160;Governador Mangabeira;Bahia;106,8479017;20605;42;673,5;N
2911659;291165;Guajeru;Bahia;872,8671471;8050;0;673,5;N
2911709;291170;Guanambi;Bahia;1272,3664304;87817;91;325,8;S
2911808;291180;Guaratinga;Bahia;2189,4036075;19049;5;673,5;N
2911857;291185;Heliópolis;Bahia;313,4377292;12309;1;673,5;N
2911907;291190;Iaçu;Bahia;2342,4967468;24607;9;673,5;N
2912004;291200;Ibiassucê;Bahia;483,2737075;10429;12;673,5;N
2912103;291210;Ibicaraí;Bahia;230,9531160;21665;21;673,5;N
2912202;291220;Ibicoara;Bahia;817,3550384;20785;1;673,5;N
2912301;291230;Ibicuí;Bahia;1139,3782769;13934;3;673,5;N
2912400;291240;Ibipeba;Bahia;1382,0075078;16603;4;673,5;N
2912509;291250;Ibipitanga;Bahia;954,3726023;13863;8;673,5;N
2912608;291260;Ibiquera;Bahia;698,2446917;3725;0;673,5;N
2912707;291270;Ibirapitanga;Bahia;472,6636631;25344;0;673,5;N
2912806;291280;Ibirapuã;Bahia;771,0975759;8896;4;673,5;N
2912905;291290;Ibirataia;Bahia;318,1294303;18792;23;673,5;N
2913002;291300;Ibitiara;Bahia;1834,0023891;14637;6;673,5;N
2913101;291310;Ibititá;Bahia;573,0334455;16969;8;673,5;N
2913200;291320;Ibotirama;Bahia;1740,1129104;26309;47;905,8;S
2913309;291330;Ichu;Bahia;138,0161916;6190;7;673,5;N
2913408;291340;Igaporã;Bahia;836,5857141;15527;1;673,5;N
2913457;291345;Igrapiúna;Bahia;591,3121061;13151;0;673,5;N
2913507;291350;Iguaí;Bahia;860,2234683;21491;0;673,5;N
2913606;291360;Ilhéus;Bahia;1588,5548182;178649;724;2508,4;S
2913705;291370;Inhambupe;Bahia;1082,2827591;33790;54;673,5;N
2913804;291380;Ipecaetá;Bahia;372,5649204;13709;2;673,5;N
2913903;291390;Ipiaú;Bahia;280,4535230;40706;67;1103,6;S
2914000;291400;Ipirá;Bahia;3105,2804230;56876;10;673,5;N
2914109;291410;Ipupiara;Bahia;1055,7600677;9935;8;673,5;N
2914208;291420;Irajuba;Bahia;459,0467718;6101;0;673,5;N
2914307;291430;Iramaia;Bahia;1708,1148796;10752;0;673,5;N
2914406;291440;Iraquara;Bahia;991,8222614;23879;30;673,5;N
2914505;291450;Irará;Bahia;267,8798688;28043;50;673,5;N
2914604;291460;Irecê;Bahia;319,1744134;74507;30;195,8;S
2914653;291465;Itabela;Bahia;924,9144992;28165;11;673,5;N
2914703;291470;Itaberaba;Bahia;2386,3898394;65073;549;252,4;S
2914802;291480;Itabuna;Bahia;401,0284707;186708;621;673,5;N
2914901;291490;Itacaré;Bahia;726,2654801;27704;72;673,5;N
2915007;291500;Itaeté;Bahia;1331,8223842;13472;5;673,5;N
2915106;291510;Itagi;Bahia;310,6210324;13803;6;673,5;N
2915205;291520;Itagibá;Bahia;810,9935067;15310;52;673,5;N
2915304;291530;Itagimirim;Bahia;876,8001896;6347;0;673,5;N
2915353;291535;Itaguaçu da Bahia;Bahia;4310,2380176;12311;7;673,5;N
2915403;291540;Itaju do Colônia;Bahia;1225,2867689;6037;1;673,5;N
2915502;291550;Itajuípe;Bahia;270,7521544;18781;10;673,5;N
2915601;291560;Itamaraju;Bahia;2360,5844490;59605;47;706,8;S
2915700;291570;Itamari;Bahia;143,4791909;7051;1;673,5;N
2915809;291580;Itambé;Bahia;1534,5751978;24394;5;673,5;N
2915908;291590;Itanagra;Bahia;533,6338274;5914;4;673,5;N
2916005;291600;Itanhém;Bahia;1394,1743922;17813;12;673,5;N
2916104;291610;Itaparica;Bahia;121,3727714;19789;15;673,5;N
2916203;291620;Itapé;Bahia;453,1441351;10341;20;673,5;N
2916302;291630;Itapebi;Bahia;1013,0738685;9174;16;673,5;N
2916401;291640;Itapetinga;Bahia;1651,1575904;65897;11;714,0;S
2916500;291650;Itapicuru;Bahia;1557,6853673;31679;3;673,5;N
2916609;291660;Itapitanga;Bahia;420,6634074;10279;1;673,5;N
2916708;291670;Itaquara;Bahia;344,0932841;8153;1;673,5;N
2916807;291680;Itarantim;Bahia;1674,0291091;17052;2;673,5;N
2916856;291685;Itatim;Bahia;547,5102084;15737;4;673,5;N
2916906;291690;Itiruçu;Bahia;322,2429622;10999;0;541,2;S
2917003;291700;Itiúba;Bahia;1650,5929752;33872;85;673,5;N
2917102;291710;Itororó;Bahia;313,8393853;16617;1;673,5;N
2917201;291720;Ituaçu;Bahia;1199,3743504;17914;2;673,5;N
2917300;291730;Ituberá;Bahia;415,4276802;21902;9;673,5;N
2917334;291733;Iuiu;Bahia;1525,1421899;11118;4;673,5;N
2917359;291735;Jaborandi;Bahia;9955,1128239;9275;32;673,5;N
2917409;291740;Jacaraci;Bahia;1332,4200396;14436;7;673,5;N
2917508;291750;Jacobina;Bahia;2192,9054117;82590;56;0,0;S
2917607;291760;Jaguaquara;Bahia;924,5122069;45964;9;673,5;N
2917706;291770;Jaguarari;Bahia;2466,0092513;32703;10;673,5;N
2917805;291780;Jaguaripe;Bahia;863,4240680;17659;5;673,5;N
2917904;291790;Jandaíra;Bahia;640,7723382;9285;9;673,5;N
2918001;291800;Jequié;Bahia;2969,0387342;158813;87;673,5;N
2918100;291810;Jeremoabo;Bahia;4267,4879515;37626;7;697,8;S
2918209;291820;Jiquiriçá;Bahia;238,6600317;13629;6;673,5;N
2918308;291830;Jitaúna;Bahia;262,0502259;14355;2;673,5;N
2918357;291835;João Dourado;Bahia;913,2577012;24854;14;673,5;N
2918407;291840;Juazeiro;Bahia;6721,2367660;237821;55;673,5;N
2918456;291845;Jucuruçu;Bahia;1457,6556999;9655;0;673,5;N
2918506;291850;Jussara;Bahia;1355,1731706;16354;2;673,5;N
2918555;291855;Jussari;Bahia;329,1903017;5888;7;673,5;N
2918605;291860;Jussiape;Bahia;589,7627629;7379;1;673,5;N
2918704;291870;Lafaiete Coutinho;Bahia;498,1098321;4075;293;673,5;N
2918753;291875;Lagoa Real;Bahia;912,2223589;14105;1;673,5;N
2918803;291880;Laje;Bahia;449,8343678;21052;11;673,5;N
2918902;291890;Lajedão;Bahia;624,3530196;3845;1;673,5;N
2919009;291900;Lajedinho;Bahia;846,7279757;3527;2;673,5;N
2919058;291905;Lajedo do Tabocal;Bahia;382,9364706;7494;0;673,5;N
2919108;291910;Lamarão;Bahia;189,2591832;9015;3;673,5;N
2919157;291915;Lapão;Bahia;642,8821940;25736;5;673,5;N
2919207;291920;Lauro de Freitas;Bahia;57,9424945;203331;123;673,5;N
2919306;291930;Lençóis;Bahia;1283,3279203;10774;3;1065,2;S
2919405;291940;Licínio de Almeida;Bahia;856,6260023;11834;26;673,5;N
2919504;291950;Livramento de Nossa Senhora;Bahia;1952,5099343;43903;12;673,5;N
2919553;291955;Luís Eduardo Magalhães;Bahia;4036,0936423;107909;30;673,5;N
2919603;291960;Macajuba;Bahia;701,1709946;10454;1;263,0;S
2919702;291970;Macarani;Bahia;1210,1064517;21599;5;673,5;N
2919801;291980;Macaúbas;Bahia;2459,1018887;41859;46;673,5;N
2919900;291990;Macururé;Bahia;2545,8563915;7256;2;673,5;N
2919926;291992;Madre de Deus;Bahia;32,2006439;18504;11;673,5;N
2919959;291995;Maetinga;Bahia;614,8335445;6973;8;673,5;N
2920007;292000;Maiquinique;Bahia;588,2971108;8731;19;673,5;N
2920106;292010;Mairi;Bahia;906,6801770;17674;2;673,5;N
2920205;292020;Malhada;Bahia;1979,1929233;15398;40;673,5;N
2920304;292030;Malhada de Pedras;Bahia;550,5501519;8670;5;673,5;N
2920403;292040;Manoel Vitorino;Bahia;2201,7637868;13860;7;673,5;N
2920452;292045;Mansidão;Bahia;3129,5876887;13919;1;673,5;N
2920502;292050;Maracás;Bahia;2413,2703479;27620;8;673,5;N
2920601;292060;Maragogipe;Bahia;437,6103956;35859;94;673,5;N
2920700;292070;Maraú;Bahia;848,8849203;24527;106;658,0;S
2920809;292080;Marcionílio Souza;Bahia;1099,2833648;9267;8;673,5;N
2920908;292090;Mascote;Bahia;742,6886750;13544;6;673,5;N
2921005;292100;Mata de São João;Bahia;605,1678424;42566;91;673,5;N
2921054;292105;Matina;Bahia;773,2796554;10330;7;673,5;N
2921104;292110;Medeiros Neto;Bahia;1311,7392550;22194;16;673,5;N
2921203;292120;Miguel Calmon;Bahia;1599,6716404;24661;10;673,5;N
2921302;292130;Milagres;Bahia;420,3574580;11071;3;673,5;N
2921401;292140;Mirangaba;Bahia;1751,7781068;15734;22;673,5;N
2921450;292145;Mirante;Bahia;1172,8605161;10187;16;673,5;N
2921500;292150;Monte Santo;Bahia;3034,1968775;47780;9;673,5;N
2921609;292160;Morpará;Bahia;2093,8722839;7996;27;673,5;N
2921708;292170;Morro do Chapéu;Bahia;5744,9691427;33594;97;673,5;N
2921807;292180;Mortugaba;Bahia;528,2144690;11143;2;673,5;N
2921906;292190;Mucugê;Bahia;2462,1531889;12137;55;673,5;N
2922003;292200;Mucuri;Bahia;1787,6261976;37977;50;673,5;N
2922052;292205;Mulungu do Morro;Bahia;646,6207080;13152;7;673,5;N
2922102;292210;Mundo Novo;Bahia;1491,9902772;17305;0;673,5;N
2922201;292220;Muniz Ferreira;Bahia;104,5398668;7190;7;673,5;N
2922250;292225;Muquém do São Francisco;Bahia;3852,1110313;10443;6;673,5;N
2922300;292230;Muritiba;Bahia;86,3115350;28707;388;673,5;N
2922409;292240;Mutuípe;Bahia;275,8542035;20037;11;673,5;N
2922508;292250;Nazaré;Bahia;278,6294708;27060;31;673,5;N
2922607;292260;Nilo Peçanha;Bahia;388,9360403;12063;4;673,5;N
2922656;292265;Nordestina;Bahia;465,4069181;18523;4;673,5;N
2922706;292270;Nova Canaã;Bahia;804,6173235;13715;7;673,5;N
2922730;292273;Nova Fátima;Bahia;346,7837260;7967;6;673,5;N
2922755;292275;Nova Ibiá;Bahia;203,1983497;6501;0;673,5;N
2922805;292280;Nova Itarana;Bahia;475,3807499;7780;3;673,5;N
2922854;292285;Nova Redenção;Bahia;565,3556362;7538;28;673,5;N
2922904;292290;Nova Soure;Bahia;966,9926186;24236;8;673,5;N
2923001;292300;Nova Viçosa;Bahia;1316,3792899;39509;13;673,5;N
2923035;292303;Novo Horizonte;Bahia;627,4996183;11162;17;673,5;N
2923050;292305;Novo Triunfo;Bahia;278,4874552;10660;2;673,5;N
2923100;292310;Olindina;Bahia;637,3165994;22633;20;673,5;N
2923209;292320;Oliveira dos Brejinhos;Bahia;3313,4176405;20715;15;673,5;N
2923308;292330;Ouriçangas;Bahia;156,9819813;7716;2;673,5;N
2923357;292335;Ourolândia;Bahia;1544,9882707;19243;12;673,5;N
2923407;292340;Palmas de Monte Alto;Bahia;2560,0267714;20078;65;673,5;N
2923506;292350;Palmeiras;Bahia;737,4539770;10339;12;673,5;N
2923605;292360;Paramirim;Bahia;1087,0605121;20351;3;673,5;N
2923704;292370;Paratinga;Bahia;2624,9980590;29252;47;673,5;N
2923803;292380;Paripiranga;Bahia;442,1862700;26604;7;673,5;N
2923902;292390;Pau Brasil;Bahia;626,3062430;9370;0;673,5;N
2924009;292400;Paulo Afonso;Bahia;1544,3881066;112870;23;673,5;N
2924058;292405;Pé de Serra;Bahia;596,7706943;13243;8;673,5;N
2924108;292410;Pedrão;Bahia;158,4875913;6235;2;673,5;N
2924207;292420;Pedro Alexandre;Bahia;889,5721100;13954;1;673,5;N
2924306;292430;Piatã;Bahia;1825,8564662;20086;7;941,8;S
2924405;292440;Pilão Arcado;Bahia;11597,9356218;35357;29;673,5;N
2924504;292450;Pindaí;Bahia;628,4686289;14731;7;673,5;N
2924603;292460;Pindobaçu;Bahia;495,8445466;19083;12;673,5;N
2924652;292465;Pintadas;Bahia;647,1437817;10325;3;673,5;N
2924678;292467;Piraí do Norte;Bahia;193,4273884;10974;0;673,5;N
2924702;292470;Piripá;Bahia;511,7555781;9152;7;673,5;N
2924801;292480;Piritiba;Bahia;980,3277502;17566;0;673,5;N
2924900;292490;Planaltino;Bahia;955,4541894;8022;0;673,5;N
2925006;292500;Planalto;Bahia;769,0001322;23334;10;673,5;N
2925105;292510;Poções;Bahia;937,8546800;48293;10;673,5;N
2925204;292520;Pojuca;Bahia;314,9324801;32136;32;673,5;N
2925253;292525;Ponto Novo;Bahia;530,1442264;17938;4;673,5;N
2925303;292530;Porto Seguro;Bahia;2285,7340377;168326;157;51,6;S
2925402;292540;Potiraguá;Bahia;1111,5673581;10274;1;673,5;N
2925501;292550;Prado;Bahia;1692,1004346;35003;14;673,5;N
2925600;292560;Presidente Dutra;Bahia;232,0635865;15130;2;673,5;N
2925709;292570;Presidente Jânio Quadros;Bahia;1208,5488701;12621;8;673,5;N
2925758;292575;Presidente Tancredo Neves;Bahia;441,8195293;27734;382;673,5;N
2925808;292580;Queimadas;Bahia;2011,0596450;25988;55;0,0;S
2925907;292590;Quijingue;Bahia;1380,7978938;25272;7;673,5;N
2925931;292593;Quixabeira;Bahia;366,3866044;9461;6;673,5;N
2925956;292595;Rafael Jambeiro;Bahia;1090,5519215;19662;2;673,5;N
2926004;292600;Remanso;Bahia;4573,5047032;40586;185;0,0;S
2926103;292610;Retirolândia;Bahia;242,3294257;13651;5;673,5;N
2926202;292620;Riachão das Neves;Bahia;5977,9308552;21642;1;673,5;N
2926301;292630;Riachão do Jacuípe;Bahia;1155,4186414;33386;6;673,5;N
2926400;292640;Riacho de Santana;Bahia;3183,9089647;30711;99;673,5;N
2926509;292650;Ribeira do Amparo;Bahia;644,2296922;13841;7;512,8;S
2926608;292660;Ribeira do Pombal;Bahia;1252,1437817;54010;98;673,5;N
2926657;292665;Ribeirão do Largo;Bahia;1363,6996583;9740;0;673,5;N
2926707;292670;Rio de Contas;Bahia;1115,2517290;13184;1;673,5;N
2926806;292680;Rio do Antônio;Bahia;777,9035067;13146;1;673,5;N
2926905;292690;Rio do Pires;Bahia;656,2230777;10497;0;673,5;N
2927002;292700;Rio Real;Bahia;739,7754970;35362;728;673,5;N
2927101;292710;Rodelas;Bahia;2207,1590972;10308;3;673,5;N
2927200;292720;Ruy Barbosa;Bahia;1991,7718930;28282;36;673,5;N
2927309;292730;Salinas da Margarida;Bahia;150,5694168;14987;11;673,5;N
2927408;292740;Salvador;Bahia;693,4420551;2417678;3579;1803,2;S
2927507;292750;Santa Bárbara;Bahia;347,0210358;20952;4;673,5;N
2927606;292760;Santa Brígida;Bahia;934,4607124;14965;6;673,5;N
2927705;292770;Santa Cruz Cabrália;Bahia;1462,9416571;29185;17;673,5;N
2927804;292780;Santa Cruz da Vitória;Bahia;284,0826101;4681;1;673,5;N
2927903;292790;Santa Inês;Bahia;379,2696946;10300;3;673,5;N
2928000;292800;Santaluz;Bahia;1623,4452799;37834;22;673,5;N
2928059;292805;Santa Luzia;Bahia;824,4729137;13896;2;673,5;N
2928109;292810;Santa Maria da Vitória;Bahia;1984,9103773;38604;1174;673,5;N
2928208;292820;Santana;Bahia;1909,3528053;24755;42;673,5;N
2928307;292830;Santanópolis;Bahia;222,6855520;8716;1;673,5;N
2928406;292840;Santa Rita de Cássia;Bahia;6030,4913554;27390;56;136,8;S
2928505;292850;Santa Terezinha;Bahia;719,2569500;10441;45;673,5;N
2928604;292860;Santo Amaro;Bahia;494,5023838;56012;92;673,5;N
2928703;292870;Santo Antônio de Jesus;Bahia;261,7399719;103055;705;673,5;N
2928802;292880;Santo Estêvão;Bahia;360,3343665;52276;129;673,5;N
2928901;292890;São Desidério;Bahia;15156,7117802;32828;4;673,5;N
2928950;292895;São Domingos;Bahia;289,9630878;8426;14;673,5;N
2929008;292900;São Félix;Bahia;103,2264686;11026;36;673,5;N
2929057;292905;São Félix do Coribe;Bahia;1751,6705043;15194;158;673,5;N
2929107;292910;São Felipe;Bahia;222,4074857;20283;23;673,5;N
2929206;292920;São Francisco do Conde;Bahia;269,7152874;38733;8;673,5;N
2929255;292925;São Gabriel;Bahia;1146,0543678;18600;2;673,5;N
2929305;292930;São Gonçalo dos Campos;Bahia;294,7680516;39513;9;673,5;N
2929354;292935;São José da Vitória;Bahia;127,9251175;5315;2;673,5;N
2929370;292937;São José do Jacuípe;Bahia;362,3652142;10187;6;673,5;N
2929404;292940;São Miguel das Matas;Bahia;230,9059580;10334;9;673,5;N
2929503;292950;São Sebastião do Passé;Bahia;536,6777807;40958;3;673,5;N
2929602;292960;Sapeaçu;Bahia;131,2177401;17963;6;673,5;N
2929701;292970;Sátiro Dias;Bahia;949,2230478;16008;8;673,5;N
2929750;292975;Saubara;Bahia;166,4276292;11438;1;673,5;N
2929800;292980;Saúde;Bahia;509,0980134;10478;0;673,5;N
2929909;292990;Seabra;Bahia;2402,1695981;46160;34;673,5;N
2930006;293000;Sebastião Laranjeiras;Bahia;1984,5107169;9360;28;673,5;N
2930105;293010;Senhor do Bonfim;Bahia;789,3605955;74523;48;536,2;S
2930154;293015;Serra do Ramalho;Bahia;2340,6838029;34222;58;673,5;N
2930204;293020;Sento Sé;Bahia;11980,1719033;38154;8;673,5;N
2930303;293030;Serra Dourada;Bahia;1592,2450696;17066;11;673,5;N
2930402;293040;Serra Preta;Bahia;595,2968468;17996;1;673,5;N
2930501;293050;Serrinha;Bahia;583,3113565;80435;8;274,6;S
2930600;293060;Serrolândia;Bahia;322,0223381;13335;6;673,5;N
2930709;293070;Simões Filho;Bahia;201,5283945;114559;88;673,5;N
2930758;293075;Sítio do Mato;Bahia;1627,8054947;13408;184;673,5;N
2930766;293076;Sítio do Quinto;Bahia;684,0889941;14773;1;673,5;N
2930774;293077;Sobradinho;Bahia;1355,9723512;25475;57;673,5;N
2930808;293080;Souto Soares;Bahia;1026,6342671;17054;25;673,5;N
2930907;293090;Tabocas do Brejo Velho;Bahia;1437,1890130;11979;2;673,5;N
2931004;293100;Tanhaçu;Bahia;1277,5145227;21006;5;673,5;N
2931053;293105;Tanque Novo;Bahia;729,5157731;17158;0;673,5;N
2931103;293110;Tanquinho;Bahia;243,8389806;7717;0;673,5;N
2931202;293120;Taperoá;Bahia;454,0805718;18044;30;673,5;N
2931301;293130;Tapiramutá;Bahia;714,6914870;15818;0;673,5;N
2931350;293135;Teixeira de Freitas;Bahia;1165,6215841;145216;1117;673,5;N
2931400;293140;Teodoro Sampaio;Bahia;244,6134037;7110;127;673,5;N
2931509;293150;Teofilândia;Bahia;351,8919610;21176;0;673,5;N
2931608;293160;Teolândia;Bahia;289,7817340;15332;14;673,5;N
2931707;293170;Terra Nova;Bahia;193,2410345;10798;2;673,5;N
2931806;293180;Tremedal;Bahia;2010,3156026;16296;81;673,5;N
2931905;293190;Tucano;Bahia;2198,2366313;48736;21;673,5;N
2932002;293200;Uauá;Bahia;3060,1158812;24665;1233;673,5;N
2932101;293210;Ubaíra;Bahia;659,0796455;18626;4;673,5;N
2932200;293220;Ubaitaba;Bahia;181,1018230;17596;11;673,5;N
2932309;293230;Ubatã;Bahia;177,6433729;16094;2;673,5;N
2932408;293240;Uibaí;Bahia;545,2976517;13432;1;673,5;N
2932457;293245;Umburanas;Bahia;1775,6331984;13642;1;673,5;N
2932507;293250;Unas;Bahia;1126,7329673;18131;7;673,5;N
2932606;293260;Urandi;Bahia;902,4021213;15355;4;673,5;N
2932705;293270;Uruçuca;Bahia;510,0978883;21420;91;673,5;N
2932804;293280;Utinga;Bahia;633,7597386;16277;5;673,5;N
2932903;293290;Valença;Bahia;1123,9748576;85655;42;0,0;S
2933000;293300;Valente;Bahia;394,8770363;24362;10;673,5;N
2933059;293305;Várzea da Roça;Bahia;468,4067191;13800;0;673,5;N
2933109;293310;Várzea do Poço;Bahia;206,4775101;8101;0;673,5;N
2933158;293315;Várzea Nova;Bahia;1225,8918396;13377;57;673,5;N
2933174;293317;Varzedo;Bahia;221,3989819;9913;10;673,5;N
2933208;293320;Vera Cruz;Bahia;297,5372256;42529;66;673,5;N
2933257;293325;Vereda;Bahia;782,1590056;6003;11;673,5;N
2933307;293330;Vitória da Conquista;Bahia;3254,1861163;370879;720;209,0;S
2933406;293340;Wagner;Bahia;522,3695718;9503;8;673,5;N
2933455;293345;Wanderley;Bahia;2920,5785454;12968;4;673,5;N
2933505;293350;Wenceslau Guimarães;Bahia;655,0571875;24474;12;673,5;N
2933604;293360;Xique-Xique;Bahia;5079,6617340;44757;8;673,5;N
3100104;310010;Abadia dos Dourados;Minas Gerais;880,4612352;6272;169;1146,5;N
3100203;310020;Abaeté;Minas Gerais;1817,0669005;22675;6;1146,5;N
3100302;310030;Abre Campo;Minas Gerais;470,5509774;13927;12;1146,5;N
3100401;310040;Acaiaca;Minas Gerais;101,8859886;3909;2;1146,5;N
3100500;310050;Açucena;Minas Gerais;815,4218812;8943;7;1146,5;N
3100609;310060;Água Boa;Minas Gerais;1320,3436505;12589;16;1146,5;N
3100708;310070;Água Comprida;Minas Gerais;492,1667429;2108;9;1146,5;N
3100807;310080;Aguanil;Minas Gerais;232,0911522;4357;9;1146,5;N
3100906;310090;Águas Formosas;Minas Gerais;820,0789726;18448;730;1146,5;N
3101003;310100;Águas Vermelhas;Minas Gerais;1256,6073667;14037;5;42,4;S
3101102;310110;Aimorés;Minas Gerais;1348,9129061;25269;668;1207,2;S
3101201;310120;Aiuruoca;Minas Gerais;649,6795899;6233;0;1146,5;N
3101300;310130;Alagoa;Minas Gerais;161,3556169;2749;1;1146,5;N
3101409;310140;Albertina;Minas Gerais;58,0099827;2952;1;1146,5;N
3101508;310150;Além Paraíba;Minas Gerais;510,2496741;30717;13;1146,5;N
3101607;310160;Alfenas;Minas Gerais;850,4455028;78970;14;1146,5;N
3101631;310163;Alfredo Vasconcelos;Minas Gerais;130,8145572;6931;5;1146,5;N
3101706;310170;Almenara;Minas Gerais;2294,4258819;40364;9;973,8;S
3101805;310180;Alpercata;Minas Gerais;166,9723842;6903;217;1146,5;N
3101904;310190;Alpinópolis;Minas Gerais;460,6854719;18300;3;1146,5;N
3102001;310200;Alterosa;Minas Gerais;362,0096599;13915;0;1146,5;N
3102050;310205;Alto Caparaó;Minas Gerais;103,6903542;5795;2;1146,5;N
3102100;310210;Alto Rio Doce;Minas Gerais;518,0526726;10891;1;1146,5;N
3102209;310220;Alvarenga;Minas Gerais;278,1749402;3975;10;1146,5;N
3102308;310230;Alvinópolis;Minas Gerais;599,4433089;15059;12;1146,5;N
3102407;310240;Alvorada de Minas;Minas Gerais;374,0084881;4159;1;1146,5;N
3102506;310250;Amparo do Serra;Minas Gerais;136,1859302;4541;3;1146,5;N
3102605;310260;Andradas;Minas Gerais;469,3963546;40553;1;1146,5;N
3102704;310270;Cachoeira de Pajeú;Minas Gerais;695,6723289;9110;31;1146,5;N
3102803;310280;Andrelândia;Minas Gerais;1005,2846260;11927;1;1146,5;N
3102852;310285;Angelândia;Minas Gerais;185,2108132;7718;3;1146,5;N
3102902;310290;Antônio Carlos;Minas Gerais;529,9149936;11095;8;1146,5;N
3103009;310300;Antônio Dias;Minas Gerais;787,0606371;9219;48;1146,5;N
3103108;310310;Antônio Prado de Minas;Minas Gerais;83,8023342;1538;0;1146,5;N
3103207;310320;Araçaí;Minas Gerais;187,5304762;2181;33;1146,5;N
3103306;310330;Aracitaba;Minas Gerais;106,6082264;2049;0;1146,5;N
3103405;310340;Araçuaí;Minas Gerais;2236,2789858;34297;73;315,0;S
3103504;310350;Araguari;Minas Gerais;2729,7772941;117808;903;1146,5;N
3103603;310360;Arantina;Minas Gerais;89,4200250;2915;2;1146,5;N
3103702;310370;Araponga;Minas Gerais;303,7926275;8048;2;1146,5;N
3103751;310375;Araporã;Minas Gerais;294,3535193;8479;407;1146,5;N
3103801;310380;Arapuá;Minas Gerais;173,8937051;2631;20;1146,5;N
3103900;310390;Araújos;Minas Gerais;245,5220630;9199;32;1146,5;N
3104007;310400;Araxá;Minas Gerais;1164,0615759;111691;463;1662,2;S
3104106;310410;Arceburgo;Minas Gerais;162,8751034;9177;1;1146,5;N
3104205;310420;Arcos;Minas Gerais;509,8734507;41416;1043;1146,5;N
3104304;310430;Areado;Minas Gerais;283,1235331;13881;4;1146,5;N
3104403;310440;Argirita;Minas Gerais;159,3779545;2688;1;1146,5;N
3104452;310445;Aricanduva;Minas Gerais;243,3288333;4719;3;1146,5;N
3104502;310450;Arinos;Minas Gerais;5279,4190363;17272;8;1146,5;N
3104601;310460;Astolfo Dutra;Minas Gerais;158,8905722;14138;1;1146,5;N
3104700;310470;Ataléia;Minas Gerais;1836,9251159;13736;2;1146,5;N
3104809;310480;Augusto de Lima;Minas Gerais;1254,8316140;4538;1;1146,5;N
3104908;310490;Baependi;Minas Gerais;750,5536974;18366;7;1146,5;N
3105004;310500;Baldim;Minas Gerais;556,2664219;7492;5;1146,5;N
3105103;310510;Bambuí;Minas Gerais;1455,8186880;23546;8;797,6;S
3105202;310520;Bandeira;Minas Gerais;483,7887845;4741;0;1146,5;N
3105301;310530;Bandeira do Sul;Minas Gerais;47,2660345;5943;0;1146,5;N
3105400;310540;Barão de Cocais;Minas Gerais;340,1398336;30778;85;1146,5;N
3105509;310550;Barão do Monte Alto;Minas Gerais;198,3128486;4964;18;1146,5;N
3105608;310560;Barbacena;Minas Gerais;759,1857785;125317;147;1850,4;S
3105707;310570;Barra Longa;Minas Gerais;383,6280115;5666;1;1146,5;N
3105905;310590;Barroso;Minas Gerais;82,0697455;20080;13;1146,5;N
3106002;310600;Bela Vista de Minas;Minas Gerais;109,1430575;10167;2;1146,5;N
3106101;310610;Belmiro Braga;Minas Gerais;393,0861513;3244;17;1146,5;N
3106200;310620;Belo Horizonte;Minas Gerais;331,3535943;2315560;2524;1944,6;S
3106309;310630;Belo Oriente;Minas Gerais;334,9092619;23928;67;1146,5;N
3106408;310640;Belo Vale;Minas Gerais;365,9230406;8627;38;1146,5;N
3106507;310650;Berilo;Minas Gerais;587,1059883;9826;1;1146,5;N
3106606;310660;Bertópolis;Minas Gerais;427,8029327;4451;32;1146,5;N
3106655;310665;Berizal;Minas Gerais;488,7561187;4201;3;1146,5;N
3106705;310670;Betim;Minas Gerais;344,0620972;411846;700;1146,5;N
3106804;310680;Bias Fortes;Minas Gerais;283,5354209;3361;0;1146,5;N
3106903;310690;Bicas;Minas Gerais;140,0823443;13978;1;1146,5;N
3107000;310700;Biquinhas;Minas Gerais;458,9476887;2383;1;1146,5;N
3107109;310710;Boa Esperança;Minas Gerais;860,6689999;39848;4;1146,5;N
3107208;310720;Bocaina de Minas;Minas Gerais;503,7699052;5348;2;1146,5;N
3107307;310730;Bocaiúva;Minas Gerais;3206,7567462;48032;1160;1146,5;N
3107406;310740;Bom Despacho;Minas Gerais;1213,5455877;51737;8;1146,5;N
3107505;310750;Bom Jardim de Minas;Minas Gerais;412,0208308;6783;7;1146,5;N
3107604;310760;Bom Jesus da Penha;Minas Gerais;208,3494062;4474;2;1146,5;N
3107703;310770;Bom Jesus do Amparo;Minas Gerais;195,6110014;5631;20;1146,5;N
3107802;310780;Bom Jesus do Galho;Minas Gerais;592,2885564;14536;19;1146,5;N
3107901;310790;Bom Repouso;Minas Gerais;229,8448804;12649;1;1146,5;N
3108008;310800;Bom Sucesso;Minas Gerais;705,0461384;17151;4;1146,5;N
3108107;310810;Bonfim;Minas Gerais;301,8652636;7434;11;1146,5;N
3108206;310820;Bonfinópolis de Minas;Minas Gerais;1850,4873668;5528;4;1146,5;N
3108255;310825;Bonito de Minas;Minas Gerais;3936,4552903;10204;37;1146,5;N
3108305;310830;Borda da Mata;Minas Gerais;301,1080372;17404;5;1146,5;N
3108404;310840;Botelhos;Minas Gerais;334,0887158;14828;0;1146,5;N
3108503;310850;Botumirim;Minas Gerais;1568,8842580;5790;27;1146,5;N
3108552;310855;Brasilândia de Minas;Minas Gerais;2509,6935800;15020;3;1146,5;N
3108602;310860;Brasília de Minas;Minas Gerais;1399,4841254;32025;23;1146,5;N
3108701;310870;Brás Pires;Minas Gerais;223,3513883;4260;2;1146,5;N
3108800;310880;Braúnas;Minas Gerais;378,3182849;4441;9;1146,5;N
3108909;310890;Brazópolis;Minas Gerais;367,6882703;14246;0;1146,5;N
3109006;310900;Brumadinho;Minas Gerais;639,4343441;38915;141;1146,5;N
3109105;310910;Bueno Brandão;Minas Gerais;356,1504608;10911;1;1146,5;N
3109204;310920;Buenópolis;Minas Gerais;1599,8811757;9150;4;1146,5;N
3109253;310925;Bugre;Minas Gerais;161,4911830;4041;18;1146,5;N
3109303;310930;Buritis;Minas Gerais;5225,1860588;24030;13;1513,0;S
3109402;310940;Buritizeiro;Minas Gerais;7218,4013133;23910;19;1146,5;N
3109451;310945;Cabeceira Grande;Minas Gerais;1033,0554453;6627;4;1146,5;N
3109501;310950;Cabo Verde;Minas Gerais;368,2055378;11410;1;1146,5;N
3109600;310960;Cachoeira da Prata;Minas Gerais;61,4254797;3693;8;1146,5;N
3109709;310970;Cachoeira de Minas;Minas Gerais;304,2427709;11883;11;1146,5;N
3109808;310980;Cachoeira Dourada;Minas Gerais;203,0697201;2315;25;1146,5;N
3109907;310990;Caetanópolis;Minas Gerais;156,0394351;11435;23;1146,5;N
3110004;311000;Caeté;Minas Gerais;542,5308786;38776;348;1146,5;N
3110103;311010;Caiana;Minas Gerais;106,4651601;5304;2;1146,5;N
3110202;311020;Cajuri;Minas Gerais;83,0383775;4088;3;1146,5;N
3110301;311030;Caldas;Minas Gerais;711,4136658;14217;2;1528,2;S
3110400;311040;Camacho;Minas Gerais;223,0006116;2838;2;1146,5;N
3110509;311050;Camanducaia;Minas Gerais;528,6878047;26097;0;1146,5;N
3110608;311060;Cambuí;Minas Gerais;244,5672720;29536;8;1146,5;N
3110707;311070;Cambuquira;Minas Gerais;246,3796880;12313;2;1146,5;N
3110806;311080;Campanário;Minas Gerais;442,3980929;2923;6;1146,5;N
3110905;311090;Campanha;Minas Gerais;335,5867254;15935;1;1146,5;N
3111002;311100;Campestre;Minas Gerais;577,8425639;20696;1;1146,5;N
3111101;311110;Campina Verde;Minas Gerais;3650,7493830;18011;88;1371,8;S
3111150;311115;Campo Azul;Minas Gerais;505,9135932;3714;14;1146,5;N
3111200;311120;Campo Belo;Minas Gerais;528,2246163;52277;120;1146,5;N
3111309;311130;Campo do Meio;Minas Gerais;275,4260018;11377;0;1146,5;N
3111408;311140;Campo Florido;Minas Gerais;1264,2454953;8466;21;1146,5;N
3111507;311150;Campos Altos;Minas Gerais;710,6448587;12979;43;1146,5;N
3111606;311160;Campos Gerais;Minas Gerais;769,5036234;26105;3;1146,5;N
3111705;311170;Canaã;Minas Gerais;174,9004856;4715;3;1146,5;N
3111804;311180;Canápolis;Minas Gerais;843,5987980;10608;166;1146,5;N
3111903;311190;Cana Verde;Minas Gerais;212,7206546;5272;16;1146,5;N
3112000;311200;Candeias;Minas Gerais;720,5118294;14001;25;1146,5;N
3112059;311205;Cantagalo;Minas Gerais;141,8549688;3974;3;1146,5;N
3112109;311210;Caparaó;Minas Gerais;130,6937648;5048;2;1146,5;N
3112208;311220;Capela Nova;Minas Gerais;111,0731667;4362;0;1146,5;N
3112307;311230;Capelinha;Minas Gerais;965,2921808;39626;106;733,0;S
3112406;311240;Capetinga;Minas Gerais;297,9371651;6562;2;1146,5;N
3112505;311250;Capim Branco;Minas Gerais;95,3330466;10663;245;1146,5;N
3112604;311260;Capinópolis;Minas Gerais;620,7156414;14655;590;1146,5;N
3112653;311265;Capitão Andrade;Minas Gerais;279,0884347;4585;5;1146,5;N
3112703;311270;Capitão Enéas;Minas Gerais;971,5764552;14108;327;1146,5;N
3112802;311280;Capitólio;Minas Gerais;521,8016029;10380;6;1146,5;N
3112901;311290;Caputira;Minas Gerais;187,7035980;8936;5;1146,5;N
3113008;311300;Caraí;Minas Gerais;1242,3453934;19548;2;1146,5;N
3113107;311310;Caranaíba;Minas Gerais;159,9495374;2933;5;1146,5;N
3113206;311320;Carandaí;Minas Gerais;487,2799768;23812;54;1146,5;N
3113305;311330;Carangola;Minas Gerais;353,4044163;31240;7;1146,5;N
3113404;311340;Caratinga;Minas Gerais;1258,4785584;87360;57;1398,2;S
3113503;311350;Carbonita;Minas Gerais;1456,0951195;8512;9;1146,5;N
3113602;311360;Careaçu;Minas Gerais;181,0093968;6816;3;1146,5;N
3113701;311370;Carlos Chagas;Minas Gerais;3202,9836221;18615;4;1146,5;N
3113800;311380;Carmésia;Minas Gerais;259,1034699;2605;4;1146,5;N
3113909;311390;Carmo da Cachoeira;Minas Gerais;506,3333326;11547;2;1146,5;N
3114006;311400;Carmo da Mata;Minas Gerais;357,1784349;11019;34;1146,5;N
3114105;311410;Carmo de Minas;Minas Gerais;322,2852770;13797;4;1146,5;N
3114204;311420;Carmo do Cajuru;Minas Gerais;455,8076738;23479;144;1146,5;N
3114303;311430;Carmo do Paranaíba;Minas Gerais;1307,8623442;29011;135;1146,5;N
3114402;311440;Carmo do Rio Claro;Minas Gerais;1065,6846283;20954;4;1146,5;N
3114501;311450;Carmópolis de Minas;Minas Gerais;400,0099642;18003;8;1146,5;N
3114550;311455;Carneirinho;Minas Gerais;2063,4624192;9422;18;1146,5;N
3114600;311460;Carrancas;Minas Gerais;727,8935901;4049;0;1146,5;N
3114709;311470;Carvalhópolis;Minas Gerais;81,1006426;3341;0;1146,5;N
3114808;311480;Carvalhos;Minas Gerais;282,2544198;4422;0;1146,5;N
3114907;311490;Casa Grande;Minas Gerais;157,7266553;2214;1;1146,5;N
3115003;311500;Cascalho Rico;Minas Gerais;367,3080404;2712;11;1146,5;N
3115102;311510;Cássia;Minas Gerais;665,8017892;17155;21;1146,5;N
3115201;311520;Conceição da Barra de Minas;Minas Gerais;273,0137070;3560;4;1146,5;N
3115300;311530;Cataguases;Minas Gerais;491,7672912;66261;34;1146,5;N
3115359;311535;Catas Altas;Minas Gerais;240,0420465;5473;15;1146,5;N
3115409;311540;Catas Altas da Noruega;Minas Gerais;141,6223996;3110;1;1146,5;N
3115458;311545;Catuji;Minas Gerais;419,3799917;7030;0;1146,5;N
3115474;311547;Catuti;Minas Gerais;287,8122666;4739;10;1146,5;N
3115508;311550;Caxambu;Minas Gerais;100,4828109;21056;8;1146,5;N
3115607;311560;Cedro do Abaeté;Minas Gerais;283,2110248;1081;0;1146,5;N
3115706;311570;Central de Minas;Minas Gerais;204,3281433;6171;5;1146,5;N
3115805;311580;Centralina;Minas Gerais;322,3846151;10207;391;1146,5;N
3115904;311590;Chácara;Minas Gerais;152,8069412;3075;11;1146,5;N
3116001;311600;Chalé;Minas Gerais;212,6744288;6075;2;1146,5;N
3116100;311610;Chapada do Norte;Minas Gerais;830,8334078;10337;4;1146,5;N
3116159;311615;Chapada Gaúcha;Minas Gerais;3255,1892975;12355;24;951,8;S
3116209;311620;Chiador;Minas Gerais;252,8516018;2800;2;1146,5;N
3116308;311630;Cipotânea;Minas Gerais;153,4791242;5581;1;1146,5;N
3116407;311640;Claraval;Minas Gerais;227,6273298;4658;7;1146,5;N
3116506;311650;Claro dos Poções;Minas Gerais;720,4240177;7166;113;1146,5;N
3116605;311660;Cláudio;Minas Gerais;630,7058668;30159;716;1146,5;N
3116704;311670;Coimbra;Minas Gerais;106,8754203;7117;9;1146,5;N
3116803;311680;Coluna;Minas Gerais;348,4917774;8163;2;1146,5;N
3116902;311690;Comendador Gomes;Minas Gerais;1041,0471209;2773;8;1146,5;N
3117009;311700;Comercinho;Minas Gerais;654,9608464;6660;1;1146,5;N
3117108;311710;Conceição da Aparecida;Minas Gerais;352,5210074;10371;3;1146,5;N
3117207;311720;Conceição das Pedras;Minas Gerais;102,2061419;2772;0;1146,5;N
3117306;311730;Conceição das Alagoas;Minas Gerais;1340,2498431;28381;36;1209,2;S
3117405;311740;Conceição de Ipanema;Minas Gerais;253,9350897;4409;0;1146,5;N
3117504;311750;Conceição do Mato Dentro;Minas Gerais;1720,0396678;23163;36;1146,5;N
3117603;311760;Conceição do Pará;Minas Gerais;250,3059395;5415;15;1146,5;N
3117702;311770;Conceição do Rio Verde;Minas Gerais;369,6812433;12541;6;1146,5;N
3117801;311780;Conceição dos Ouros;Minas Gerais;180,2363606;10880;5;1146,5;N
3117836;311783;Cônego Marinho;Minas Gerais;1610,4694951;7237;9;1146,5;N
3117876;311787;Confins;Minas Gerais;42,3547099;7350;27;1146,5;N
3117900;311790;Congonhal;Minas Gerais;205,1251092;11083;4;1146,5;N
3118007;311800;Congonhas;Minas Gerais;304,0665433;52890;65;1146,5;N
3118106;311810;Congonhas do Norte;Minas Gerais;405,6713875;4831;1;1146,5;N
3118205;311820;Conquista;Minas Gerais;618,3630236;6694;30;1146,5;N
3118304;311830;Conselheiro Lafaiete;Minas Gerais;370,2456443;131621;98;1146,5;N
3118403;311840;Conselheiro Pena;Minas Gerais;1483,8825542;20824;29;1146,5;N
3118502;311850;Consolação;Minas Gerais;89,1218480;1563;0;1146,5;N
3118601;311860;Contagem;Minas Gerais;194,7464284;621863;627;1146,5;N
3118700;311870;Coqueiral;Minas Gerais;296,1625907;9023;0;1146,5;N
3118809;311880;Coração de Jesus;Minas Gerais;2225,2159853;25377;38;1146,5;N
3118908;311890;Cordisburgo;Minas Gerais;823,6542374;7547;34;1146,5;N
3119005;311900;Cordislândia;Minas Gerais;179,5426414;3200;0;1146,5;N
3119104;311910;Corinto;Minas Gerais;2525,3969122;23532;22;1146,5;N
3119203;311920;Coroaci;Minas Gerais;576,2737735;10884;7;1146,5;N
3119302;311930;Coromandel;Minas Gerais;3313,3134079;28894;465;1146,5;N
3119401;311940;Coronel Fabriciano;Minas Gerais;221,2517809;104736;104;1146,5;N
3119500;311950;Coronel Murta;Minas Gerais;815,4129107;8200;2;1146,5;N
3119609;311960;Coronel Pacheco;Minas Gerais;131,5113882;2762;4;1654,6;S
3119708;311970;Coronel Xavier Chaves;Minas Gerais;140,9536706;3486;8;1146,5;N
3119807;311980;Córrego Danta;Minas Gerais;657,4252687;2960;2;1146,5;N
3119906;311990;Córrego do Bom Jesus;Minas Gerais;123,6507814;4272;0;1146,5;N
3119955;311995;Córrego Fundo;Minas Gerais;101,1120719;6133;4;1146,5;N
3120003;312000;Córrego Novo;Minas Gerais;205,3852700;2875;3;1146,5;N
3120102;312010;Couto de Magalhães de Minas;Minas Gerais;485,6537385;4245;2;1146,5;N
3120151;312015;Crisólita;Minas Gerais;966,2022554;5265;67;1146,5;N
3120201;312020;Cristais;Minas Gerais;628,4336352;12197;5;1146,5;N
3120300;312030;Cristália;Minas Gerais;840,7022663;5121;25;1146,5;N
3120409;312040;Cristiano Otoni;Minas Gerais;132,8721814;4667;9;1146,5;N
3120508;312050;Cristina;Minas Gerais;311,3295714;10374;2;1146,5;N
3120607;312060;Crucilândia;Minas Gerais;167,1644742;5434;5;1146,5;N
3120706;312070;Cruzeiro da Fortaleza;Minas Gerais;187,4464044;3521;1;1146,5;N
3120805;312080;Cruzília;Minas Gerais;522,4192141;15362;31;1146,5;N
3120839;312083;Cuparaque;Minas Gerais;226,7504035;3983;14;1146,5;N
3120870;312087;Curral de Dentro;Minas Gerais;570,9495466;7406;2;1146,5;N
3120904;312090;Curvelo;Minas Gerais;3296,1998955;80665;132;1049,8;S
3121001;312100;Datas;Minas Gerais;310,0991165;5465;4;1146,5;N
3121100;312110;Delfim Moreira;Minas Gerais;408,4727291;7952;2;1146,5;N
3121209;312120;Delfinópolis;Minas Gerais;1378,4233964;8393;6;1146,5;N
3121258;312125;Delta;Minas Gerais;102,7838554;10494;75;1146,5;N
3121308;312130;Descoberto;Minas Gerais;213,1684894;4928;2;1146,5;N
3121407;312140;Desterro de Entre Rios;Minas Gerais;377,1646214;7653;1;1146,5;N
3121506;312150;Desterro do Melo;Minas Gerais;142,2789087;2994;0;1146,5;N
3121605;312160;Diamantina;Minas Gerais;3891,6592554;47702;346;1553,6;S
3121704;312170;Diogo de Vasconcelos;Minas Gerais;165,0908011;3549;5;1146,5;N
3121803;312180;Dionísio;Minas Gerais;339,3752661;6847;3;1146,5;N
3121902;312190;Divinésia;Minas Gerais;116,9699952;4226;9;1146,5;N
3122009;312200;Divino;Minas Gerais;337,7762661;20706;22;1146,5;N
3122108;312210;Divino das Laranjeiras;Minas Gerais;342,2488050;4178;9;1146,5;N
3122207;312220;Divinolândia de Minas;Minas Gerais;133,1200748;6516;9;1146,5;N
3122306;312230;Divinópolis;Minas Gerais;708,1149164;231091;2176;1411,6;S
3122355;312235;Divisa Alegre;Minas Gerais;117,8018899;6321;2;1146,5;N
3122405;312240;Divisa Nova;Minas Gerais;216,9546872;5851;6;1146,5;N
3122454;312245;Divisópolis;Minas Gerais;572,9256850;10213;0;1146,5;N
3122470;312247;Dom Bosco;Minas Gerais;817,3830449;3697;3;1146,5;N
3122504;312250;Dom Cavati;Minas Gerais;59,5203714;4904;24;1146,5;N
3122603;312260;Dom Joaquim;Minas Gerais;398,7928070;4899;18;1146,5;N
3122702;312270;Dom Silvério;Minas Gerais;194,9718131;5228;16;1146,5;N
3122801;312280;Dom Viçoso;Minas Gerais;113,9214562;3095;0;1146,5;N
3122900;312290;Dona Euzébia;Minas Gerais;70,2311621;6093;0;1146,5;N
3123007;312300;Dores de Campos;Minas Gerais;124,8420744;10007;4;1146,5;N
3123106;312310;Dores de Guanhães;Minas Gerais;382,1236296;5029;7;1146,5;N
3123205;312320;Dores do Indaiá;Minas Gerais;1111,2018295;12630;26;1520,4;S
3123304;312330;Dores do Turvo;Minas Gerais;231,1688452;4987;1;1146,5;N
3123403;312340;Doresópolis;Minas Gerais;152,9120730;1461;0;1146,5;N
3123502;312350;Douradoquara;Minas Gerais;312,8779966;1829;33;1146,5;N
3123528;312352;Durandé;Minas Gerais;217,4614185;7817;8;1146,5;N
3123601;312360;Elói Mendes;Minas Gerais;499,5369471;26336;8;1146,5;N
3123700;312370;Engenheiro Caldas;Minas Gerais;187,0584846;13622;5;1146,5;N
3123809;312380;Engenheiro Navarro;Minas Gerais;608,3058077;6354;58;1146,5;N
3123858;312385;Entre Folhas;Minas Gerais;85,3902399;5179;7;1146,5;N
3123908;312390;Entre Rios de Minas;Minas Gerais;456,7961105;14746;1;1146,5;N
3124005;312400;Ervália;Minas Gerais;357,4891982;20255;4;1146,5;N
3124104;312410;Esmeraldas;Minas Gerais;909,7272804;85598;215;1146,5;N
3124203;312420;Espera Feliz;Minas Gerais;317,6376487;24102;3;1146,5;N
3124302;312430;Espinosa;Minas Gerais;1868,9695876;30443;81;223,8;S
3124401;312440;Espírito Santo do Dourado;Minas Gerais;263,8792536;6611;3;1146,5;N
3124500;312450;Estiva;Minas Gerais;243,8720546;11502;5;1146,5;N
3124609;312460;Estrela Dalva;Minas Gerais;131,3652413;2186;3;1146,5;N
3124708;312470;Estrela do Indaiá;Minas Gerais;635,9811029;2772;5;1146,5;N
3124807;312480;Estrela do Sul;Minas Gerais;822,4540019;6840;148;1146,5;N
3124906;312490;Eugenópolis;Minas Gerais;309,3954471;10801;39;1146,5;N
3125002;312500;Ewbank da Câmara;Minas Gerais;103,8339580;3875;3;1146,5;N
3125101;312510;Extrema;Minas Gerais;244,5751165;53482;6;1146,5;N
3125200;312520;Fama;Minas Gerais;86,0238003;2578;1;1146,5;N
3125309;312530;Faria Lemos;Minas Gerais;165,2243785;3188;6;1146,5;N
3125408;312540;Felício dos Santos;Minas Gerais;357,6215524;5133;2;1146,5;N
3125507;312550;São Gonçalo do Rio Preto;Minas Gerais;314,4581249;3032;2;1146,5;N
3125606;312560;Felisburgo;Minas Gerais;596,2150527;6489;233;1146,5;N
3125705;312570;Felixlândia;Minas Gerais;1554,6273613;13978;29;1146,5;N
3125804;312580;Fernandes Tourinho;Minas Gerais;151,8745610;2789;4;1146,5;N
3125903;312590;Ferros;Minas Gerais;1088,7914277;9590;9;1146,5;N
3125952;312595;Fervedouro;Minas Gerais;357,6831929;10445;13;1146,5;N
3126000;312600;Florestal;Minas Gerais;194,2419256;8045;20;702,4;S
3126109;312610;Formiga;Minas Gerais;1501,9153490;68248;292;975,4;S
3126208;312620;Formoso;Minas Gerais;3686,0042970;7949;28;1146,5;N
3126307;312630;Fortaleza de Minas;Minas Gerais;218,7918941;3477;2;1146,5;N
3126406;312640;Fortuna de Minas;Minas Gerais;198,6650603;3093;0;1146,5;N
3126505;312650;Francisco Badaró;Minas Gerais;461,4812388;7366;76;1146,5;N
3126604;312660;Francisco Dumont;Minas Gerais;1576,1283974;4503;31;1146,5;N
3126703;312670;Francisco Sá;Minas Gerais;2747,2947130;23476;587;1146,5;N
3126752;312675;Franciscópolis;Minas Gerais;717,0867295;5034;12;1146,5;N
3126802;312680;Frei Gaspar;Minas Gerais;626,6720803;5640;8;1146,5;N
3126901;312690;Frei Inocêncio;Minas Gerais;469,5569898;8226;9;1146,5;N
3126950;312695;Frei Lagonegro;Minas Gerais;167,4738413;3391;0;1146,5;N
3127008;312700;Fronteira;Minas Gerais;199,9870165;14540;21;1146,5;N
3127057;312705;Fronteira dos Vales;Minas Gerais;320,7573747;4345;13;1146,5;N
3127073;312707;Fruta de Leite;Minas Gerais;762,8365960;4647;13;1146,5;N
3127107;312710;Frutal;Minas Gerais;2426,9653163;58588;514;1146,5;N
3127206;312720;Funilândia;Minas Gerais;199,7965460;4686;7;1146,5;N
3127305;312730;Galiléia;Minas Gerais;720,3032738;6222;11;1146,5;N
3127339;312733;Gameleiras;Minas Gerais;1733,2026275;4793;81;1146,5;N
3127354;312735;Glaucilândia;Minas Gerais;145,8609551;2928;42;1146,5;N
3127370;312737;Goiabeira;Minas Gerais;112,4425697;2830;4;1146,5;N
3127388;312738;Goianá;Minas Gerais;152,0389960;4053;1;1146,5;N
3127404;312740;Gonçalves;Minas Gerais;187,3531175;4727;3;1146,5;N
3127503;312750;Gonzaga;Minas Gerais;209,3475452;5230;11;1146,5;N
3127602;312760;Gouveia;Minas Gerais;866,6014387;11331;21;1146,5;N
3127701;312770;Governador Valadares;Minas Gerais;2342,3764013;257171;544;967,2;S
3127800;312780;Grão Mogol;Minas Gerais;3885,2938887;13901;18;1146,5;N
3127909;312790;Grupiara;Minas Gerais;193,1412240;1392;6;1146,5;N
3128006;312800;Guanhães;Minas Gerais;1075,1237284;32244;20;1407,8;S
3128105;312810;Guapé;Minas Gerais;934,3446795;13772;5;1146,5;N
3128204;312820;Guaraciaba;Minas Gerais;348,5956302;9753;5;1146,5;N
3128253;312825;Guaraciama;Minas Gerais;390,2629720;5051;91;1146,5;N
3128303;312830;Guaranésia;Minas Gerais;294,8276142;19150;7;1146,5;N
3128402;312840;Guarani;Minas Gerais;264,1935002;7714;1;1146,5;N
3128501;312850;Guarará;Minas Gerais;88,6551166;3149;1;1146,5;N
3128600;312860;Guarda-Mor;Minas Gerais;2068,8075936;6539;8;1146,5;N
3128709;312870;Guaxupé;Minas Gerais;286,3983873;50911;105;1146,5;N
3128808;312880;Guidoval;Minas Gerais;158,3750925;7131;5;1146,5;N
3128907;312890;Guimarânia;Minas Gerais;366,8329731;8478;0;1146,5;N
3129004;312900;Guiricema;Minas Gerais;293,5778784;7778;15;1146,5;N
3129103;312910;Gurinhatã;Minas Gerais;1849,1372436;5192;48;1146,5;N
3129202;312920;Heliodora;Minas Gerais;153,9504106;6134;0;1146,5;N
3129301;312930;Iapu;Minas Gerais;340,9942175;12030;90;1146,5;N
3129400;312940;Ibertioga;Minas Gerais;346,2396745;5198;0;1146,5;N
3129509;312950;Ibiá;Minas Gerais;2704,1319234;22229;15;1146,5;N
3129608;312960;Ibiaí;Minas Gerais;874,7597968;6286;6;1146,5;N
3129657;312965;Ibiracatu;Minas Gerais;353,2572940;5081;39;1146,5;N
3129707;312970;Ibiraci;Minas Gerais;562,0950748;10948;14;1146,5;N
3129806;312980;Ibirité;Minas Gerais;72,3948015;170537;1035;2253,2;S
3129905;312990;Ibitiúra de Minas;Minas Gerais;68,3161833;3365;2;1146,5;N
3130002;313000;Ibituruna;Minas Gerais;153,1056659;2698;1;1146,5;N
3130051;313005;Icaraí de Minas;Minas Gerais;625,6643103;10677;5;1146,5;N
3130101;313010;Igarapé;Minas Gerais;110,9420956;45847;308;1146,5;N
3130200;313020;Igaratinga;Minas Gerais;218,3428097;10830;78;1146,5;N
3130309;313030;Iguatama;Minas Gerais;628,1996933;6826;6;1146,5;N
3130408;313040;Ijaci;Minas Gerais;105,2455878;7003;1;1146,5;N
3130507;313050;Ilicínea;Minas Gerais;376,3413621;12741;3;1146,5;N
3130556;313055;Imbé de Minas;Minas Gerais;196,7349656;6986;1;1146,5;N
3130606;313060;Inconfidentes;Minas Gerais;149,6109587;7301;0;1146,5;N
3130655;313065;Indaiabira;Minas Gerais;1004,1485047;6346;4;1146,5;N
3130705;313070;Indianópolis;Minas Gerais;830,0304938;6171;23;1146,5;N
3130804;313080;Ingaí;Minas Gerais;305,5909519;2580;1;1146,5;N
3130903;313090;Inhapim;Minas Gerais;858,0244357;22692;50;1146,5;N
3131000;313100;Inhaúma;Minas Gerais;244,9957259;6239;13;1146,5;N
3131109;313110;Inimutaba;Minas Gerais;527,0598450;7371;26;1146,5;N
3131158;313115;Ipaba;Minas Gerais;113,2458763;17136;310;1146,5;N
3131208;313120;Ipanema;Minas Gerais;456,6408539;19522;8;1146,5;N
3131307;313130;Ipatinga;Minas Gerais;164,8844896;227731;989;1146,5;N
3131406;313140;Ipiaçu;Minas Gerais;466,0198495;3775;73;1146,5;N
3131505;313150;Ipuiúna;Minas Gerais;298,1951076;9135;0;1146,5;N
3131604;313160;Iraí de Minas;Minas Gerais;356,2638455;7180;107;1146,5;N
3131703;313170;Itabira;Minas Gerais;1253,7035363;113343;48;1146,5;N
3131802;313180;Itabirinha;Minas Gerais;209,0338360;10362;6;1146,5;N
3131901;313190;Itabirito;Minas Gerais;544,0272042;53365;242;1146,5;N
3132008;313200;Itacambira;Minas Gerais;1788,4452889;4252;7;1146,5;N
3132107;313210;Itacarambi;Minas Gerais;1225,2729871;17208;46;1146,5;N
3132206;313220;Itaguara;Minas Gerais;410,4678093;13846;8;1146,5;N
3132305;313230;Itaipé;Minas Gerais;480,8293392;10463;4;1146,5;N
3132404;313240;Itajubá;Minas Gerais;294,8351990;93073;58;1146,5;N
3132503;313250;Itamarandiba;Minas Gerais;2735,5729041;32948;54;1146,5;N
3132602;313260;Itamarati de Minas;Minas Gerais;94,5684016;3690;0;1146,5;N
3132701;313270;Itambacuri;Minas Gerais;1419,2093647;21042;41;1146,5;N
3132800;313280;Itambé do Mato Dentro;Minas Gerais;380,3399834;2142;2;1146,5;N
3132909;313290;Itamogi;Minas Gerais;243,7143976;10770;1;1146,5;N
3133006;313300;Itamonte;Minas Gerais;431,7918485;14786;0;1146,5;N
3133105;313310;Itanhandu;Minas Gerais;143,3626629;15236;0;1146,5;N
3133204;313320;Itanhomi;Minas Gerais;488,8428856;11128;2;1146,5;N
3133303;313330;Itaobim;Minas Gerais;679,0237120;19151;3;752,0;S
3133402;313340;Itapagipe;Minas Gerais;1802,4375194;13690;236;1146,5;N
3133501;313350;Itapecerica;Minas Gerais;1040,5186826;21046;24;1146,5;N
3133600;313360;Itapeva;Minas Gerais;177,3470882;12692;0;1146,5;N
3133709;313370;Itatiaiuçu;Minas Gerais;295,1450561;12966;29;1146,5;N
3133758;313375;Itaú de Minas;Minas Gerais;153,4212129;14406;22;1146,5;N
3133808;313380;Itaúna;Minas Gerais;495,7685690;97669;123;1146,5;N
3133907;313390;Itaverava;Minas Gerais;284,2201580;5642;9;1146,5;N
3134004;313400;Itinga;Minas Gerais;1649,6218663;13745;12;1146,5;N
3134103;313410;Itueta;Minas Gerais;452,6758042;6055;27;1146,5;N
3134202;313420;Ituiutaba;Minas Gerais;2598,0457759;102217;258;478,4;S
3134301;313430;Itumirim;Minas Gerais;234,8021143;6638;2;1146,5;N
3134400;313440;Iturama;Minas Gerais;1404,6626789;38295;186;1146,5;N
3134509;313450;Itutinga;Minas Gerais;372,0181328;4217;2;1146,5;N
3134608;313460;Jaboticatubas;Minas Gerais;1114,9715155;20406;20;1146,5;N
3134707;313470;Jacinto;Minas Gerais;1393,6090526;11042;2;1146,5;N
3134806;313480;Jacuí;Minas Gerais;409,2285655;7495;0;1146,5;N
3134905;313490;Jacutinga;Minas Gerais;347,6668763;25525;22;1146,5;N
3135001;313500;Jaguaraçu;Minas Gerais;163,7597919;3092;6;1146,5;N
3135050;313505;Jaíba;Minas Gerais;2635,4666274;37660;55;1146,5;N
3135076;313507;Jampruca;Minas Gerais;517,0952493;4296;1;1146,5;N
3135100;313510;Janaúba;Minas Gerais;2181,3189183;70699;2810;1146,5;N
3135209;313520;Januária;Minas Gerais;6661,5884463;65150;49;871,4;S
3135308;313530;Japaraíba;Minas Gerais;172,1407318;4506;6;1146,5;N
3135357;313535;Japonvar;Minas Gerais;375,1808808;8127;9;1146,5;N
3135407;313540;Jeceaba;Minas Gerais;236,2496347;6197;3;1146,5;N
3135456;313545;Jenipapo de Minas;Minas Gerais;284,4529054;6100;0;1146,5;N
3135506;313550;Jequeri;Minas Gerais;547,8974750;12419;5;1146,5;N
3135605;313560;Jequitaí;Minas Gerais;1268,4427168;6484;23;1146,5;N
3135704;313570;Jequitibá;Minas Gerais;445,0296788;5883;6;1146,5;N
3135803;313580;Jequitinhonha;Minas Gerais;3514,2157264;24007;6;1146,5;N
3135902;313590;Jesuânia;Minas Gerais;153,8518763;5138;0;1146,5;N
3136009;313600;Joaíma;Minas Gerais;1664,1896009;13888;1;1146,5;N
3136108;313610;Joanésia;Minas Gerais;233,2919704;4329;7;1146,5;N
3136207;313620;João Monlevade;Minas Gerais;99,1577018;80187;32;1146,5;N
3136306;313630;João Pinheiro;Minas Gerais;10727,0967610;46801;47;1143,2;S
3136405;313640;Joaquim Felício;Minas Gerais;790,9352100;3854;3;1146,5;N
3136504;313650;Jordânia;Minas Gerais;546,7053021;10304;5;1146,5;N
3136520;313652;José Gonçalves de Minas;Minas Gerais;381,3320137;3969;1;1146,5;N
3136553;313655;José Raydan;Minas Gerais;180,8218767;4268;15;1146,5;N
3136579;313657;Josenópolis;Minas Gerais;541,3932322;3630;5;1146,5;N
3136603;313660;Nova União;Minas Gerais;172,1312630;5909;1;1146,5;N
3136652;313665;Juatuba;Minas Gerais;97,0165070;30716;140;1146,5;N
3136702;313670;Juiz de Fora;Minas Gerais;1435,7488549;540756;403;1600,6;S
3136801;313680;Juramento;Minas Gerais;431,6295695;3768;18;1146,5;N
3136900;313690;Juruaia;Minas Gerais;220,3527038;11084;4;1146,5;N
3136959;313695;Juvenília;Minas Gerais;1064,6919748;5789;22;1146,5;N
3137007;313700;Ladainha;Minas Gerais;866,2895645;14383;23;1146,5;N
3137106;313710;Lagamar;Minas Gerais;1474,5619024;6631;55;1146,5;N
3137205;313720;Lagoa da Prata;Minas Gerais;439,9841235;51412;272;1146,5;N
3137304;313730;Lagoa dos Patos;Minas Gerais;600,5467729;3313;10;1146,5;N
3137403;313740;Lagoa Dourada;Minas Gerais;476,6928702;12769;3;1146,5;N
3137502;313750;Lagoa Formosa;Minas Gerais;840,9204263;18904;13;1146,5;N
3137536;313753;Lagoa Grande;Minas Gerais;1236,3014955;8969;16;1146,5;N
3137601;313760;Lagoa Santa;Minas Gerais;229,4094253;75145;96;1146,5;N
3137700;313770;Lajinha;Minas Gerais;431,9202385;20835;9;1146,5;N
3137809;313780;Lambari;Minas Gerais;213,1103091;20414;2;1146,5;N
3137908;313790;Lamim;Minas Gerais;118,6017534;3184;1;1146,5;N
3138005;313800;Laranjal;Minas Gerais;204,8817072;5963;2;1146,5;N
3138104;313810;Lassance;Minas Gerais;3204,2168598;7124;11;1146,5;N
3138203;313820;Lavras;Minas Gerais;564,7435469;104761;69;1146,5;N
3138302;313830;Leandro Ferreira;Minas Gerais;352,0051574;3199;260;1146,5;N
3138351;313835;Leme do Prado;Minas Gerais;280,0361231;4341;5;1146,5;N
3138401;313840;Leopoldina;Minas Gerais;943,0770489;51145;5;1146,5;N
3138500;313850;Liberdade;Minas Gerais;401,3365201;4737;0;1146,5;N
3138609;313860;Lima Duarte;Minas Gerais;848,5635639;17221;8;1146,5;N
3138625;313862;Limeira do Oeste;Minas Gerais;1317,1528084;8687;117;1146,5;N
3138658;313865;Lontra;Minas Gerais;258,9247986;8790;14;1146,5;N
3138674;313867;Luisburgo;Minas Gerais;145,4184142;6956;2;1146,5;N
3138682;313868;Luislândia;Minas Gerais;411,7143612;6210;40;1146,5;N
3138708;313870;Luminárias;Minas Gerais;500,1427748;5586;10;1146,5;N
3138807;313880;Luz;Minas Gerais;1171,6594754;17875;27;1146,5;N
3138906;313890;Machacalis;Minas Gerais;332,3778822;6487;548;1146,5;N
3139003;313900;Machado;Minas Gerais;585,9576036;37684;3;904,2;S
3139102;313910;Madre de Deus de Minas;Minas Gerais;492,9087403;5191;0;1146,5;N
3139201;313920;Malacacheta;Minas Gerais;727,8857722;17516;17;1146,5;N
3139250;313925;Mamonas;Minas Gerais;284,3652974;5997;10;1146,5;N
3139300;313930;Manga;Minas Gerais;1950,1842516;18886;7;1146,5;N
3139409;313940;Manhuaçu;Minas Gerais;628,3182463;91886;112;0,0;S
3139508;313950;Manhumirim;Minas Gerais;182,8996446;20613;10;1146,5;N
3139607;313960;Mantena;Minas Gerais;685,2082996;26535;21;1136,6;S
3139706;313970;Maravilhas;Minas Gerais;261,6042856;7333;0;1146,5;N
3139805;313980;Mar de Espanha;Minas Gerais;371,5997255;12721;2;1146,5;N
3139904;313990;Maria da Fé;Minas Gerais;202,8977786;14247;11;1559,4;S
3140001;314000;Mariana;Minas Gerais;1194,2076493;61387;45;1146,5;N
3140100;314010;Marilac;Minas Gerais;158,8090715;4224;6;1146,5;N
3140159;314015;Mário Campos;Minas Gerais;35,1964345;15900;20;1146,5;N
3140209;314020;Maripá de Minas;Minas Gerais;77,3382924;3387;0;1146,5;N
3140308;314030;Marliéria;Minas Gerais;545,8127223;4592;13;1146,5;N
3140407;314040;Marmelópolis;Minas Gerais;107,9015162;3200;0;1146,5;N
3140506;314050;Martinho Campos;Minas Gerais;1058,4177906;14003;106;1146,5;N
3140530;314053;Martins Soares;Minas Gerais;113,2678568;8396;16;1146,5;N
3140555;314055;Mata Verde;Minas Gerais;227,5389101;9112;2;1146,5;N
3140605;314060;Materlândia;Minas Gerais;280,5304900;3963;1;1146,5;N
3140704;314070;Mateus Leme;Minas Gerais;301,3826214;37841;22;1146,5;N
3140803;314080;Matias Barbosa;Minas Gerais;157,0664614;14121;18;1146,5;N
3140852;314085;Matias Cardoso;Minas Gerais;1940,5975503;8895;3;1146,5;N
3140902;314090;Matipó;Minas Gerais;266,9903196;18552;8;1146,5;N
3141009;314100;Mato Verde;Minas Gerais;472,2453028;12038;52;1146,5;N
3141108;314110;Matozinhos;Minas Gerais;252,4533920;37618;149;1146,5;N
3141207;314120;Matutina;Minas Gerais;260,9573275;3814;4;1146,5;N
3141306;314130;Medeiros;Minas Gerais;946,4367869;3900;9;1146,5;N
3141405;314140;Medina;Minas Gerais;1435,9034281;20156;5;1146,5;N
3141504;314150;Mendes Pimentel;Minas Gerais;305,5074735;5606;4;1146,5;N
3141603;314160;Mercês;Minas Gerais;348,2713202;10373;11;1146,5;N
3141702;314170;Mesquita;Minas Gerais;274,9382030;5040;7;1146,5;N
3141801;314180;Minas Novas;Minas Gerais;1812,3980350;24405;10;1146,5;N
3141900;314190;Minduri;Minas Gerais;219,7739646;3741;0;1146,5;N
3142007;314200;Mirabela;Minas Gerais;723,2776374;13651;4;1146,5;N
3142106;314210;Miradouro;Minas Gerais;301,6722751;8968;2;1146,5;N
3142205;314220;Miraí;Minas Gerais;320,6954254;13633;18;1146,5;N
3142254;314225;Miravânia;Minas Gerais;602,1282266;3985;0;1146,5;N
3142304;314230;Moeda;Minas Gerais;155,1116194;5125;6;1146,5;N
3142403;314240;Moema;Minas Gerais;202,7053870;7548;41;1146,5;N
3142502;314250;Monjolos;Minas Gerais;650,9110383;2169;10;1146,5;N
3142601;314260;Monsenhor Paulo;Minas Gerais;216,5402475;8340;42;1146,5;N
3142700;314270;Montalvânia;Minas Gerais;1503,7549299;14060;14;425,4;S
3142809;314280;Monte Alegre de Minas;Minas Gerais;2595,9566941;20170;53;1146,5;N
3142908;314290;Monte Azul;Minas Gerais;1001,2959924;20328;15;1146,5;N
3143005;314300;Monte Belo;Minas Gerais;421,2830934;13046;5;1146,5;N
3143104;314310;Monte Carmelo;Minas Gerais;1343,0351750;47692;235;1146,5;N
3143153;314315;Monte Formoso;Minas Gerais;385,5527881;4381;0;1146,5;N
3143203;314320;Monte Santo de Minas;Minas Gerais;594,6321479;20890;9;1146,5;N
3143302;314330;Montes Claros;Minas Gerais;3589,8109997;414240;1559;1093,2;S
3143401;314340;Monte Sião;Minas Gerais;291,5937779;24089;7;1146,5;N
3143450;314345;Montezuma;Minas Gerais;1130,4191495;6888;2;1146,5;N
3143500;314350;Morada Nova de Minas;Minas Gerais;2084,2754500;9067;9;1146,5;N
3143609;314360;Morro da Garça;Minas Gerais;414,7715675;2411;0;1146,5;N
3143708;314370;Morro do Pilar;Minas Gerais;477,5483531;3133;5;1146,5;N
3143807;314380;Munhoz;Minas Gerais;191,5639488;7451;0;1146,5;N
3143906;314390;Muriaé;Minas Gerais;841,6930140;104108;229;1347,0;S
3144003;314400;Mutum;Minas Gerais;1250,8235486;27635;6;1146,5;N
3144102;314410;Muzambinho;Minas Gerais;409,9475652;21891;0;1146,5;N
3144201;314420;Nacip Raydan;Minas Gerais;233,4930296;2459;1;1146,5;N
3144300;314430;Nanuque;Minas Gerais;1518,1657240;35038;56;1146,5;N
3144359;314435;Naque;Minas Gerais;127,1729806;6303;4;1146,5;N
3144375;314437;Natalândia;Minas Gerais;468,6595948;3520;1;1146,5;N
3144409;314440;Natércia;Minas Gerais;188,7191795;4691;2;1146,5;N
3144508;314450;Nazareno;Minas Gerais;341,4526678;8179;1;1146,5;N
3144607;314460;Nepomuceno;Minas Gerais;582,5525542;25018;9;1146,5;N
3144656;314465;Ninheira;Minas Gerais;1108,2552121;10588;1;1146,5;N
3144672;314467;Nova Belém;Minas Gerais;146,7747409;3151;0;1146,5;N
3144706;314470;Nova Era;Minas Gerais;361,9260181;17438;2;1146,5;N
3144805;314480;Nova Lima;Minas Gerais;429,3133363;111697;362;1146,5;N
3144904;314490;Nova Módica;Minas Gerais;375,9726631;3663;3;1146,5;N
3145000;314500;Nova Ponte;Minas Gerais;1111,0112386;14598;27;1146,5;N
3145059;314505;Nova Porteirinha;Minas Gerais;120,9434939;6706;175;946,2;S
3145109;314510;Nova Resende;Minas Gerais;390,1515988;16387;5;1146,5;N
3145208;314520;Nova Serrana;Minas Gerais;282,4716671;105552;572;1146,5;N
3145307;314530;Novo Cruzeiro;Minas Gerais;1702,9813070;26975;4;1146,5;N
3145356;314535;Novo Oriente de Minas;Minas Gerais;755,1509794;10275;3;1146,5;N
3145372;314537;Novorizonte;Minas Gerais;271,6101624;4571;101;1146,5;N
3145406;314540;Olaria;Minas Gerais;178,2415555;1945;0;1146,5;N
3145455;314545;Olhos-d'Água;Minas Gerais;2092,0778438;5385;9;1146,5;N
3145505;314550;Olímpio Noronha;Minas Gerais;54,6329825;2555;0;1146,5;N
3145604;314560;Oliveira;Minas Gerais;897,2938751;39262;39;1422,8;S
3145703;314570;Oliveira Fortes;Minas Gerais;111,1300282;2027;6;1146,5;N
3145802;314580;Onça de Pitangui;Minas Gerais;246,9764571;2969;2;1146,5;N
3145851;314585;Oratórios;Minas Gerais;89,0677062;4917;3;1146,5;N
3145877;314587;Orizânia;Minas Gerais;121,8001391;8437;0;1146,5;N
3145901;314590;Ouro Branco;Minas Gerais;258,7258304;38724;27;1020,0;S
3146008;314600;Ouro Fino;Minas Gerais;533,7135451;32094;6;1146,5;N
3146107;314610;Ouro Preto;Minas Gerais;1245,8651171;74821;11;1146,5;N
3146206;314620;Ouro Verde de Minas;Minas Gerais;175,4821147;5757;182;1146,5;N
3146255;314625;Padre Carvalho;Minas Gerais;446,2747945;5058;18;1146,5;N
3146305;314630;Padre Paraíso;Minas Gerais;544,3753762;17334;17;1146,5;N
3146404;314640;Paineiras;Minas Gerais;637,3088676;4224;11;1146,5;N
3146503;314650;Pains;Minas Gerais;421,8622035;8142;69;1146,5;N
3146552;314655;Pai Pedro;Minas Gerais;839,8051846;5551;26;1146,5;N
3146602;314660;Paiva;Minas Gerais;58,4186455;1474;0;1146,5;N
3146701;314670;Palma;Minas Gerais;316,4761179;5707;19;1146,5;N
3146750;314675;Palmópolis;Minas Gerais;433,1539099;6301;4;1146,5;N
3146909;314690;Papagaios;Minas Gerais;553,5766577;13920;15;1146,5;N
3147006;314700;Paracatu;Minas Gerais;8231,0289715;94023;93;1363,8;S
3147105;314710;Pará de Minas;Minas Gerais;551,2471007;97139;57;1146,5;N
3147204;314720;Paraguaçu;Minas Gerais;424,2960466;21723;50;1146,5;N
3147303;314730;Paraisópolis;Minas Gerais;331,2375616;20445;3;1146,5;N
3147402;314740;Paraopeba;Minas Gerais;625,6306686;24107;11;1146,5;N
3147501;314750;Passabém;Minas Gerais;94,1825981;1600;3;1146,5;N
3147600;314760;Passa Quatro;Minas Gerais;277,2206338;15515;11;1113,8;S
3147709;314770;Passa Tempo;Minas Gerais;429,1721391;8473;5;1146,5;N
3147808;314780;Passa Vinte;Minas Gerais;246,5645889;2233;2;1146,5;N
3147907;314790;Passos;Minas Gerais;1338,0700331;111939;485;1237,0;S
3147956;314795;Patis;Minas Gerais;444,1964768;4837;31;1146,5;N
3148004;314800;Patos de Minas;Minas Gerais;3190,4558623;159235;187;1429,8;S
3148103;314810;Patrocínio;Minas Gerais;2874,3442466;89826;101;694,0;S
3148202;314820;Patrocínio do Muriaé;Minas Gerais;108,2458751;5576;48;1146,5;N
3148301;314830;Paula Cândido;Minas Gerais;268,3210469;8659;4;1146,5;N
3148400;314840;Paulistas;Minas Gerais;220,5642865;4389;0;1146,5;N
3148509;314850;Pavão;Minas Gerais;601,1904903;8047;5;1146,5;N
3148608;314860;Peçanha;Minas Gerais;996,6459730;17446;24;1146,5;N
3148707;314870;Pedra Azul;Minas Gerais;1594,6510431;24410;1;1146,5;N
3148756;314875;Pedra Bonita;Minas Gerais;173,9279591;7320;4;1146,5;N
3148806;314880;Pedra do Anta;Minas Gerais;173,1678488;3311;0;1146,5;N
3148905;314890;Pedra do Indaiá;Minas Gerais;347,9200865;4112;33;1146,5;N
3149002;314900;Pedra Dourada;Minas Gerais;69,9904353;2757;0;1146,5;N
3149101;314910;Pedralva;Minas Gerais;217,9894981;10760;2;1146,5;N
3149150;314915;Pedras de Maria da Cruz;Minas Gerais;1525,6484430;10433;10;1146,5;N
3149200;314920;Pedrinópolis;Minas Gerais;357,8910127;3344;125;1146,5;N
3149309;314930;Pedro Leopoldo;Minas Gerais;292,8308852;62580;299;1146,5;N
3149408;314940;Pedro Teixeira;Minas Gerais;112,9591441;1810;1;1146,5;N
3149507;314950;Pequeri;Minas Gerais;90,8329625;3351;12;1146,5;N
3149606;314960;Pequi;Minas Gerais;203,9913625;4155;1;1146,5;N
3149705;314970;Perdigão;Minas Gerais;249,3222772;12268;26;1146,5;N
3149804;314980;Perdizes;Minas Gerais;2451,1117515;17151;30;1146,5;N
3149903;314990;Perdões;Minas Gerais;270,6566624;21384;128;1146,5;N
3149952;314995;Periquito;Minas Gerais;228,9074896;6553;1;1146,5;N
3150000;315000;Pescador;Minas Gerais;317,4625237;3570;4;1146,5;N
3150109;315010;Piau;Minas Gerais;192,1958629;2796;22;1146,5;N
3150158;315015;Piedade de Caratinga;Minas Gerais;109,3446317;8529;18;1146,5;N
3150208;315020;Piedade de Ponte Nova;Minas Gerais;83,7326302;3976;3;1146,5;N
3150307;315030;Piedade do Rio Grande;Minas Gerais;322,8143147;4604;12;1146,5;N
3150406;315040;Piedade dos Gerais;Minas Gerais;259,6382599;5019;5;1146,5;N
3150505;315050;Pimenta;Minas Gerais;414,9693980;8563;1;1146,5;N
3150539;315053;Pingo-d'Água;Minas Gerais;66,5701235;4706;11;1146,5;N
3150570;315057;Pintópolis;Minas Gerais;1228,7359096;7084;0;1146,5;N
3150604;315060;Piracema;Minas Gerais;280,3353327;6700;6;1146,5;N
3150703;315070;Pirajuba;Minas Gerais;337,9796364;5537;16;1146,5;N
3150802;315080;Piranga;Minas Gerais;658,8116268;17018;6;1146,5;N
3150901;315090;Piranguçu;Minas Gerais;203,6186929;6041;11;1146,5;N
3151008;315100;Piranguinho;Minas Gerais;124,8034613;9120;22;1146,5;N
3151107;315110;Pirapetinga;Minas Gerais;190,6805460;11077;0;1146,5;N
3151206;315120;Pirapora;Minas Gerais;549,5142961;55606;310;1231,8;S
3151305;315130;Piraúba;Minas Gerais;144,2886218;11610;38;1146,5;N
3151404;315140;Pitangui;Minas Gerais;569,6357523;26685;36;1146,5;N
3151503;315150;Piumhi;Minas Gerais;902,4682746;36062;10;1146,5;N
3151602;315160;Planura;Minas Gerais;317,5201618;11145;148;1146,5;N
3151701;315170;Poço Fundo;Minas Gerais;474,2443698;16390;5;1146,5;N
3151800;315180;Poços de Caldas;Minas Gerais;546,9578517;163742;68;1146,5;N
3151909;315190;Pocrane;Minas Gerais;691,0655440;8350;9;1146,5;N
3152006;315200;Pompéu;Minas Gerais;2551,0741453;31047;1074;1195,0;S
3152105;315210;Ponte Nova;Minas Gerais;470,6426490;57776;83;1146,5;N
3152131;315213;Ponto Chique;Minas Gerais;602,7986288;3747;3;1146,5;N
3152170;315217;Ponto dos Volantes;Minas Gerais;1212,4133959;10883;0;1146,5;N
3152204;315220;Porteirinha;Minas Gerais;1749,6830880;37438;164;1146,5;N
3152303;315230;Porto Firme;Minas Gerais;284,7773401;10569;17;1146,5;N
3152402;315240;Poté;Minas Gerais;625,1110994;13666;12;1146,5;N
3152501;315250;Pouso Alegre;Minas Gerais;542,7965365;152217;39;1146,5;N
3152600;315260;Pouso Alto;Minas Gerais;263,0337386;6566;56;1146,5;N
3152709;315270;Prados;Minas Gerais;264,1149405;9048;8;1146,5;N
3152808;315280;Prata;Minas Gerais;4847,5436363;28342;1750;1146,5;N
3152907;315290;Pratápolis;Minas Gerais;215,5163238;8406;6;1146,5;N
3153004;315300;Pratinha;Minas Gerais;622,4783138;3559;2;1146,5;N
3153103;315310;Presidente Bernardes;Minas Gerais;236,7977114;4850;1;1146,5;N
3153202;315320;Presidente Juscelino;Minas Gerais;695,8822397;3465;196;1146,5;N
3153301;315330;Presidente Kubitschek;Minas Gerais;189,2348322;3071;2;1146,5;N
3153400;315340;Presidente Olegário;Minas Gerais;3503,8477506;18765;2;1146,5;N
3153509;315350;Alto Jequitibá;Minas Gerais;152,2722225;8397;6;1146,5;N
3153608;315360;Prudente de Morais;Minas Gerais;124,1890592;11466;116;1146,5;N
3153707;315370;Quartel Geral;Minas Gerais;556,4356492;3179;0;1146,5;N
3153806;315380;Queluzito;Minas Gerais;153,5601874;1770;0;1146,5;N
3153905;315390;Raposos;Minas Gerais;72,2282134;16279;112;1146,5;N
3154002;315400;Raul Soares;Minas Gerais;763,3642851;23423;92;1146,5;N
3154101;315410;Recreio;Minas Gerais;234,2963611;11007;33;1146,5;N
3154150;315415;Reduto;Minas Gerais;151,8594051;7848;3;1146,5;N
3154200;315420;Resende Costa;Minas Gerais;618,3115197;11230;1;1146,5;N
3154309;315430;Resplendor;Minas Gerais;1081,7957013;17226;13;1146,5;N
3154408;315440;Ressaquinha;Minas Gerais;183,0624113;4548;1;1146,5;N
3154457;315445;Riachinho;Minas Gerais;1719,2655765;6863;13;1146,5;N
3154507;315450;Riacho dos Machados;Minas Gerais;1315,5397066;8756;92;1146,5;N
3154606;315460;Ribeirão das Neves;Minas Gerais;155,1047844;329794;1284;1146,5;N
3154705;315470;Ribeirão Vermelho;Minas Gerais;49,2514744;4080;0;1146,5;N
3154804;315480;Rio Acima;Minas Gerais;228,3940582;10261;100;1146,5;N
3154903;315490;Rio Casca;Minas Gerais;384,3810123;12789;7;1146,5;N
3155009;315500;Rio Doce;Minas Gerais;112,0936007;2484;3;1146,5;N
3155108;315510;Rio do Prado;Minas Gerais;479,8150117;4639;2;1146,5;N
3155207;315520;Rio Espera;Minas Gerais;238,6022831;5429;1;1146,5;N
3155306;315530;Rio Manso;Minas Gerais;231,5400546;5568;7;1146,5;N
3155405;315540;Rio Novo;Minas Gerais;209,3101436;8518;10;1146,5;N
3155504;315550;Rio Paranaíba;Minas Gerais;1352,3532121;14532;49;1146,5;N
3155603;315560;Rio Pardo de Minas;Minas Gerais;3117,6749236;28271;15;927,6;S
3155702;315570;Rio Piracicaba;Minas Gerais;373,0370201;14631;37;1146,5;N
3155801;315580;Rio Pomba;Minas Gerais;252,4177538;17443;27;1146,5;N
3155900;315590;Rio Preto;Minas Gerais;348,0463391;5141;0;1146,5;N
3156007;315600;Rio Vermelho;Minas Gerais;986,5613305;12641;0;1146,5;N
3156106;315610;Ritápolis;Minas Gerais;404,8045241;4994;0;1146,5;N
3156205;315620;Rochedo de Minas;Minas Gerais;79,4022044;2291;22;1146,5;N
3156304;315630;Rodeiro;Minas Gerais;72,6731749;8664;4;1146,5;N
3156403;315640;Romaria;Minas Gerais;407,5568785;3386;54;1146,5;N
3156452;315645;Rosário da Limeira;Minas Gerais;111,1555054;4734;2;1146,5;N
3156502;315650;Rubelita;Minas Gerais;1110,2945435;5679;10;1146,5;N
3156601;315660;Rubim;Minas Gerais;965,1739527;10298;5;1146,5;N
3156700;315670;Sabará;Minas Gerais;302,4528280;129380;1769;1146,5;N
3156809;315680;Sabinópolis;Minas Gerais;919,8107860;14240;5;1146,5;N
3156908;315690;Sacramento;Minas Gerais;3073,2677112;26670;10;1601,6;S
3157005;315700;Salinas;Minas Gerais;1862,1170098;40178;10;1481,8;S
3157104;315710;Salto da Divisa;Minas Gerais;938,0081525;6110;2;1146,5;N
3157203;315720;Santa Bárbara;Minas Gerais;684,5053168;30466;26;1146,5;N
3157252;315725;Santa Bárbara do Leste;Minas Gerais;107,4021688;8458;4;1146,5;N
3157278;315727;Santa Bárbara do Monte Verde;Minas Gerais;417,9245843;3095;10;1146,5;N
3157302;315730;Santa Bárbara do Tugúrio;Minas Gerais;194,5644731;4208;1;1146,5;N
3157336;315733;Santa Cruz de Minas;Minas Gerais;3,5650989;8109;0;1146,5;N
3157377;315737;Santa Cruz de Salinas;Minas Gerais;589,6072966;3910;4;1146,5;N
3157401;315740;Santa Cruz do Escalvado;Minas Gerais;258,7258707;4673;3;1146,5;N
3157500;315750;Santa Efigênia de Minas;Minas Gerais;131,9653685;4039;4;1146,5;N
3157609;315760;Santa Fé de Minas;Minas Gerais;2917,4484970;3522;2;1146,5;N
3157658;315765;Santa Helena de Minas;Minas Gerais;276,4325564;5938;23;1146,5;N
3157708;315770;Santa Juliana;Minas Gerais;723,7835598;15734;104;1146,5;N
3157807;315780;Santa Luzia;Minas Gerais;235,2048626;219132;175;1146,5;N
3157906;315790;Santa Margarida;Minas Gerais;255,7302417;16395;7;1146,5;N
3158003;315800;Santa Maria de Itabira;Minas Gerais;597,4409706;10485;9;1146,5;N
3158102;315810;Santa Maria do Salto;Minas Gerais;440,6050086;4755;8;1146,5;N
3158201;315820;Santa Maria do Suaçuí;Minas Gerais;624,0474421;12788;4;1146,5;N
3158300;315830;Santana da Vargem;Minas Gerais;172,4435912;6691;0;1146,5;N
3158409;315840;Santana de Cataguases;Minas Gerais;161,4863126;3489;0;1146,5;N
3158508;315850;Santana de Pirapama;Minas Gerais;1255,8315576;7030;5;1146,5;N
3158607;315860;Santana do Deserto;Minas Gerais;182,6547087;3747;1;1146,5;N
3158706;315870;Santana do Garambéu;Minas Gerais;203,0744065;2137;0;1146,5;N
3158805;315880;Santana do Jacaré;Minas Gerais;106,1692352;4214;12;1146,5;N
3158904;315890;Santana do Manhuaçu;Minas Gerais;347,3621090;8987;17;1146,5;N
3158953;315895;Santana do Paraíso;Minas Gerais;276,0669671;44800;134;1146,5;N
3159001;315900;Santana do Riacho;Minas Gerais;677,2065982;5313;9;1146,5;N
3159100;315910;Santana dos Montes;Minas Gerais;196,5647602;3469;0;1146,5;N
3159209;315920;Santa Rita de Caldas;Minas Gerais;503,0113721;8460;1;1146,5;N
3159308;315930;Santa Rita de Jacutinga;Minas Gerais;420,9402286;4755;1;1146,5;N
3159357;315935;Santa Rita de Minas;Minas Gerais;68,1527526;6773;1;1146,5;N
3159407;315940;Santa Rita de Ibitipoca;Minas Gerais;324,2337215;3301;2;1146,5;N
3159506;315950;Santa Rita do Itueto;Minas Gerais;485,0814249;5826;23;1146,5;N
3159605;315960;Santa Rita do Sapucaí;Minas Gerais;352,9691567;40635;5;1146,5;N
3159704;315970;Santa Rosa da Serra;Minas Gerais;284,3338281;3382;4;1146,5;N
3159803;315980;Santa Vitória;Minas Gerais;2998,3643263;20973;152;1146,5;N
3159902;315990;Santo Antônio do Amparo;Minas Gerais;488,8845291;17285;1;1146,5;N
3160009;316000;Santo Antônio do Aventureiro;Minas Gerais;202,0318554;3769;8;1146,5;N
3160108;316010;Santo Antônio do Grama;Minas Gerais;130,2126069;4229;0;1146,5;N
3160207;316020;Santo Antônio do Itambé;Minas Gerais;305,7367334;3915;9;1146,5;N
3160306;316030;Santo Antônio do Jacinto;Minas Gerais;503,7064662;10327;1;1146,5;N
3160405;316040;Santo Antônio do Monte;Minas Gerais;1125,7796030;27295;6;1146,5;N
3160454;316045;Santo Antônio do Retiro;Minas Gerais;796,2900282;6629;4;1146,5;N
3160504;316050;Santo Antônio do Rio Abaixo;Minas Gerais;107,2690947;1808;16;1146,5;N
3160603;316060;Santo Hipólito;Minas Gerais;430,6564064;2717;1;1146,5;N
3160702;316070;Santos Dumont;Minas Gerais;637,3733078;42406;1;1146,5;N
3160801;316080;São Bento Abade;Minas Gerais;80,4033447;4713;2;1146,5;N
3160900;316090;São Brás do Suaçuí;Minas Gerais;110,0185298;3989;54;1146,5;N
3160959;316095;São Domingos das Dores;Minas Gerais;60,8653784;5626;3;1146,5;N
3161007;316100;São Domingos do Prata;Minas Gerais;743,7679515;17392;35;1146,5;N
3161056;316105;São Félix de Minas;Minas Gerais;162,5600555;3200;1;1146,5;N
3161106;316110;São Francisco;Minas Gerais;3308,0999369;52762;46;1146,5;N
3161205;316120;São Francisco de Paula;Minas Gerais;316,8224726;6187;2;1146,5;N
3161304;316130;São Francisco de Sales;Minas Gerais;1128,8639246;5732;17;1146,5;N
3161403;316140;São Francisco do Glória;Minas Gerais;164,6132145;4800;3;1146,5;N
3161502;316150;São Geraldo;Minas Gerais;185,5780921;10282;24;1146,5;N
3161601;316160;São Geraldo da Piedade;Minas Gerais;152,3358905;3305;10;1146,5;N
3161650;316165;São Geraldo do Baixio;Minas Gerais;280,9544717;3143;1;1146,5;N
3161700;316170;São Gonçalo do Abaeté;Minas Gerais;2692,5446816;7375;5;1146,5;N
3161809;316180;São Gonçalo do Pará;Minas Gerais;265,7298033;11770;9;1146,5;N
3161908;316190;São Gonçalo do Rio Abaixo;Minas Gerais;363,8275978;11850;52;1146,5;N
3162005;316200;São Gonçalo do Sapucaí;Minas Gerais;516,6832943;23959;4;1146,5;N
3162104;316210;São Gotardo;Minas Gerais;866,0870523;40910;12;1146,5;N
3162203;316220;São João Batista do Glória;Minas Gerais;547,9077097;7652;7;1146,5;N
3162252;316225;São João da Lagoa;Minas Gerais;998,0146446;4822;21;1146,5;N
3162302;316230;São João da Mata;Minas Gerais;120,5357022;2914;1;1146,5;N
3162401;316240;São João da Ponte;Minas Gerais;1851,1021201;23930;170;1146,5;N
3162450;316245;São João das Missões;Minas Gerais;678,2743214;13024;13;1146,5;N
3162500;316250;São João del Rei;Minas Gerais;1452,0024306;90225;22;1429,2;S
3162559;316255;São João do Manhuaçu;Minas Gerais;143,0956035;11246;13;1146,5;N
3162575;316257;São João do Manteninha;Minas Gerais;137,9275453;5331;8;1146,5;N
3162609;316260;São João do Oriente;Minas Gerais;120,1223746;7070;22;1146,5;N
3162658;316265;São João do Pacuí;Minas Gerais;415,9217197;3972;14;1146,5;N
3162708;316270;São João do Paraíso;Minas Gerais;1925,5753038;23910;8;1146,5;N
3162807;316280;São João Evangelista;Minas Gerais;478,1831562;15315;31;1146,5;N
3162906;316290;São João Nepomuceno;Minas Gerais;407,4271258;25565;12;1146,5;N
3162922;316292;São Joaquim de Bicas;Minas Gerais;71,7582633;34348;38;1146,5;N
3162948;316294;São José da Barra;Minas Gerais;308,3189497;7793;5;1146,5;N
3162955;316295;São José da Lapa;Minas Gerais;47,9295096;26090;995;1146,5;N
3163003;316300;São José da Safira;Minas Gerais;213,8808092;3806;11;1146,5;N
3163102;316310;São José da Varginha;Minas Gerais;205,5008196;4536;14;1146,5;N
3163201;316320;São José do Alegre;Minas Gerais;88,7937162;4133;5;1146,5;N
3163300;316330;São José do Divino;Minas Gerais;328,7038739;3464;1;1146,5;N
3163409;316340;São José do Goiabal;Minas Gerais;189,5778355;5396;3;1146,5;N
3163508;316350;São José do Jacuri;Minas Gerais;345,1457360;6197;1;1146,5;N
3163607;316360;São José do Mantimento;Minas Gerais;54,7009311;2753;0;1146,5;N
3163706;316370;São Lourenço;Minas Gerais;58,0186667;44798;2;1146,5;N
3163805;316380;São Miguel do Anta;Minas Gerais;152,1106854;6334;14;1146,5;N
3163904;316390;São Pedro da União;Minas Gerais;260,8272716;4885;4;1146,5;N
3164001;316400;São Pedro dos Ferros;Minas Gerais;402,7392212;7166;10;1146,5;N
3164100;316410;São Pedro do Suaçuí;Minas Gerais;308,1058536;5103;1;1146,5;N
3164209;316420;São Romão;Minas Gerais;2434,0039966;10315;2;1161,4;S
3164308;316430;São Roque de Minas;Minas Gerais;2098,8666696;7129;2;1146,5;N
3164407;316440;São Sebastião da Bela Vista;Minas Gerais;167,4282975;6387;0;1146,5;N
3164431;316443;São Sebastião da Vargem Alegre;Minas Gerais;73,6290033;3113;0;1146,5;N
3164472;316447;São Sebastião do Anta;Minas Gerais;80,6176882;6194;0;1146,5;N
3164506;316450;São Sebastião do Maranhão;Minas Gerais;517,8297226;10079;0;1146,5;N
3164605;316460;São Sebastião do Oeste;Minas Gerais;408,0900399;8815;23;1146,5;N
3164704;316470;São Sebastião do Paraíso;Minas Gerais;814,9251667;71796;53;346,8;S
3164803;316480;São Sebastião do Rio Preto;Minas Gerais;128,0018942;1259;0;1146,5;N
3164902;316490;São Sebastião do Rio Verde;Minas Gerais;90,8475915;2300;0;1146,5;N
3165008;316500;São Tiago;Minas Gerais;572,3998894;11192;5;1146,5;N
3165107;316510;São Tomás de Aquino;Minas Gerais;277,9279178;6740;7;1146,5;N
3165206;316520;São Tomé das Letras;Minas Gerais;369,7474068;6904;4;1146,5;N
3165305;316530;São Vicente de Minas;Minas Gerais;392,6510477;6804;0;1146,5;N
3165404;316540;Sapucaí-Mirim;Minas Gerais;285,0725421;6311;4;1146,5;N
3165503;316550;Sardoá;Minas Gerais;141,9037278;5104;17;1146,5;N
3165537;316553;Sarzedo;Minas Gerais;62,1342725;36844;24;1146,5;N
3165552;316555;Setubinha;Minas Gerais;534,6550698;9917;7;1146,5;N
3165560;316556;Sem-Peixe;Minas Gerais;176,6340614;2433;2;1146,5;N
3165578;316557;Senador Amaral;Minas Gerais;151,0974326;6206;0;1146,5;N
3165602;316560;Senador Cortes;Minas Gerais;98,3358142;2240;1;1146,5;N
3165701;316570;Senador Firmino;Minas Gerais;166,4951081;7716;2;1146,5;N
3165800;316580;Senador José Bento;Minas Gerais;93,8923969;2068;0;1146,5;N
3165909;316590;Senador Modestino Gonçalves;Minas Gerais;952,0550095;4008;1;1146,5;N
3166006;316600;Senhora de Oliveira;Minas Gerais;170,7488717;5483;1;1146,5;N
3166105;316610;Senhora do Porto;Minas Gerais;381,3280217;3067;3;1146,5;N
3166204;316620;Senhora dos Remédios;Minas Gerais;237,8145131;10384;3;1146,5;N
3166303;316630;Sericita;Minas Gerais;166,0117621;7345;0;1146,5;N
3166402;316640;Seritinga;Minas Gerais;114,7692901;1819;0;1146,5;N
3166501;316650;Serra Azul de Minas;Minas Gerais;218,5947219;3792;8;1146,5;N
3166600;316660;Serra da Saudade;Minas Gerais;335,6589546;833;0;1146,5;N
3166709;316670;Serra dos Aimorés;Minas Gerais;213,5744501;6944;5;194,0;S
3166808;316680;Serra do Salitre;Minas Gerais;1295,2720261;11801;27;1146,5;N
3166907;316690;Serrania;Minas Gerais;209,2696611;7621;5;1146,5;N
3166956;316695;Serranópolis de Minas;Minas Gerais;551,9540760;4399;68;1146,5;N
3167004;316700;Serranos;Minas Gerais;213,1726664;1990;0;1146,5;N
3167103;316710;Serro;Minas Gerais;1217,8132195;21952;8;1146,5;N
3167202;316720;Sete Lagoas;Minas Gerais;536,9284964;227397;24;1448,0;S
3167301;316730;Silveirânia;Minas Gerais;157,4563330;2323;2;1146,5;N
3167400;316740;Silvianópolis;Minas Gerais;312,1663204;6179;1;1146,5;N
3167509;316750;Simão Pereira;Minas Gerais;135,6891232;2947;1;1146,5;N
3167608;316760;Simonésia;Minas Gerais;486,5426409;19750;20;1146,5;N
3167707;316770;Sobrália;Minas Gerais;206,7865630;5137;4;1146,5;N
3167806;316780;Soledade de Minas;Minas Gerais;196,8656764;5613;3;1146,5;N
3167905;316790;Tabuleiro;Minas Gerais;211,0841781;4014;1;1146,5;N
3168002;316800;Taiobeiras;Minas Gerais;1220,0454978;33050;53;1146,5;N
3168051;316805;Taparuba;Minas Gerais;193,0816094;3387;3;1146,5;N
3168101;316810;Tapira;Minas Gerais;1179,2478599;4118;4;1146,5;N
3168200;316820;Tapiraí;Minas Gerais;407,9195431;1690;3;1146,5;N
3168309;316830;Taquaraçu de Minas;Minas Gerais;329,2866242;4224;4;1146,5;N
3168408;316840;Tarumirim;Minas Gerais;731,7532816;14709;12;1146,5;N
3168507;316850;Teixeiras;Minas Gerais;166,7354633;12255;11;1146,5;N
3168606;316860;Teófilo Otoni;Minas Gerais;3242,2695543;137418;191;1187,6;S
3168705;316870;Timóteo;Minas Gerais;144,3812313;81579;233;1462,8;S
3168804;316880;Tiradentes;Minas Gerais;83,0474691;7744;28;1146,5;N
3168903;316890;Tiros;Minas Gerais;2091,7735922;7883;42;1146,5;N
3169000;316900;Tocantins;Minas Gerais;173,8658081;16185;12;1146,5;N
3169059;316905;Tocos do Moji;Minas Gerais;114,7047880;3826;0;1146,5;N
3169109;316910;Toledo;Minas Gerais;136,7763175;7214;0;1146,5;N
3169208;316920;Tombos;Minas Gerais;285,1238181;8609;0;1146,5;N
3169307;316930;Três Corações;Minas Gerais;828,0380753;75485;23;1146,5;N
3169356;316935;Três Marias;Minas Gerais;2678,2535028;28895;21;1355,4;S
3169406;316940;Três Pontas;Minas Gerais;689,7939904;55255;5;1146,5;N
3169505;316950;Tumiritinga;Minas Gerais;500,0727009;5886;2;1146,5;N
3169604;316960;Tupaciguara;Minas Gerais;1822,5295473;25470;737;1146,5;N
3169703;316970;Turmalina;Minas Gerais;1153,1106710;20000;13;1146,5;N
3169802;316980;Turvolândia;Minas Gerais;221,0000196;4935;0;1146,5;N
3169901;316990;Ubá;Minas Gerais;407,4523057;103365;373;1146,5;N
3170008;317000;Ubaí;Minas Gerais;820,5241154;11708;34;1146,5;N
3170057;317005;Ubaporanga;Minas Gerais;189,0451397;13017;4;1146,5;N
3170107;317010;Uberaba;Minas Gerais;4523,9571035;337836;600;1508,0;S
3170206;317020;Uberlândia;Minas Gerais;4115,2061614;713224;7739;1547,0;S
3170305;317030;Umburatiba;Minas Gerais;405,8335626;2684;4;1146,5;N
3170404;317040;Unaí;Minas Gerais;8445,4323100;86619;150;1373,6;S
3170438;317043;União de Minas;Minas Gerais;1147,4065996;3828;52;1146,5;N
3170479;317047;Uruana de Minas;Minas Gerais;598,2209676;3282;4;1146,5;N
3170503;317050;Urucânia;Minas Gerais;138,7920326;10600;6;1146,5;N
3170529;317052;Urucuia;Minas Gerais;2076,9422752;17479;5;1146,5;N
3170578;317057;Vargem Alegre;Minas Gerais;116,6639897;5780;3;1146,5;N
3170602;317060;Vargem Bonita;Minas Gerais;409,8876952;2158;0;1146,5;N
3170651;317065;Vargem Grande do Rio Pardo;Minas Gerais;491,5123989;4633;1;1146,5;N
3170701;317070;Varginha;Minas Gerais;395,3960336;136467;85;722,2;S
3170750;317075;Varjão de Minas;Minas Gerais;651,5050038;6969;14;1146,5;N
3170800;317080;Várzea da Palma;Minas Gerais;2220,2788091;33744;67;1146,5;N
3170909;317090;Varzelândia;Minas Gerais;814,9941549;18840;132;1146,5;N
3171006;317100;Vazante;Minas Gerais;1913,3962949;19975;93;1146,5;N
3171030;317103;Verdelândia;Minas Gerais;1570,5819982;7672;18;1146,5;N
3171071;317107;Veredinha;Minas Gerais;631,6914995;5181;8;1146,5;N
3171105;317110;Veríssimo;Minas Gerais;1031,8234842;3411;2;1146,5;N
3171154;317115;Vermelho Novo;Minas Gerais;115,2418350;4899;5;1146,5;N
3171204;317120;Vespasiano;Minas Gerais;71,0397294;129246;267;1146,5;N
3171303;317130;Viçosa;Minas Gerais;299,4178840;76430;40;1533,8;S
3171402;317140;Vieiras;Minas Gerais;112,6914457;3700;18;1146,5;N
3171501;317150;Mathias Lobato;Minas Gerais;172,2967269;3038;1;1146,5;N
3171600;317160;Virgem da Lapa;Minas Gerais;868,9142422;11804;5;1146,5;N
3171709;317170;Virgínia;Minas Gerais;326,5148392;8908;3;1146,5;N
3171808;317180;Virginópolis;Minas Gerais;439,8780578;10314;13;1146,5;N
3171907;317190;Virgolândia;Minas Gerais;281,0223793;4552;10;1146,5;N
3172004;317200;Visconde do Rio Branco;Minas Gerais;243,3507987;39160;54;1146,5;N
3172103;317210;Volta Grande;Minas Gerais;205,5517890;4443;0;1146,5;N
3172202;317220;Wenceslau Braz;Minas Gerais;102,4873436;2356;6;1146,5;N
3200102;320010;Afonso Cláudio;Espírito Santo;941,1880486;30684;218;1370,6;S
3200136;320013;Águia Branca;Espírito Santo;454,4478961;9711;13;1261,8;N
3200169;320016;Água Doce do Norte;Espírito Santo;473,7290156;12042;34;1261,8;N
3200201;320020;Alegre;Espírito Santo;756,8598524;29177;345;1279,6;S
3200300;320030;Alfredo Chaves;Espírito Santo;615,6771374;13836;246;1626,0;S
3200359;320035;Alto Rio Novo;Espírito Santo;227,6167611;7434;9;1261,8;N
3200409;320040;Anchieta;Espírito Santo;409,6913844;29984;83;1261,8;N
3200508;320050;Apiacá;Espírito Santo;193,9839321;7223;30;1261,8;N
3200607;320060;Aracruz;Espírito Santo;1420,2851833;94765;25;1261,8;N
3200706;320070;Atílio Vivácqua;Espírito Santo;232,8682341;10540;15;1261,8;N
3200805;320080;Baixo Guandu;Espírito Santo;909,0393354;30674;999;1261,8;N
3200904;320090;Barra de São Francisco;Espírito Santo;944,5207855;42498;55;1261,8;N
3201001;320100;Boa Esperança;Espírito Santo;428,7165110;13608;114;1261,8;N
3201100;320110;Bom Jesus do Norte;Espírito Santo;89,0840333;10254;24;1261,8;N
3201159;320115;Brejetuba;Espírito Santo;354,4044571;12985;30;1261,8;N
3201209;320120;Cachoeiro de Itapemirim;Espírito Santo;864,5831017;185786;1248;1261,8;N
3201308;320130;Cariacica;Espírito Santo;279,7180819;353491;839;1261,8;N
3201407;320140;Castelo;Espírito Santo;663,5148725;36930;422;1261,8;N
3201506;320150;Colatina;Espírito Santo;1398,2185813;120033;245;1261,8;N
3201605;320160;Conceição da Barra;Espírito Santo;1182,5874255;27458;26;1261,8;N
3201704;320170;Conceição do Castelo;Espírito Santo;369,7778526;11937;9;1261,8;N
3201803;320180;Divino de São Lourenço;Espírito Santo;174,0390172;5083;8;1261,8;N
3201902;320190;Domingos Martins;Espírito Santo;1229,2100358;35416;12;1261,8;N
3202009;320200;Dores do Rio Preto;Espírito Santo;159,2978645;6596;4;1261,8;N
3202108;320210;Ecoporanga;Espírito Santo;2285,3691091;21992;22;874,2;S
3202207;320220;Fundão;Espírito Santo;286,8544444;18014;135;1261,8;N
3202256;320225;Governador Lindenberg;Espírito Santo;360,0159063;11009;46;1261,8;N
3202306;320230;Guaçuí;Espírito Santo;468,1848302;29358;186;1261,8;N
3202405;320240;Guarapari;Espírito Santo;589,8253643;124656;195;1261,8;N
3202454;320245;Ibatiba;Espírito Santo;240,2777250;25380;8;1261,8;N
3202504;320250;Ibiraçu;Espírito Santo;201,2479363;11723;5;1261,8;N
3202553;320255;Ibitirama;Espírito Santo;330,8744317;9520;6;1261,8;N
3202603;320260;Iconha;Espírito Santo;203,5276427;12326;57;1261,8;N
3202652;320265;Irupi;Espírito Santo;184,8073463;13710;67;1261,8;N
3202702;320270;Itaguaçu;Espírito Santo;535,0206730;13589;122;1261,8;N
3202801;320280;Itapemirim;Espírito Santo;550,7096598;39832;488;1261,8;N
3202900;320290;Itarana;Espírito Santo;295,1887955;10597;8;1261,8;N
3203007;320300;Iúna;Espírito Santo;460,5858667;28590;17;1261,8;N
3203056;320305;Jaguaré;Espírito Santo;659,7510865;28931;68;1261,8;N
3203106;320310;Jerônimo Monteiro;Espírito Santo;177,3420268;11575;289;1261,8;N
3203130;320313;João Neiva;Espírito Santo;284,7346820;14079;6;1261,8;N
3203163;320316;Laranja da Terra;Espírito Santo;458,3697765;11094;221;1261,8;N
3203205;320320;Linhares;Espírito Santo;3496,2633782;166786;153;1128,2;S
3203304;320330;Mantenópolis;Espírito Santo;321,4176231;12770;36;1261,8;N
3203320;320332;Marataízes;Espírito Santo;130,2677851;41929;627;1261,8;N
3203346;320334;Marechal Floriano;Espírito Santo;285,4949324;17641;9;1261,8;N
3203353;320335;Marilândia;Espírito Santo;327,6423156;12387;6;1033,8;S
3203403;320340;Mimoso do Sul;Espírito Santo;869,4390555;24475;12;1261,8;N
3203502;320350;Montanha;Espírito Santo;1099,0597311;18900;20;1261,8;N
3203601;320360;Mucurici;Espírito Santo;540,5293144;5466;4;1261,8;N
3203700;320370;Muniz Freire;Espírito Santo;678,8037294;18153;282;1261,8;N
3203809;320380;Muqui;Espírito Santo;327,2677651;13745;49;1261,8;N
3203908;320390;Nova Venécia;Espírito Santo;1439,5705025;49065;520;1261,8;N
3204005;320400;Pancas;Espírito Santo;837,8424795;18893;622;1261,8;N
3204054;320405;Pedro Canário;Espírito Santo;433,4528611;21522;14;1261,8;N
3204104;320410;Pinheiros;Espírito Santo;973,1358465;23915;32;1261,8;N
3204203;320420;Piúma;Espírito Santo;74,0458030;22300;194;1261,8;N
3204252;320425;Ponto Belo;Espírito Santo;360,1097714;6497;7;1261,8;N
3204302;320430;Presidente Kennedy;Espírito Santo;594,8971437;13696;11;1236,0;S
3204351;320435;Rio Bananal;Espírito Santo;641,9288056;19274;15;1261,8;N
3204401;320440;Rio Novo do Sul;Espírito Santo;204,4639253;11069;0;1261,8;N
3204500;320450;Santa Leopoldina;Espírito Santo;718,3254417;13106;9;1261,8;N
3204559;320455;Santa Maria de Jetibá;Espírito Santo;735,1981186;41636;26;1261,8;N
3204609;320460;Santa Teresa;Espírito Santo;683,0316777;22808;23;1391,0;S
3204658;320465;São Domingos do Norte;Espírito Santo;298,5801539;8589;26;1261,8;N
3204708;320470;São Gabriel da Palha;Espírito Santo;434,8871180;32252;15;1261,8;N
3204807;320480;São José do Calçado;Espírito Santo;273,4892616;10878;38;1261,8;N
3204906;320490;São Mateus;Espírito Santo;2346,0485374;123752;73;1371,2;S
3204955;320495;São Roque do Canaã;Espírito Santo;341,9441366;10886;1;1261,8;N
3205002;320500;Serra;Espírito Santo;547,6312386;520653;6235;1261,8;N
3205010;320501;Sooretama;Espírito Santo;587,0362062;26502;6;1261,8;N
3205036;320503;Vargem Alta;Espírito Santo;417,7604617;19563;31;1261,8;N
3205069;320506;Venda Nova do Imigrante;Espírito Santo;185,9088445;23831;18;1489,4;S
3205101;320510;Viana;Espírito Santo;312,2785906;73423;51;1261,8;N
3205150;320515;Vila Pavão;Espírito Santo;433,2574690;8911;11;1261,8;N
3205176;320517;Vila Valério;Espírito Santo;470,3429412;13728;5;1261,8;N
3205200;320520;Vila Velha;Espírito Santo;210,2254291;467722;2060;1274,8;S
3205309;320530;Vitória;Espírito Santo;97,1231104;322869;1085;1066,4;S
3300100;330010;Angra dos Reis;Rio de Janeiro;813,4196083;167434;203;1204,0;S
3300159;330015;Aperibé;Rio de Janeiro;94,5419020;11034;0;1201,5;N
3300209;330020;Araruama;Rio de Janeiro;638,2763144;129671;82;1201,5;N
3300225;330022;Areal;Rio de Janeiro;110,7238146;11828;5;1201,5;N
3300233;330023;Armação dos Búzios;Rio de Janeiro;70,9773650;40006;3;1201,5;N
3300258;330025;Arraial do Cabo;Rio de Janeiro;152,1055128;30986;8;803,8;S
3300308;330030;Barra do Piraí;Rio de Janeiro;584,6095205;92883;20;1201,5;N
3300407;330040;Barra Mansa;Rio de Janeiro;547,1333658;169894;41;1201,5;N
3300456;330045;Belford Roxo;Rio de Janeiro;78,9854279;483087;22;1201,5;N
3300506;330050;Bom Jardim;Rio de Janeiro;382,4301993;28102;8;1201,5;N
3300605;330060;Bom Jesus do Itabapoana;Rio de Janeiro;596,6594153;35173;259;1201,5;N
3300704;330070;Cabo Frio;Rio de Janeiro;413,4486733;222161;30;1201,5;N
3300803;330080;Cachoeiras de Macacu;Rio de Janeiro;954,7488285;56943;46;1201,5;N
3300902;330090;Cambuci;Rio de Janeiro;558,2811758;14616;3;488,8;S
3300936;330093;Carapebus;Rio de Janeiro;304,8847215;13847;7;1201,5;N
3300951;330095;Comendador Levy Gasparian;Rio de Janeiro;108,6393750;8741;2;1201,5;N
3301009;330100;Campos dos Goytacazes;Rio de Janeiro;4032,4868898;483540;22;1111,0;S
3301108;330110;Cantagalo;Rio de Janeiro;747,2103666;19390;2;1201,5;N
3301157;330115;Cardoso Moreira;Rio de Janeiro;522,5961958;12958;12;1201,5;N
3301207;330120;Carmo;Rio de Janeiro;305,7493438;17198;26;898,6;S
3301306;330130;Casimiro de Abreu;Rio de Janeiro;462,9178984;46110;16;1201,5;N
3301405;330140;Conceição de Macabu;Rio de Janeiro;338,2596669;21104;1;1201,5;N
3301504;330150;Cordeiro;Rio de Janeiro;113,0483026;20783;9;1201,5;N
3301603;330160;Duas Barras;Rio de Janeiro;379,6189735;10980;2;1201,5;N
3301702;330170;Duque de Caxias;Rio de Janeiro;467,3191952;808161;78;1595,4;S
3301801;330180;Engenheiro Paulo de Frontin;Rio de Janeiro;139,3807103;12242;4;1201,5;N
3301850;330185;Guapimirim;Rio de Janeiro;358,4428617;51696;25;1201,5;N
3301876;330187;Iguaba Grande;Rio de Janeiro;50,9768020;27920;179;1201,5;N
3301900;330190;Itaboraí;Rio de Janeiro;429,9605879;224267;310;1201,5;N
3302007;330200;Itaguaí;Rio de Janeiro;282,6065042;116841;7;1201,5;N
3302056;330205;Italva;Rio de Janeiro;291,1929455;14073;8;1201,5;N
3302106;330210;Itaocara;Rio de Janeiro;433,1816541;22919;8;1201,5;N
3302205;330220;Itaperuna;Rio de Janeiro;1106,6940693;101041;123;1201,5;N
3302254;330225;Itatiaia;Rio de Janeiro;241,0346800;30908;17;1201,5;N
3302270;330227;Japeri;Rio de Janeiro;81,6973600;96289;5;1201,5;N
3302304;330230;Laje do Muriaé;Rio de Janeiro;253,5301203;7336;2;1201,5;N
3302403;330240;Macaé;Rio de Janeiro;1216,9886973;246391;62;1056,6;S
3302452;330245;Macuco;Rio de Janeiro;78,3635294;5415;0;1201,5;N
3302502;330250;Magé;Rio de Janeiro;390,7754386;228127;20;1201,5;N
3302601;330260;Mangaratiba;Rio de Janeiro;367,6064450;41220;5;1201,5;N
3302700;330270;Maricá;Rio de Janeiro;361,5720954;197277;147;1201,5;N
3302809;330280;Mendes;Rio de Janeiro;95,3238686;17502;77;1201,5;N
3302858;330285;Mesquita;Rio de Janeiro;41,1685932;167127;14;1201,5;N
3302908;330290;Miguel Pereira;Rio de Janeiro;287,9330822;26582;4;1201,5;N
3303005;330300;Miracema;Rio de Janeiro;303,2697394;26881;555;1201,5;N
3303104;330310;Natividade;Rio de Janeiro;387,0732379;15074;20;1201,5;N
3303203;330320;Nilópolis;Rio de Janeiro;19,3933098;146774;4;1201,5;N
3303302;330330;Niterói;Rio de Janeiro;133,7571544;481749;99;1029,8;S
3303401;330340;Nova Friburgo;Rio de Janeiro;935,4288315;189939;141;1059,6;S
3303500;330350;Nova Iguaçu;Rio de Janeiro;520,5806683;785867;25;1201,5;N
3303609;330360;Paracambi;Rio de Janeiro;190,9488894;41375;10;1201,5;N
3303708;330370;Paraíba do Sul;Rio de Janeiro;571,1173549;42063;19;1201,5;N
3303807;330380;Paraty;Rio de Janeiro;924,2955297;45243;29;1739,2;S
3303856;330385;Paty do Alferes;Rio de Janeiro;314,3412346;29619;26;1048,8;S
3303906;330390;Petrópolis;Rio de Janeiro;791,1443797;278881;16;1201,5;N
3303955;330395;Pinheiral;Rio de Janeiro;82,2537153;24298;22;1201,5;N
3304003;330400;Piraí;Rio de Janeiro;490,2552664;27474;12;1201,5;N
3304102;330410;Porciúncula;Rio de Janeiro;291,8474049;17288;4;1201,5;N
3304110;330411;Porto Real;Rio de Janeiro;50,8921138;20373;26;1201,5;N
3304128;330412;Quatis;Rio de Janeiro;284,8263245;13682;18;1201,5;N
3304144;330414;Queimados;Rio de Janeiro;75,9267792;140523;13;1201,5;N
3304151;330415;Quissamã;Rio de Janeiro;719,6429455;22393;1;1201,5;N
3304201;330420;Resende;Rio de Janeiro;1099,3356125;129612;35;1577,8;S
3304300;330430;Rio Bonito;Rio de Janeiro;459,4580231;56276;22;1201,5;N
3304409;330440;Rio Claro;Rio de Janeiro;846,7966966;17401;1;1278,6;S
3304508;330450;Rio das Flores;Rio de Janeiro;478,7831456;8954;14;1201,5;N
3304524;330452;Rio das Ostras;Rio de Janeiro;228,0440257;156491;90;1201,5;N
3304557;330455;Rio de Janeiro;Rio de Janeiro;1200,3295092;6211223;3296;1326,8;S
3304607;330460;Santa Maria Madalena;Rio de Janeiro;810,9627314;10232;1;1106,0;S
3304706;330470;Santo Antônio de Pádua;Rio de Janeiro;603,6332376;41325;44;1201,5;N
3304755;330475;São Francisco de Itabapoana;Rio de Janeiro;1118,0374355;45059;18;1201,5;N
3304805;330480;São Fidélis;Rio de Janeiro;1034,8329647;38961;2;1201,5;N
3304904;330490;São Gonçalo;Rio de Janeiro;248,1595622;896744;327;1201,5;N
3305000;330500;São João da Barra;Rio de Janeiro;452,3964283;36573;9;1201,5;N
3305109;330510;São João de Meriti;Rio de Janeiro;35,2155592;440962;14;1201,5;N
3305133;330513;São José de Ubá;Rio de Janeiro;249,6883244;7070;1;1201,5;N
3305158;330515;São José do Vale do Rio Preto;Rio de Janeiro;220,1776897;22080;1;1201,5;N
3305208;330520;São Pedro da Aldeia;Rio de Janeiro;332,4876369;104029;90;1201,5;N
3305307;330530;São Sebastião do Alto;Rio de Janeiro;397,2137841;7750;1;1201,5;N
3305406;330540;Sapucaia;Rio de Janeiro;540,6729460;17729;12;1201,5;N
3305505;330550;Saquarema;Rio de Janeiro;352,1295445;89559;11;1191,4;S
3305554;330555;Seropédica;Rio de Janeiro;265,1890334;80596;3;1078,2;S
3305604;330560;Silva Jardim;Rio de Janeiro;937,7552881;21352;1;972,0;S
3305703;330570;Sumidouro;Rio de Janeiro;413,4069687;15206;1;1201,5;N
3305752;330575;Tanguá;Rio de Janeiro;143,0069522;31086;12;1201,5;N
3305802;330580;Teresópolis;Rio de Janeiro;773,3381456;165123;31;2365,6;S
3305901;330590;Trajano de Moraes;Rio de Janeiro;591,1513976;10302;20;1201,5;N
3306008;330600;Três Rios;Rio de Janeiro;322,8430528;78346;1;1458,6;S
3306107;330610;Valença;Rio de Janeiro;1300,7666697;68088;14;1235,0;S
3306156;330615;Varre-Sai;Rio de Janeiro;201,9377927;10207;34;1201,5;N
3306206;330620;Vassouras;Rio de Janeiro;536,0730780;33976;15;1201,5;N
3306305;330630;Volta Redonda;Rio de Janeiro;182,1047612;261563;87;1201,5;N
3500105;350010;Adamantina;São Paulo;411,9865494;34687;44;1003,1;N
3500204;350020;Adolfo;São Paulo;211,0551815;4351;1;1003,1;N
3500303;350030;Aguaí;São Paulo;474,5535511;32072;323;1003,1;N
3500402;350040;Águas da Prata;São Paulo;142,6728901;7369;13;1003,1;N
3500501;350050;Águas de Lindóia;São Paulo;60,1257628;17930;4;1003,1;N
3500550;350055;Águas de Santa Bárbara;São Paulo;404,4627892;7177;5;1003,1;N
3500600;350060;Águas de São Pedro;São Paulo;3,6121622;2780;4;1003,1;N
3500709;350070;Agudos;São Paulo;966,7079603;37680;55;1003,1;N
3500758;350075;Alambari;São Paulo;159,6003642;6141;0;1003,1;N
3500808;350080;Alfredo Marcondes;São Paulo;118,9152778;4445;3;1003,1;N
3500907;350090;Altair;São Paulo;313,0065862;3451;57;1003,1;N
3501004;350100;Altinópolis;São Paulo;928,9563763;16818;12;1003,1;N
3501103;350110;Alto Alegre;São Paulo;318,5739225;3841;5;1003,1;N
3501152;350115;Alumínio;São Paulo;83,6188752;17301;2;1003,1;N
3501202;350120;Álvares Florence;São Paulo;362,4113180;3915;1;1003,1;N
3501301;350130;Álvares Machado;São Paulo;347,6465456;27255;21;1003,1;N
3501400;350140;Álvaro de Carvalho;São Paulo;153,6621492;4808;3;1003,1;N
3501509;350150;Alvinlândia;São Paulo;84,8790129;2885;9;1003,1;N
3501608;350160;Americana;São Paulo;133,9122196;237240;195;1003,1;N
3501707;350170;Américo Brasiliense;São Paulo;122,9576394;33019;51;1003,1;N
3501806;350180;Américo de Campos;São Paulo;252,8756651;5870;3;1003,1;N
3501905;350190;Amparo;São Paulo;445,3228765;68008;54;1003,1;N
3502002;350200;Analândia;São Paulo;325,9527937;4589;5;1003,1;N
3502101;350210;Andradina;São Paulo;964,2261271;59783;489;1003,1;N
3502200;350220;Angatuba;São Paulo;1027,2876771;24022;2;1003,1;N
3502309;350230;Anhembi;São Paulo;736,5572905;5674;2;1003,1;N
3502408;350240;Anhumas;São Paulo;320,8403390;4023;1;1003,1;N
3502507;350250;Aparecida;São Paulo;120,8899854;32569;25;1003,1;N
3502606;350260;Aparecida d'Oeste;São Paulo;179,0036982;4086;3;1003,1;N
3502705;350270;Apiaí;São Paulo;974,3219540;24585;6;1003,1;N
3502754;350275;Araçariguama;São Paulo;145,2042244;21522;8;1003,1;N
3502804;350280;Araçatuba;São Paulo;1167,1255980;200124;2243;1003,1;N
3502903;350290;Araçoiaba da Serra;São Paulo;255,3050137;32443;5;1003,1;N
3503000;350300;Aramina;São Paulo;202,8286893;5420;6;1003,1;N
3503109;350310;Arandu;São Paulo;285,9076546;6885;0;1003,1;N
3503158;350315;Arapeí;São Paulo;156,9028473;2330;1;1003,1;N
3503208;350320;Araraquara;São Paulo;1003,6254984;242228;229;1003,1;N
3503307;350330;Araras;São Paulo;644,8308737;130866;34;1003,1;N
3503356;350335;Arco-Íris;São Paulo;264,9044111;2044;1;1003,1;N
3503406;350340;Arealva;São Paulo;506,2262241;8130;2;1003,1;N
3503505;350350;Areias;São Paulo;305,2267245;3577;1;1003,1;N
3503604;350360;Areiópolis;São Paulo;85,9066883;10130;7;1003,1;N
3503703;350370;Ariranha;São Paulo;132,6242157;7602;6;126,4;S
3503802;350380;Artur Nogueira;São Paulo;178,0262748;51456;98;1003,1;N
3503901;350390;Arujá;São Paulo;96,1671394;86678;31;1003,1;N
3503950;350395;Aspásia;São Paulo;69,3734014;1842;1;1003,1;N
3504008;350400;Assis;São Paulo;460,6087323;101409;703;1003,1;N
3504107;350410;Atibaia;São Paulo;478,5205264;158647;559;1003,1;N
3504206;350420;Auriflama;São Paulo;434,4980292;13692;2;1003,1;N
3504305;350430;Avaí;São Paulo;540,6885834;4483;0;1003,1;N
3504404;350440;Avanhandava;São Paulo;338,3700631;11263;2;1003,1;N
3504503;350450;Avaré;São Paulo;1213,0553122;92805;12;947,6;S
3504602;350460;Bady Bassitt;São Paulo;110,3716039;27260;97;1003,1;N
3504701;350470;Balbinos;São Paulo;91,6345799;3887;24;1003,1;N
3504800;350480;Bálsamo;São Paulo;149,8809222;9596;53;1003,1;N
3504909;350490;Bananal;São Paulo;616,4294520;9969;5;1003,1;N
3505005;350500;Barão de Antonina;São Paulo;153,1416182;3531;3;1003,1;N
3505104;350510;Barbosa;São Paulo;205,2119407;5640;5;1003,1;N
3505203;350520;Bariri;São Paulo;444,4050671;31595;7;1003,1;N
3505302;350530;Barra Bonita;São Paulo;150,1206835;34346;7;1114,2;S
3505351;350535;Barra do Chapéu;São Paulo;405,6807323;5179;0;1003,1;N
3505401;350540;Barra do Turvo;São Paulo;1007,6844595;6876;1;1438,0;S
3505500;350550;Barretos;São Paulo;1566,1612154;122485;279;390,2;S
3505609;350560;Barrinha;São Paulo;146,0254906;32092;18;1003,1;N
3505708;350570;Barueri;São Paulo;65,7007478;316473;47;82,8;S
3505807;350580;Bastos;São Paulo;170,9116036;21503;51;1003,1;N
3505906;350590;Batatais;São Paulo;849,5258653;58402;19;1003,1;N
3506003;350600;Bauru;São Paulo;667,6836948;379146;234;1053,2;S
3506102;350610;Bebedouro;São Paulo;683,1918008;76373;1;490,8;S
3506201;350620;Bento de Abreu;São Paulo;301,6870644;2606;29;1003,1;N
3506300;350630;Bernardino de Campos;São Paulo;244,1581180;11607;0;1003,1;N
3506359;350635;Bertioga;São Paulo;491,5457846;64188;11;2286,8;S
3506409;350640;Bilac;São Paulo;158,0250767;7319;5;1003,1;N
3506508;350650;Birigui;São Paulo;530,0308270;118979;1653;1003,1;N
3506607;350660;Biritiba Mirim;São Paulo;317,4061206;29683;11;1003,1;N
3506706;350670;Boa Esperança do Sul;São Paulo;690,7481378;12978;10;1003,1;N
3506805;350680;Bocaina;São Paulo;363,9264623;11259;5;1003,1;N
3506904;350690;Bofete;São Paulo;653,5412361;10460;2;1003,1;N
3507001;350700;Boituva;São Paulo;248,9540576;61081;35;1003,1;N
3507100;350710;Bom Jesus dos Perdões;São Paulo;108,3657312;22006;41;1003,1;N
3507159;350715;Bom Sucesso de Itararé;São Paulo;133,5781357;3555;0;1003,1;N
3507209;350720;Borá;São Paulo;118,9508617;907;1;1003,1;N
3507308;350730;Boracéia;São Paulo;122,1096770;4715;4;1003,1;N
3507407;350740;Borborema;São Paulo;552,2563671;14226;37;1003,1;N
3507456;350745;Borebi;São Paulo;347,9889004;2713;4;1003,1;N
3507506;350750;Botucatu;São Paulo;1482,6416671;145155;70;1003,1;N
3507605;350760;Bragança Paulista;São Paulo;512,5836139;176811;13;1447,4;S
3507704;350770;Braúna;São Paulo;195,1764124;5356;58;1003,1;N
3507753;350775;Brejo Alegre;São Paulo;105,6886454;2565;104;1003,1;N
3507803;350780;Brodowski;São Paulo;278,4583230;25201;18;1003,1;N
3507902;350790;Brotas;São Paulo;1101,3732829;23898;18;1003,1;N
3508009;350800;Buri;São Paulo;1196,4626346;20250;8;1003,1;N
3508108;350810;Buritama;São Paulo;326,9210282;17210;200;1003,1;N
3508207;350820;Buritizal;São Paulo;266,4204103;4356;0;1003,1;N
3508306;350830;Cabrália Paulista;São Paulo;239,9741615;4299;1;1003,1;N
3508405;350840;Cabreúva;São Paulo;260,2342735;47011;25;1003,1;N
3508504;350850;Caçapava;São Paulo;368,9903844;96202;154;1003,1;N
3508603;350860;Cachoeira Paulista;São Paulo;287,9896839;31564;35;1577,6;S
3508702;350870;Caconde;São Paulo;468,2144527;17101;6;1003,1;N
3508801;350880;Cafelândia;São Paulo;920,2799988;16654;0;1003,1;N
3508900;350890;Caiabu;São Paulo;253,3519419;3712;1;1003,1;N
3509007;350900;Caieiras;São Paulo;97,6420724;95032;28;1003,1;N
3509106;350910;Caiuá;São Paulo;551,1592373;5466;15;1003,1;N
3509205;350920;Cajamar;São Paulo;131,3856178;92689;9;1003,1;N
3509254;350925;Cajati;São Paulo;454,4890367;28515;0;1003,1;N
3509304;350930;Cajobi;São Paulo;176,9293451;9133;51;1003,1;N
3509403;350940;Cajuru;São Paulo;660,0878963;23830;12;1003,1;N
3509452;350945;Campina do Monte Alegre;São Paulo;184,4788697;5954;7;1003,1;N
3509502;350950;Campinas;São Paulo;794,5706123;1139047;4302;1003,1;N
3509601;350960;Campo Limpo Paulista;São Paulo;79,4028489;77632;35;1003,1;N
3509700;350970;Campos do Jordão;São Paulo;289,9814523;46974;7;1846,2;S
3509809;350980;Campos Novos Paulista;São Paulo;484,1994729;4888;6;1003,1;N
3509908;350990;Cananéia;São Paulo;1237,3541535;12289;0;1003,1;N
3509957;350995;Canas;São Paulo;53,2610947;4931;0;1003,1;N
3510005;351000;Cândido Mota;São Paulo;595,8108370;29449;78;1003,1;N
3510104;351010;Cândido Rodrigues;São Paulo;70,8918447;2889;5;1003,1;N
3510153;351015;Canitar;São Paulo;57,4585675;6283;1;1003,1;N
3510203;351020;Capão Bonito;São Paulo;1640,2293095;46337;15;1003,1;N
3510302;351030;Capela do Alto;São Paulo;169,8901942;22866;2;1003,1;N
3510401;351040;Capivari;São Paulo;322,8782526;50068;21;1003,1;N
3510500;351050;Caraguatatuba;São Paulo;484,9472810;134873;218;1003,1;N
3510609;351060;Carapicuíba;São Paulo;34,5457692;386984;44;1003,1;N
3510708;351070;Cardoso;São Paulo;639,2482434;11345;8;1003,1;N
3510807;351080;Casa Branca;São Paulo;864,2253615;28083;3;1003,2;S
3510906;351090;Cássia dos Coqueiros;São Paulo;191,6834396;2799;1;1003,1;N
3511003;351100;Castilho;São Paulo;1065,3179228;19977;139;1003,1;N
3511102;351110;Catanduva;São Paulo;290,5957767;115791;549;1003,1;N
3511201;351120;Catiguá;São Paulo;148,3933066;7003;35;1003,1;N
3511300;351130;Cedral;São Paulo;197,8378072;12618;86;1003,1;N
3511409;351140;Cerqueira César;São Paulo;511,6209581;21469;3;1003,1;N
3511508;351150;Cerquilho;São Paulo;127,8033175;44695;33;1003,1;N
3511607;351160;Cesário Lange;São Paulo;190,3915880;19048;3;1003,1;N
3511706;351170;Charqueada;São Paulo;175,8463831;15535;8;1003,1;N
3511904;351190;Clementina;São Paulo;168,5899052;6982;9;1003,1;N
3512001;351200;Colina;São Paulo;422,3033929;18486;6;1003,1;N
3512100;351210;Colômbia;São Paulo;728,6483539;6629;23;1003,1;N
3512209;351220;Conchal;São Paulo;182,7925470;28101;17;1003,1;N
3512308;351230;Conchas;São Paulo;466,1200956;15232;22;1003,1;N
3512407;351240;Cordeirópolis;São Paulo;137,5793108;24514;14;1003,1;N
3512506;351250;Coroados;São Paulo;246,8254407;5400;30;1003,1;N
3512605;351260;Coronel Macedo;São Paulo;303,8302628;4280;5;1003,1;N
3512704;351270;Corumbataí;São Paulo;278,6217948;4195;1;1003,1;N
3512803;351280;Cosmópolis;São Paulo;154,6652724;59773;43;1003,1;N
3512902;351290;Cosmorama;São Paulo;441,6803382;8719;3;1003,1;N
3513009;351300;Cotia;São Paulo;323,9938848;274413;64;1003,1;N
3513108;351310;Cravinhos;São Paulo;311,4234132;33281;47;1003,1;N
3513207;351320;Cristais Paulista;São Paulo;385,2302020;9272;4;1003,1;N
3513306;351330;Cruzália;São Paulo;149,3296621;2108;14;1003,1;N
3513405;351340;Cruzeiro;São Paulo;305,6986851;74961;45;1003,1;N
3513504;351350;Cubatão;São Paulo;142,8793707;112476;57;1003,1;N
3513603;351360;Cunha;São Paulo;1407,2500487;22110;8;1003,1;N
3513702;351370;Descalvado;São Paulo;753,7059038;31756;13;1003,1;N
3513801;351380;Diadema;São Paulo;30,7320054;393237;197;1003,1;N
3513850;351385;Dirce Reis;São Paulo;88,1332967;1620;1;1003,1;N
3513900;351390;Divinolândia;São Paulo;223,7494454;11158;4;1003,1;N
3514007;351400;Dobrada;São Paulo;149,7287363;8759;17;1003,1;N
3514106;351410;Dois Córregos;São Paulo;632,9724894;24510;5;1003,1;N
3514205;351420;Dolcinópolis;São Paulo;77,9388887;2207;1;1003,1;N
3514304;351430;Dourado;São Paulo;205,8744243;8096;6;1003,1;N
3514403;351440;Dracena;São Paulo;487,6877529;45474;740;1143,4;S
3514502;351450;Duartina;São Paulo;264,5567910;12328;4;1003,1;N
3514601;351460;Dumont;São Paulo;111,3764660;9471;16;1003,1;N
3514700;351470;Echaporã;São Paulo;515,2584241;6205;1;1003,1;N
3514809;351480;Eldorado;São Paulo;1654,2562998;13069;0;1003,1;N
3514908;351490;Elias Fausto;São Paulo;202,3596069;17699;10;1003,1;N
3514924;351492;Elisiário;São Paulo;93,9795477;3138;4;1003,1;N
3514957;351495;Embaúba;São Paulo;83,1289209;2323;6;1003,1;N
3515004;351500;Embu das Artes;São Paulo;70,3978807;250691;32;1003,1;N
3515103;351510;Embu-Guaçu;São Paulo;155,6411266;66970;13;1003,1;N
3515129;351512;Emilianópolis;São Paulo;225,1673521;3014;5;1003,1;N
3515152;351515;Engenheiro Coelho;São Paulo;109,9405568;19566;17;1003,1;N
3515186;351518;Espírito Santo do Pinhal;São Paulo;389,2353797;39816;59;1003,1;N
3515194;351519;Espírito Santo do Turvo;São Paulo;193,6661164;4157;5;1003,1;N
3515202;351520;Estrela d'Oeste;São Paulo;296,2813566;9417;12;1003,1;N
3515301;351530;Estrela do Norte;São Paulo;264,9870306;2703;17;1003,1;N
3515350;351535;Euclides da Cunha Paulista;São Paulo;573,8940815;7924;145;1003,1;N
3515400;351540;Fartura;São Paulo;429,1705965;16641;10;1003,1;N
3515509;351550;Fernandópolis;São Paulo;549,7972010;71186;210;1003,1;N
3515608;351560;Fernando Prestes;São Paulo;169,9901190;5942;3;1003,1;N
3515657;351565;Fernão;São Paulo;100,5044905;1656;0;1003,1;N
3515707;351570;Ferraz de Vasconcelos;São Paulo;29,5473099;179198;188;1003,1;N
3515806;351580;Flora Rica;São Paulo;224,7114855;1487;6;1003,1;N
3515905;351590;Floreal;São Paulo;204,2359232;2733;0;1003,1;N
3516002;351600;Flórida Paulista;São Paulo;524,1376245;12958;10;1003,1;N
3516101;351610;Florínea;São Paulo;225,8857611;3851;19;1003,1;N
3516200;351620;Franca;São Paulo;605,6793231;352536;1052;83,8;S
3516309;351630;Francisco Morato;São Paulo;49,0010292;165139;84;1003,1;N
3516408;351640;Franco da Rocha;São Paulo;132,7748849;144849;84;1003,1;N
3516507;351650;Gabriel Monteiro;São Paulo;138,6805899;2763;4;1003,1;N
3516606;351660;Gália;São Paulo;355,9135610;6380;5;1003,1;N
3516705;351670;Garça;São Paulo;555,8071549;42110;77;1003,1;N
3516804;351680;Gastão Vidigal;São Paulo;180,5691540;3252;0;1003,1;N
3516853;351685;Gavião Peixoto;São Paulo;243,7655002;4702;10;1003,1;N
3516903;351690;General Salgado;São Paulo;494,3756944;10312;11;1003,1;N
3517000;351700;Getulina;São Paulo;676,7548730;10232;3;1003,1;N
3517109;351710;Glicério;São Paulo;272,8000253;4138;92;1003,1;N
3517208;351720;Guaiçara;São Paulo;277,1539822;11239;0;1003,1;N
3517307;351730;Guaimbê;São Paulo;217,8105831;5512;4;1003,1;N
3517406;351740;Guaíra;São Paulo;1258,4653116;39279;88;1003,1;N
3517505;351750;Guapiaçu;São Paulo;325,1264000;21711;80;1003,1;N
3517604;351760;Guapiara;São Paulo;408,2924860;17071;3;1003,1;N
3517703;351770;Guará;São Paulo;362,1831614;18606;4;1003,1;N
3517802;351780;Guaraçaí;São Paulo;569,1972767;7441;7;1003,1;N
3517901;351790;Guaraci;São Paulo;641,5005975;10350;23;1003,1;N
3518008;351800;Guarani d'Oeste;São Paulo;85,7001008;1968;3;1003,1;N
3518107;351810;Guarantã;São Paulo;461,7457310;6427;10;1003,1;N
3518206;351820;Guararapes;São Paulo;955,6368170;31043;184;1003,1;N
3518305;351830;Guararema;São Paulo;270,8156980;31236;21;1003,1;N
3518404;351840;Guaratinguetá;São Paulo;752,6361923;118044;34;1003,1;N
3518503;351850;Guareí;São Paulo;567,8843670;15013;7;1003,1;N
3518602;351860;Guariba;São Paulo;270,2891977;37498;18;1003,1;N
3518701;351870;Guarujá;São Paulo;144,7943249;287634;1144;1003,1;N
3518800;351880;Guarulhos;São Paulo;318,6745814;1291771;411;1003,1;N
3518859;351885;Guatapará;São Paulo;413,5666136;7320;9;1003,1;N
3518909;351890;Guzolândia;São Paulo;252,4772110;4246;10;1003,1;N
3519006;351900;Herculândia;São Paulo;364,2515866;9125;2;1003,1;N
3519055;351905;Holambra;São Paulo;65,5769869;15094;35;1003,1;N
3519071;351907;Hortolândia;São Paulo;62,4157003;236641;220;1003,1;N
3519105;351910;Iacanga;São Paulo;547,3925455;10437;10;1003,1;N
3519204;351920;Iacri;São Paulo;321,9475130;6131;8;1003,1;N
3519253;351925;Iaras;São Paulo;401,3811054;8010;0;1003,1;N
3519303;351930;Ibaté;São Paulo;290,9774904;32178;17;1003,1;N
3519402;351940;Ibirá;São Paulo;271,9120754;11690;104;1003,1;N
3519501;351950;Ibirarema;São Paulo;228,2298429;6385;2;1003,1;N
3519600;351960;Ibitinga;São Paulo;689,3909828;60033;29;162,4;S
3519709;351970;Ibiúna;São Paulo;1058,0815487;75605;46;1003,1;N
3519808;351980;Icém;São Paulo;362,3552219;7819;61;1003,1;N
3519907;351990;Iepê;São Paulo;594,9743364;7619;4;1003,1;N
3520004;352000;Igaraçu do Tietê;São Paulo;97,7471289;23106;13;1003,1;N
3520103;352010;Igarapava;São Paulo;468,3550203;26212;18;1003,1;N
3520202;352020;Igaratá;São Paulo;292,9526009;10605;6;1003,1;N
3520301;352030;Iguape;São Paulo;1978,7951828;29115;2;2147,4;S
3520400;352040;Ilhabela;São Paulo;346,3893454;34934;36;1003,1;N
3520426;352042;Ilha Comprida;São Paulo;196,5672066;13419;1;1003,1;N
3520442;352044;Ilha Solteira;São Paulo;652,6413528;25549;18;1003,1;N
3520509;352050;Indaiatuba;São Paulo;311,5454107;255748;255;1003,1;N
3520608;352060;Indiana;São Paulo;129,3667242;5090;7;1003,1;N
3520707;352070;Indiaporã;São Paulo;279,6064342;4035;4;1003,1;N
3520806;352080;Inúbia Paulista;São Paulo;87,1192323;3615;0;1003,1;N
3520905;352090;Ipaussu;São Paulo;209,5541727;13712;0;1003,1;N
3521002;352100;Iperó;São Paulo;170,2889760;36459;27;1085,8;S
3521101;352110;Ipeúna;São Paulo;190,0095920;6831;9;1003,1;N
3521150;352115;Ipiguá;São Paulo;136,0278282;6761;20;1003,1;N
3521200;352120;Iporanga;São Paulo;1152,0585866;4046;0;1003,1;N
3521309;352130;Ipuã;São Paulo;466,4613502;14454;4;1003,1;N
3521408;352140;Iracemápolis;São Paulo;115,1180441;21967;5;1003,1;N
3521507;352150;Irapuã;São Paulo;257,6115100;6867;8;1003,1;N
3521606;352160;Irapuru;São Paulo;214,4612711;7085;6;1003,1;N
3521705;352170;Itaberá;São Paulo;1100,2474419;17983;3;1003,1;N
3521804;352180;Itaí;São Paulo;1092,8844263;25180;10;1003,1;N
3521903;352190;Itajobi;São Paulo;502,0658280;16989;8;1003,1;N
3522000;352200;Itaju;São Paulo;230,3545207;3618;2;1003,1;N
3522109;352210;Itanhaém;São Paulo;601,7114056;112476;351;1003,1;N
3522158;352215;Itaoca;São Paulo;183,0145975;3422;0;1003,1;N
3522208;352220;Itapecerica da Serra;São Paulo;150,7424393;158522;18;1003,1;N
3522307;352230;Itapetininga;São Paulo;1789,3504930;157790;12;1003,1;N
3522406;352240;Itapeva;São Paulo;1826,2579755;89728;63;1192,0;S
3522505;352250;Itapevi;São Paulo;82,6579729;232297;38;1003,1;N
3522604;352260;Itapira;São Paulo;518,4156989;72022;6;724,4;S
3522653;352265;Itapirapuã Paulista;São Paulo;406,4782826;4306;4;1003,1;N
3522703;352270;Itápolis;São Paulo;996,7471223;39493;6;1003,1;N
3522802;352280;Itaporanga;São Paulo;507,9967803;14085;9;1003,1;N
3522901;352290;Itapuí;São Paulo;140,0229091;13659;19;1003,1;N
3523008;352300;Itapura;São Paulo;301,6530137;3979;15;1003,1;N
3523107;352310;Itaquaquecetuba;São Paulo;82,6216205;369275;71;1003,1;N
3523206;352320;Itararé;São Paulo;1003,8601360;44438;34;1003,1;N
3523305;352330;Itariri;São Paulo;273,6666447;15528;5;1003,1;N
3523404;352340;Itatiba;São Paulo;322,2693188;121590;64;1003,1;N
3523503;352350;Itatinga;São Paulo;979,8174706;19070;7;1003,1;N
3523602;352360;Itirapina;São Paulo;564,6026462;16148;13;1003,1;N
3523701;352370;Itirapuã;São Paulo;161,1182387;5779;4;1003,1;N
3523800;352380;Itobi;São Paulo;138,9859422;8046;6;1003,1;N
3523909;352390;Itu;São Paulo;640,7191597;168240;180;1003,1;N
3524006;352400;Itupeva;São Paulo;200,8760988;70616;6;1003,1;N
3524105;352410;Ituverava;São Paulo;704,6593610;37571;50;1314,4;S
3524204;352420;Jaborandi;São Paulo;273,4379499;6221;51;1003,1;N
3524303;352430;Jaboticabal;São Paulo;706,6021971;71821;40;1003,1;N
3524402;352440;Jacareí;São Paulo;464,2722527;240275;2392;1003,1;N
3524501;352450;Jaci;São Paulo;145,1328989;7613;10;1003,1;N
3524600;352460;Jacupiranga;São Paulo;704,1360517;16097;49;1003,1;N
3524709;352470;Jaguariúna;São Paulo;141,3908630;59347;140;1003,1;N
3524808;352480;Jales;São Paulo;368,5740213;48776;60;1210,2;S
3524907;352490;Jambeiro;São Paulo;184,4134599;6397;20;1003,1;N
3525003;352500;Jandira;São Paulo;17,4491108;118045;57;1003,1;N
3525102;352510;Jardinópolis;São Paulo;501,8699836;45282;60;1003,1;N
3525201;352520;Jarinu;São Paulo;207,5487720;37535;32;1003,1;N
3525300;352530;Jaú;São Paulo;687,1026608;133497;21;1003,1;N
3525409;352540;Jeriquara;São Paulo;141,9706915;3863;4;1003,1;N
3525508;352550;Joanópolis;São Paulo;374,2931914;12815;56;1003,1;N
3525607;352560;João Ramalho;São Paulo;415,4522970;4371;2;1003,1;N
3525706;352570;José Bonifácio;São Paulo;860,1996955;36633;27;181,2;S
3525805;352580;Júlio Mesquita;São Paulo;128,1830257;4254;0;1003,1;N
3525854;352585;Jumirim;São Paulo;56,6852981;3056;0;1003,1;N
3525904;352590;Jundiaí;São Paulo;431,2037470;443221;542;1003,1;N
3526001;352600;Junqueirópolis;São Paulo;582,5645069;20448;460;1003,1;N
3526100;352610;Juquiá;São Paulo;812,7990832;17154;2;1003,1;N
3526209;352620;Juquitiba;São Paulo;522,1692836;27404;2;1003,1;N
3526308;352630;Lagoinha;São Paulo;255,4721768;5083;4;1003,1;N
3526407;352640;Laranjal Paulista;São Paulo;384,2736981;26261;11;1003,1;N
3526506;352650;Lavínia;São Paulo;537,6745927;9689;20;1003,1;N
3526605;352660;Lavrinhas;São Paulo;167,0674194;7171;8;1003,1;N
3526704;352670;Leme;São Paulo;402,8708595;98161;21;1003,1;N
3526803;352680;Lençóis Paulista;São Paulo;809,5414140;66505;34;1003,1;N
3526902;352690;Limeira;São Paulo;580,7109881;291869;307;1003,1;N
3527009;352700;Lindóia;São Paulo;48,7558781;7014;6;1003,1;N
3527108;352710;Lins;São Paulo;570,0579944;74779;33;293,0;S
3527207;352720;Lorena;São Paulo;414,1597358;84855;95;1003,1;N
3527256;352725;Lourdes;São Paulo;113,9397423;1950;19;1003,1;N
3527306;352730;Louveira;São Paulo;55,7381232;51847;41;1003,1;N
3527405;352740;Lucélia;São Paulo;314,8101486;20061;6;1003,1;N
3527504;352750;Lucianópolis;São Paulo;189,5355430;2372;0;1003,1;N
3527603;352760;Luís Antônio;São Paulo;598,2566190;12265;88;1003,1;N
3527702;352770;Luiziânia;São Paulo;166,5758742;4701;1;1003,1;N
3527801;352780;Lupércio;São Paulo;155,1710101;3981;5;1003,1;N
3527900;352790;Lutécia;São Paulo;475,2259750;2661;5;1003,1;N
3528007;352800;Macatuba;São Paulo;224,5135775;16829;2;1003,1;N
3528106;352810;Macaubal;São Paulo;248,0872666;7481;11;1003,1;N
3528205;352820;Macedônia;São Paulo;327,5669878;3963;1;1003,1;N
3528304;352830;Magda;São Paulo;312,2819438;3165;7;1003,1;N
3528403;352840;Mairinque;São Paulo;210,1493970;50027;90;1003,1;N
3528502;352850;Mairiporã;São Paulo;320,6971487;93853;53;1003,1;N
3528601;352860;Manduri;São Paulo;229,0456732;9871;2;1003,1;N
3528700;352870;Marabá Paulista;São Paulo;919,5191982;4573;112;1003,1;N
3528809;352880;Maracaí;São Paulo;533,4977041;12673;24;1003,1;N
3528858;352885;Marapoama;São Paulo;111,2672579;3292;2;1003,1;N
3528908;352890;Mariápolis;São Paulo;186,5435104;3513;10;1003,1;N
3529005;352900;Marília;São Paulo;1170,5149126;237627;160;1400,2;S
3529104;352910;Marinópolis;São Paulo;77,8272675;1860;4;1003,1;N
3529203;352920;Martinópolis;São Paulo;1253,5643630;24881;14;1003,1;N
3529302;352930;Matão;São Paulo;524,8994807;79033;137;1003,1;N
3529401;352940;Mauá;São Paulo;61,9371892;418261;84;1003,1;N
3529500;352950;Mendonça;São Paulo;195,1506832;6159;38;1003,1;N
3529609;352960;Meridiano;São Paulo;228,1985332;4572;14;1003,1;N
3529658;352965;Mesópolis;São Paulo;148,6362918;1952;5;1003,1;N
3529708;352970;Miguelópolis;São Paulo;820,8491461;19441;12;1003,1;N
3529807;352980;Mineiros do Tietê;São Paulo;213,2424670;11230;5;1003,1;N
3529906;352990;Miracatu;São Paulo;1001,4841888;18553;1;1003,1;N
3530003;353000;Mira Estrela;São Paulo;216,8253282;3126;5;1003,1;N
3530102;353010;Mirandópolis;São Paulo;917,6938316;27983;399;1003,1;N
3530201;353020;Mirante do Paranapanema;São Paulo;1238,9313586;15917;69;1003,1;N
3530300;353030;Mirassol;São Paulo;243,2279570;63337;77;1003,1;N
3530409;353040;Mirassolândia;São Paulo;166,1246661;4669;120;1003,1;N
3530508;353050;Mococa;São Paulo;855,1562835;67681;23;1003,1;N
3530607;353060;Mogi das Cruzes;São Paulo;712,5405561;451505;96;1003,1;N
3530706;353070;Mogi Guaçu;São Paulo;812,7533909;153658;28;1003,1;N
3530805;353080;Mogi Mirim;São Paulo;497,7076498;92558;186;1003,1;N
3530904;353090;Mombuca;São Paulo;133,6976700;3722;6;1003,1;N
3531001;353100;Monções;São Paulo;104,3518185;1937;3;1003,1;N
3531100;353110;Mongaguá;São Paulo;142,7553723;61951;31;1003,1;N
3531209;353120;Monte Alegre do Sul;São Paulo;110,3081748;8627;0;1003,1;N
3531308;353130;Monte Alto;São Paulo;346,9499890;47574;12;1003,1;N
3531407;353140;Monte Aprazível;São Paulo;495,5586516;22280;90;1003,1;N
3531506;353150;Monte Azul Paulista;São Paulo;263,4625008;18151;7;1003,1;N
3531605;353160;Monte Castelo;São Paulo;233,5474369;4222;73;1003,1;N
3531704;353170;Monteiro Lobato;São Paulo;332,7420214;4138;15;1003,1;N
3531803;353180;Monte Mor;São Paulo;240,5660680;64662;112;1003,1;N
3531902;353190;Morro Agudo;São Paulo;1388,1270748;27933;34;1003,1;N
3532009;353200;Morungaba;São Paulo;146,7524562;13720;8;1003,1;N
3532058;353205;Motuca;São Paulo;228,6997109;4034;15;1003,1;N
3532108;353210;Murutinga do Sul;São Paulo;250,8731973;3737;5;1003,1;N
3532157;353215;Nantes;São Paulo;286,6471022;2660;10;1003,1;N
3532207;353220;Narandiba;São Paulo;357,3254533;5713;265;1003,1;N
3532306;353230;Natividade da Serra;São Paulo;833,3720033;6999;35;1003,1;N
3532405;353240;Nazaré Paulista;São Paulo;326,2542402;18217;10;1003,1;N
3532504;353250;Neves Paulista;São Paulo;219,0499393;9699;17;1003,1;N
3532603;353260;Nhandeara;São Paulo;436,1593607;9852;10;1003,1;N
3532702;353270;Nipoã;São Paulo;137,6093593;4750;3;1003,1;N
3532801;353280;Nova Aliança;São Paulo;217,5151593;6693;36;1003,1;N
3532827;353282;Nova Campina;São Paulo;385,3754431;8497;3;1003,1;N
3532843;353284;Nova Canaã Paulista;São Paulo;124,4731185;2032;1;1003,1;N
3532868;353286;Nova Castilho;São Paulo;183,3964243;1062;3;1003,1;N
3532900;353290;Nova Europa;São Paulo;160,2502804;9311;13;1003,1;N
3533007;353300;Nova Granada;São Paulo;531,7963028;19419;223;1003,1;N
3533106;353310;Nova Guataporanga;São Paulo;34,1575304;2156;84;1003,1;N
3533205;353320;Nova Independência;São Paulo;265,0287215;4609;72;1003,1;N
3533254;353325;Novais;São Paulo;117,7719372;4412;14;1003,1;N
3533304;353330;Nova Luzitânia;São Paulo;73,8157041;2837;0;1003,1;N
3533403;353340;Nova Odessa;São Paulo;73,7875587;62019;111;1003,1;N
3533502;353350;Novo Horizonte;São Paulo;931,7426678;38324;19;1003,1;N
3533601;353360;Nuporanga;São Paulo;348,2648949;7391;2;1003,1;N
3533700;353370;Ocauçu;São Paulo;301,0363465;4331;6;1003,1;N
3533809;353380;Óleo;São Paulo;198,9383343;2512;0;1003,1;N
3533908;353390;Olímpia;São Paulo;802,5548126;55074;167;1003,1;N
3534005;353400;Onda Verde;São Paulo;242,9458842;4771;20;1003,1;N
3534104;353410;Oriente;São Paulo;218,6682324;6085;6;1003,1;N
3534203;353420;Orindiúva;São Paulo;247,3775781;6024;12;1003,1;N
3534302;353430;Orlândia;São Paulo;291,7649660;38319;18;1003,1;N
3534401;353440;Osasco;São Paulo;64,9540636;728615;1326;1003,1;N
3534500;353450;Oscar Bressane;São Paulo;222,1304763;2470;4;1003,1;N
3534609;353460;Osvaldo Cruz;São Paulo;248,0383328;31272;39;1003,1;N
3534708;353470;Ourinhos;São Paulo;295,8183134;103970;22;1043,0;S
3534757;353475;Ouroeste;São Paulo;288,6483593;10294;8;1003,1;N
3534807;353480;Ouro Verde;São Paulo;266,7777496;7779;123;1003,1;N
3534906;353490;Pacaembu;São Paulo;339,3748378;14877;17;1003,1;N
3535002;353500;Palestina;São Paulo;697,7005390;11476;56;1003,1;N
3535101;353510;Palmares Paulista;São Paulo;82,1254397;9650;18;1003,1;N
3535200;353520;Palmeira d'Oeste;São Paulo;318,7398203;8903;33;1003,1;N
3535309;353530;Palmital;São Paulo;548,4067752;19594;24;1003,1;N
3535408;353540;Panorama;São Paulo;356,0499888;14964;15;1003,1;N
3535507;353550;Paraguaçu Paulista;São Paulo;1001,4920695;41120;86;1003,1;N
3535606;353560;Paraibuna;São Paulo;809,5762733;17667;51;1003,1;N
3535705;353570;Paraíso;São Paulo;155,1855225;6099;12;1003,1;N
3535804;353580;Paranapanema;São Paulo;1018,7236769;19395;1;1003,1;N
3535903;353590;Paranapuã;São Paulo;140,3536431;4031;3;1003,1;N
3536000;353600;Parapuã;São Paulo;366,6636293;10580;46;1003,1;N
3536109;353610;Pardinho;São Paulo;209,8937354;7153;5;1003,1;N
3536208;353620;Pariquera-Açu;São Paulo;359,4138691;19233;13;1003,1;N
3536257;353625;Parisi;São Paulo;84,7374035;2892;2;1003,1;N
3536307;353630;Patrocínio Paulista;São Paulo;602,8479278;14512;9;1003,1;N
3536406;353640;Paulicéia;São Paulo;374,0911360;7955;13;1003,1;N
3536505;353650;Paulínia;São Paulo;138,7765612;110537;266;1003,1;N
3536570;353657;Paulistânia;São Paulo;256,1777682;2090;0;1003,1;N
3536604;353660;Paulo de Faria;São Paulo;737,9863889;7400;32;1003,1;N
3536703;353670;Pederneiras;São Paulo;727,4823890;44827;21;1003,1;N
3536802;353680;Pedra Bela;São Paulo;158,5872590;6557;3;1003,1;N
3536901;353690;Pedranópolis;São Paulo;260,1011726;2787;1;1003,1;N
3537008;353700;Pedregulho;São Paulo;712,6039086;15525;15;1003,1;N
3537107;353710;Pedreira;São Paulo;108,8168967;43112;88;1003,1;N
3537156;353715;Pedrinhas Paulista;São Paulo;152,3086733;2804;7;1003,1;N
3537206;353720;Pedro de Toledo;São Paulo;670,4397486;11281;2;1003,1;N
3537305;353730;Penápolis;São Paulo;711,3144994;61679;48;1003,1;N
3537404;353740;Pereira Barreto;São Paulo;974,2470798;24095;19;1003,1;N
3537503;353750;Pereiras;São Paulo;223,1355887;8737;12;1003,1;N
3537602;353760;Peruíbe;São Paulo;326,2156582;68352;42;1003,1;N
3537701;353770;Piacatu;São Paulo;232,4879439;5519;7;1003,1;N
3537800;353780;Piedade;São Paulo;746,8675864;52970;22;1003,1;N
3537909;353790;Pilar do Sul;São Paulo;681,2478179;27619;8;1003,1;N
3538006;353800;Pindamonhangaba;São Paulo;731,3545189;165428;370;1003,1;N
3538105;353810;Pindorama;São Paulo;184,8249033;14542;7;1003,1;N
3538204;353820;Pinhalzinho;São Paulo;154,5293302;15224;9;1003,1;N
3538303;353830;Piquerobi;São Paulo;482,7691824;3264;4;1003,1;N
3538501;353850;Piquete;São Paulo;175,9959928;12490;3;1003,1;N
3538600;353860;Piracaia;São Paulo;385,5681398;26029;51;1003,1;N
3538709;353870;Piracicaba;São Paulo;1378,0689358;423323;82;840,2;S
3538808;353880;Piraju;São Paulo;504,5906019;29436;1;1003,1;N
3538907;353890;Pirajuí;São Paulo;823,7575575;22431;17;1003,1;N
3539004;353900;Pirangi;São Paulo;215,8088495;10885;3;1003,1;N
3539103;353910;Pirapora do Bom Jesus;São Paulo;108,4890380;18370;18;1003,1;N
3539202;353920;Pirapozinho;São Paulo;477,6731969;25348;107;1003,1;N
3539301;353930;Pirassununga;São Paulo;727,1177134;73545;8;1003,1;N
3539400;353940;Piratininga;São Paulo;402,4089102;15108;1;1003,1;N
3539509;353950;Pitangueiras;São Paulo;430,6379118;33674;678;1003,1;N
3539608;353960;Planalto;São Paulo;289,8252429;4389;13;1003,1;N
3539707;353970;Platina;São Paulo;327,4798121;3025;13;1003,1;N
3539806;353980;Poá;São Paulo;17,2636588;103765;28;1003,1;N
3539905;353990;Poloni;São Paulo;135,1194742;5592;14;1003,1;N
3540002;354000;Pompéia;São Paulo;784,6740154;20196;29;1003,1;N
3540101;354010;Pongaí;São Paulo;183,3991825;3395;2;1003,1;N
3540200;354020;Pontal;São Paulo;356,3711974;37607;22;1003,1;N
3540259;354025;Pontalinda;São Paulo;209,5247201;4127;3;1003,1;N
3540309;354030;Pontes Gestal;São Paulo;217,5054182;2387;8;1003,1;N
3540408;354040;Populina;São Paulo;315,9378247;4127;21;1003,1;N
3540507;354050;Porangaba;São Paulo;265,6892541;10451;6;1003,1;N
3540606;354060;Porto Feliz;São Paulo;556,7064063;56497;31;1003,1;N
3540705;354070;Porto Ferreira;São Paulo;244,9062224;52649;87;1003,1;N
3540754;354075;Potim;São Paulo;44,6434863;20392;123;1003,1;N
3540804;354080;Potirendaba;São Paulo;342,4922809;18496;32;1003,1;N
3540853;354085;Pracinha;São Paulo;63,0535609;2578;0;1003,1;N
3540903;354090;Pradópolis;São Paulo;167,3781998;17078;17;286,4;S
3541000;354100;Praia Grande;São Paulo;149,6516881;349935;241;1003,1;N
3541059;354105;Pratânia;São Paulo;175,1002136;5126;2;1003,1;N
3541109;354110;Presidente Alves;São Paulo;286,6422398;3804;1;1003,1;N
3541208;354120;Presidente Bernardes;São Paulo;749,2332217;14490;14;1003,1;N
3541307;354130;Presidente Epitácio;São Paulo;1260,2806934;39505;99;1003,1;N
3541406;354140;Presidente Prudente;São Paulo;560,6370027;225668;65;595,2;S
3541505;354150;Presidente Venceslau;São Paulo;755,2028580;35201;46;1003,1;N
3541604;354160;Promissão;São Paulo;779,2004159;35131;9;1003,1;N
3541653;354165;Quadra;São Paulo;205,6716241;3405;0;1003,1;N
3541703;354170;Quatá;São Paulo;651,3408865;13163;6;1003,1;N
3541802;354180;Queiroz;São Paulo;234,9141578;3265;2;1003,1;N
3541901;354190;Queluz;São Paulo;249,3989972;9159;5;1003,1;N
3542008;354200;Quintana;São Paulo;318,9370857;7038;9;1003,1;N
3542107;354210;Rafard;São Paulo;121,6453465;8965;3;1003,1;N
3542206;354220;Rancharia;São Paulo;1587,4977015;28588;43;1178,6;S
3542305;354230;Redenção da Serra;São Paulo;309,4410767;4494;19;1003,1;N
3542404;354240;Regente Feijó;São Paulo;263,2797934;20145;29;1003,1;N
3542503;354250;Reginópolis;São Paulo;410,4061981;7662;0;1003,1;N
3542602;354260;Registro;São Paulo;722,2014685;59947;13;1045,2;S
3542701;354270;Restinga;São Paulo;245,7459807;6404;36;1003,1;N
3542800;354280;Ribeira;São Paulo;335,7585155;3132;1;1003,1;N
3542909;354290;Ribeirão Bonito;São Paulo;471,5530706;10989;2;1003,1;N
3543006;354300;Ribeirão Branco;São Paulo;697,4997777;18627;4;1003,1;N
3543105;354310;Ribeirão Corrente;São Paulo;148,3317779;4608;1;1003,1;N
3543204;354320;Ribeirão do Sul;São Paulo;203,2083629;4677;30;1003,1;N
3543238;354323;Ribeirão dos Índios;São Paulo;196,4461610;2025;5;1003,1;N
3543253;354325;Ribeirão Grande;São Paulo;333,3634005;7450;0;1003,1;N
3543303;354330;Ribeirão Pires;São Paulo;98,9718431;115559;27;1003,1;N
3543402;354340;Ribeirão Preto;São Paulo;650,9156040;698642;566;1003,1;N
3543501;354350;Riversul;São Paulo;385,8779880;5599;0;1003,1;N
3543600;354360;Rifaina;São Paulo;162,5084274;4049;7;1003,1;N
3543709;354370;Rincão;São Paulo;316,6388147;9098;3;1003,1;N
3543808;354380;Rinópolis;São Paulo;358,4806352;9259;3;1003,1;N
3543907;354390;Rio Claro;São Paulo;498,4223850;201418;42;1003,1;N
3544004;354400;Rio das Pedras;São Paulo;226,6568139;31328;60;1003,1;N
3544103;354410;Rio Grande da Serra;São Paulo;36,3407906;44170;12;1003,1;N
3544202;354420;Riolândia;São Paulo;631,8968070;10309;68;1003,1;N
3544251;354425;Rosana;São Paulo;744,0105135;17440;27;1003,1;N
3544301;354430;Roseira;São Paulo;129,8465336;10832;20;1003,1;N
3544400;354440;Rubiácea;São Paulo;236,4837545;2700;14;1003,1;N
3544509;354450;Rubinéia;São Paulo;242,8765292;3833;22;1003,1;N
3544608;354460;Sabino;São Paulo;305,2845388;5112;0;1003,1;N
3544707;354470;Sagres;São Paulo;147,9353288;2474;1;1003,1;N
3544806;354480;Sales;São Paulo;308,5552754;6437;2;1003,1;N
3544905;354490;Sales Oliveira;São Paulo;305,7760268;11411;20;1003,1;N
3545001;354500;Salesópolis;São Paulo;424,9971861;15202;45;1003,1;N
3545100;354510;Salmourão;São Paulo;172,9339692;4808;18;1003,1;N
3545159;354515;Saltinho;São Paulo;99,7380958;8161;15;1003,1;N
3545209;354520;Salto;São Paulo;133,0565521;134319;182;1003,1;N
3545308;354530;Salto de Pirapora;São Paulo;280,4122923;43748;7;1003,1;N
3545407;354540;Salto Grande;São Paulo;188,4408505;9050;12;1003,1;N
3545506;354550;Sandovalina;São Paulo;455,8559379;3645;106;1003,1;N
3545605;354560;Santa Adélia;São Paulo;330,2689034;14018;7;1003,1;N
3545704;354570;Santa Albertina;São Paulo;272,6917259;6393;1;1003,1;N
3545803;354580;Santa Bárbara d'Oeste;São Paulo;271,0299116;183347;299;1003,1;N
3546009;354600;Santa Branca;São Paulo;272,2376677;13975;12;1003,1;N
3546108;354610;Santa Clara d'Oeste;São Paulo;183,4582784;2598;1;1003,1;N
3546207;354620;Santa Cruz da Conceição;São Paulo;150,1300952;4277;4;1003,1;N
3546256;354625;Santa Cruz da Esperança;São Paulo;148,0623066;2116;4;1003,1;N
3546306;354630;Santa Cruz das Palmeiras;São Paulo;295,3373637;28864;5;1003,1;N
3546405;354640;Santa Cruz do Rio Pardo;São Paulo;1114,7473577;46442;46;1003,1;N
3546504;354650;Santa Ernestina;São Paulo;134,4212545;6118;7;1003,1;N
3546603;354660;Santa Fé do Sul;São Paulo;206,5365071;34794;53;1003,1;N
3546702;354670;Santa Gertrudes;São Paulo;98,2910785;23611;11;1003,1;N
3546801;354680;Santa Isabel;São Paulo;363,3318737;53174;15;1003,1;N
3546900;354690;Santa Lúcia;São Paulo;153,8604527;7149;12;1003,1;N
3547007;354700;Santa Maria da Serra;São Paulo;252,6207144;5243;1;1003,1;N
3547106;354710;Santa Mercedes;São Paulo;166,7528595;2956;17;1003,1;N
3547205;354720;Santana da Ponte Pensa;São Paulo;129,8882028;1670;1;1003,1;N
3547304;354730;Santana de Parnaíba;São Paulo;179,9494428;154105;127;1003,1;N
3547403;354740;Santa Rita d'Oeste;São Paulo;209,7998756;2733;0;1003,1;N
3547502;354750;Santa Rita do Passa Quatro;São Paulo;754,1405418;24833;30;1003,1;N
3547601;354760;Santa Rosa de Viterbo;São Paulo;288,5764676;23411;13;1003,1;N
3547650;354765;Santa Salete;São Paulo;79,1924794;1645;2;1003,1;N
3547700;354770;Santo Anastácio;São Paulo;552,8756330;17963;113;1003,1;N
3547809;354780;Santo André;São Paulo;175,7818753;748919;152;1003,1;N
3547908;354790;Santo Antônio da Alegria;São Paulo;310,3108316;6775;2;1003,1;N
3548005;354800;Santo Antônio de Posse;São Paulo;154,1325527;23244;35;1003,1;N
3548054;354805;Santo Antônio do Aracanguá;São Paulo;1308,4322222;8379;42;1003,1;N
3548104;354810;Santo Antônio do Jardim;São Paulo;109,9559614;6126;8;1003,1;N
3548203;354820;Santo Antônio do Pinhal;São Paulo;133,0083983;7133;7;1003,1;N
3548302;354830;Santo Expedito;São Paulo;94,4653934;3000;2;1003,1;N
3548401;354840;Santópolis do Aguapeí;São Paulo;128,0261101;3899;7;1003,1;N
3548500;354850;Santos;São Paulo;281,0329823;418608;631;1003,1;N
3548609;354860;São Bento do Sapucaí;São Paulo;252,5794411;11674;2;1003,1;N
3548708;354870;São Bernardo do Campo;São Paulo;409,5322513;810729;69;1003,1;N
3548807;354880;São Caetano do Sul;São Paulo;15,3307262;165655;26;1003,1;N
3548906;354890;São Carlos;São Paulo;1136,9072671;254857;429;630,2;S
3549003;354900;São Francisco;São Paulo;75,5791713;2602;16;1003,1;N
3549102;354910;São João da Boa Vista;São Paulo;516,3989380;92547;558;1003,1;N
3549201;354920;São João das Duas Pontes;São Paulo;129,4623150;2580;3;1003,1;N
3549250;354925;São João de Iracema;São Paulo;178,3964796;1846;9;1003,1;N
3549300;354930;São João do Pau d'Alho;São Paulo;117,6645497;2242;129;1003,1;N
3549409;354940;São Joaquim da Barra;São Paulo;410,8627632;48558;4;1003,1;N
3549508;354950;São José da Bela Vista;São Paulo;276,9518869;7626;2;1003,1;N
3549607;354960;São José do Barreiro;São Paulo;570,6852560;3853;2;1003,1;N
3549706;354970;São José do Rio Pardo;São Paulo;419,6844330;52205;82;1003,1;N
3549805;354980;São José do Rio Preto;São Paulo;431,9439067;480393;5124;1003,1;N
3549904;354990;São José dos Campos;São Paulo;1099,4094101;697054;1361;1003,1;N
3549953;354995;São Lourenço da Serra;São Paulo;186,4560344;16067;2;1003,1;N
3550001;355000;São Luiz do Paraitinga;São Paulo;617,3154248;10337;26;749,8;S
3550100;355010;São Manuel;São Paulo;650,7335499;37289;37;1003,1;N
3550209;355020;São Miguel Arcanjo;São Paulo;930,3392261;32039;3;759,4;S
3550308;355030;São Paulo;São Paulo;1521,2015865;11451999;10191;1523,8;S
3550407;355040;São Pedro;São Paulo;611,2778299;38256;149;1003,1;N
3550506;355050;São Pedro do Turvo;São Paulo;731,2213549;7217;6;1003,1;N
3550605;355060;São Roque;São Paulo;306,9084533;79484;72;1003,1;N
3550704;355070;São Sebastião;São Paulo;402,3948317;81595;28;1003,1;N
3550803;355080;São Sebastião da Grama;São Paulo;252,4096022;10441;3;1003,1;N
3550902;355090;São Simão;São Paulo;617,2523189;13442;10;1380,6;S
3551009;355100;São Vicente;São Paulo;148,1510544;329911;420;1003,1;N
3551108;355110;Sarapuí;São Paulo;352,5923759;10369;3;1003,1;N
3551207;355120;Sarutaiá;São Paulo;141,6076085;3704;0;1003,1;N
3551306;355130;Sebastianópolis do Sul;São Paulo;167,8482762;3130;5;1003,1;N
3551405;355140;Serra Azul;São Paulo;283,1435511;12746;8;1003,1;N
3551504;355150;Serrana;São Paulo;126,0460313;43909;123;1003,1;N
3551603;355160;Serra Negra;São Paulo;203,7343472;29894;1;1003,1;N
3551702;355170;Sertãozinho;São Paulo;403,0886141;126887;67;1003,1;N
3551801;355180;Sete Barras;São Paulo;1062,6994110;12730;7;1003,1;N
3551900;355190;Severínia;São Paulo;140,4596411;14576;12;1003,1;N
3552007;355200;Silveiras;São Paulo;414,7818328;6186;3;1003,1;N
3552106;355210;Socorro;São Paulo;449,0292364;40122;12;1003,1;N
3552205;355220;Sorocaba;São Paulo;449,8722509;723682;92;1003,1;N
3552304;355230;Sud Mennucci;São Paulo;594,7437281;7355;44;1003,1;N
3552403;355240;Sumaré;São Paulo;153,4652459;279545;117;1003,1;N
3552502;355250;Suzano;São Paulo;206,2358135;307429;83;1003,1;N
3552551;355255;Suzanápolis;São Paulo;330,5865831;3408;0;1003,1;N
3552601;355260;Tabapuã;São Paulo;345,7917310;11323;19;1003,1;N
3552700;355270;Tabatinga;São Paulo;368,6036403;14769;30;1003,1;N
3552809;355280;Taboão da Serra;São Paulo;20,3877753;273542;72;1003,1;N
3552908;355290;Taciba;São Paulo;607,2666051;6260;241;1003,1;N
3553005;355300;Taguaí;São Paulo;145,3317004;12669;7;1003,1;N
3553104;355310;Taiaçu;São Paulo;107,0587344;5677;8;1003,1;N
3553203;355320;Taiúva;São Paulo;132,4590141;6548;11;1003,1;N
3553302;355330;Tambaú;São Paulo;561,7880384;21435;8;1003,1;N
3553401;355340;Tanabi;São Paulo;747,2183287;25265;80;1003,1;N
3553500;355350;Tapiraí;São Paulo;755,1005252;7996;0;1003,1;N
3553609;355360;Tapiratiba;São Paulo;221,8913637;11816;2;1003,1;N
3553658;355365;Taquaral;São Paulo;53,8920606;2619;0;1003,1;N
3553708;355370;Taquaritinga;São Paulo;594,3347072;52260;47;1003,1;N
3553807;355380;Taquarituba;São Paulo;448,5149297;24350;4;1003,1;N
3553856;355385;Taquarivaí;São Paulo;231,7924289;6876;9;1003,1;N
3553906;355390;Tarabai;São Paulo;201,3845248;6536;58;1003,1;N
3553955;355395;Tarumã;São Paulo;302,9133104;14882;16;1003,1;N
3554003;355400;Tatuí;São Paulo;523,7494183;123942;71;1003,1;N
3554102;355410;Taubaté;São Paulo;625,0030826;310739;4317;1045,6;S
3554201;355420;Tejupá;São Paulo;296,1893646;4127;0;1003,1;N
3554300;355430;Teodoro Sampaio;São Paulo;1555,8030022;22173;729;1003,1;N
3554409;355440;Terra Roxa;São Paulo;221,5405099;7904;11;1003,1;N
3554508;355450;Tietê;São Paulo;404,3957832;37663;11;1003,1;N
3554607;355460;Timburi;São Paulo;196,7898570;2464;1;1003,1;N
3554656;355465;Torre de Pedra;São Paulo;71,3477302;2046;3;1003,1;N
3554706;355470;Torrinha;São Paulo;315,2668095;9335;16;1003,1;N
3554755;355475;Trabiju;São Paulo;63,4210962;1682;7;1003,1;N
3554805;355480;Tremembé;São Paulo;191,0943460;51173;825;1003,1;N
3554904;355490;Três Fronteiras;São Paulo;151,5937621;6804;5;1003,1;N
3554953;355495;Tuiuti;São Paulo;126,7306369;6778;4;1003,1;N
3555000;355500;Tupã;São Paulo;627,9863244;63928;135;1285,4;S
3555109;355510;Tupi Paulista;São Paulo;244,7697813;15854;199;1003,1;N
3555208;355520;Turiúba;São Paulo;153,2350148;1818;5;1003,1;N
3555307;355530;Turmalina;São Paulo;147,7965877;1669;1;1003,1;N
3555356;355535;Ubarana;São Paulo;209,8606920;5365;3;1003,1;N
3555406;355540;Ubatuba;São Paulo;708,1045856;92981;570;1003,1;N
3555505;355550;Ubirajara;São Paulo;282,1794243;5132;2;1003,1;N
3555604;355560;Uchoa;São Paulo;252,4338666;10394;15;1003,1;N
3555703;355570;União Paulista;São Paulo;79,0564850;1603;1;1003,1;N
3555802;355580;Urânia;São Paulo;209,2617276;8833;7;1003,1;N
3555901;355590;Uru;São Paulo;146,9010403;1387;0;1003,1;N
3556008;355600;Urupês;São Paulo;323,9162764;13744;37;1003,1;N
3556107;355610;Valentim Gentil;São Paulo;149,7412430;14098;11;1003,1;N
3556206;355620;Valinhos;São Paulo;148,5377860;126373;69;1003,1;N
3556305;355630;Valparaíso;São Paulo;857,6610980;24241;90;1530,0;S
3556354;355635;Vargem;São Paulo;142,5945730;10512;5;1003,1;N
3556404;355640;Vargem Grande do Sul;São Paulo;267,1783008;40133;20;1003,1;N
3556453;355645;Vargem Grande Paulista;São Paulo;42,4893998;50415;19;1003,1;N
3556503;355650;Várzea Paulista;São Paulo;35,1197578;115771;92;1003,1;N
3556602;355660;Vera Cruz;São Paulo;247,7164146;10176;67;1003,1;N
3556701;355670;Vinhedo;São Paulo;80,9495176;76540;26;1003,1;N
3556800;355680;Viradouro;São Paulo;217,7264440;17414;9;1003,1;N
3556909;355690;Vista Alegre do Alto;São Paulo;95,4290105;8109;10;1003,1;N
3556958;355695;Vitória Brasil;São Paulo;49,8321485;1794;1;1003,1;N
3557006;355700;Votorantim;São Paulo;184,1862413;127923;22;1003,1;N
3557105;355710;Votuporanga;São Paulo;420,7033727;96634;570;1003,1;N
3557154;355715;Zacarias;São Paulo;319,0555840;2692;3;1003,1;N
3557204;355720;Chavantes;São Paulo;188,7269833;12211;19;1003,1;N
3557303;355730;Estiva Gerbi;São Paulo;74,1436512;11295;2;1003,1;N
4100103;410010;Abatiá;Paraná;228,7169745;7241;4;1198,5;N
4100202;410020;Adrianópolis;Paraná;1349,3108586;6256;2;1198,5;N
4100301;410030;Agudos do Sul;Paraná;192,2611653;10233;2;1198,5;N
4100400;410040;Almirante Tamandaré;Paraná;194,2282595;119825;14;1198,5;N
4100459;410045;Altamira do Paraná;Paraná;386,9451083;3590;6;1198,5;N
4100509;410050;Altônia;Paraná;661,5600031;18742;0;1198,5;N
4100608;410060;Alto Paraná;Paraná;407,7190505;13909;2;1198,5;N
4100707;410070;Alto Piquiri;Paraná;447,6663202;9727;18;1198,5;N
4100806;410080;Alvorada do Sul;Paraná;424,2495465;10326;21;1198,5;N
4100905;410090;Amaporã;Paraná;384,7346418;4762;10;1198,5;N
4101002;410100;Ampére;Paraná;298,3486719;19620;6;1198,5;N
4101051;410105;Anahy;Paraná;102,8945479;2918;2;1198,5;N
4101101;410110;Andirá;Paraná;235,9437062;19878;87;1198,5;N
4101150;410115;Ângulo;Paraná;106,0210350;3235;3;1198,5;N
4101200;410120;Antonina;Paraná;891,5820784;18091;7;1198,5;N
4101309;410130;Antônio Olinto;Paraná;469,6203833;7018;1;1198,5;N
4101408;410140;Apucarana;Paraná;556,9900718;130134;71;1198,5;N
4101507;410150;Arapongas;Paraná;382,2150391;119138;81;1198,5;N
4101606;410160;Arapoti;Paraná;1358,1756634;25777;120;1198,5;N
4101655;410165;Arapuã;Paraná;217,3708522;3527;4;1198,5;N
4101705;410170;Araruna;Paraná;493,1906646;14485;3;1198,5;N
4101804;410180;Araucária;Paraná;469,2401842;151666;12;1198,5;N
4101853;410185;Ariranha do Ivaí;Paraná;234,0754913;2329;2;1198,5;N
4101903;410190;Assaí;Paraná;440,3471082;13797;33;1198,5;N
4102000;410200;Assis Chateaubriand;Paraná;980,7266778;36808;163;1198,5;N
4102109;410210;Astorga;Paraná;434,7916428;25475;12;1198,5;N
4102208;410220;Atalaia;Paraná;137,6633840;3980;14;1198,5;N
4102307;410230;Balsa Nova;Paraná;348,9258423;13395;2;1198,5;N
4102406;410240;Bandeirantes;Paraná;445,1924322;31273;16;1198,5;N
4102505;410250;Barbosa Ferraz;Paraná;538,6358197;10795;4;1198,5;N
4102604;410260;Barracão;Paraná;161,2130019;9759;1;1198,5;N
4102703;410270;Barra do Jacaré;Paraná;115,8549117;2814;2;1198,5;N
4102752;410275;Bela Vista da Caroba;Paraná;148,1066838;4031;0;1198,5;N
4102802;410280;Bela Vista do Paraíso;Paraná;242,6894536;14833;130;1198,5;N
4102901;410290;Bituruna;Paraná;1234,9463626;15533;1;1198,5;N
4103008;410300;Boa Esperança;Paraná;302,7385384;4558;2;1198,5;N
4103024;410302;Boa Esperança do Iguaçu;Paraná;151,7973773;2455;1;1198,5;N
4103040;410304;Boa Ventura de São Roque;Paraná;620,4530048;6378;0;1198,5;N
4103057;410305;Boa Vista da Aparecida;Paraná;266,1748490;7924;19;1198,5;N
4103107;410310;Bocaiúva do Sul;Paraná;825,6651573;13299;2;1198,5;N
4103156;410315;Bom Jesus do Sul;Paraná;176,1290494;3980;0;1198,5;N
4103206;410320;Bom Sucesso;Paraná;322,7554858;6581;3;1198,5;N
4103222;410322;Bom Sucesso do Sul;Paraná;195,9309605;3202;3;1198,5;N
4103305;410330;Borrazópolis;Paraná;334,3775763;7735;3;1198,5;N
4103354;410335;Braganey;Paraná;343,3211518;4854;0;1198,5;N
4103370;410337;Brasilândia do Sul;Paraná;291,0357484;3708;96;1198,5;N
4103404;410340;Cafeara;Paraná;185,7999145;2627;33;1198,5;N
4103453;410345;Cafelândia;Paraná;274,9044292;18997;47;1198,5;N
4103479;410347;Cafezal do Sul;Paraná;335,3922674;4473;3;1198,5;N
4103503;410350;Califórnia;Paraná;141,8167088;8710;8;1198,5;N
4103602;410360;Cambará;Paraná;366,1533777;23212;26;1198,5;N
4103701;410370;Cambé;Paraná;495,3753870;107208;670;1198,5;N
4103800;410380;Cambira;Paraná;164,7864507;9460;8;1198,5;N
4103909;410390;Campina da Lagoa;Paraná;796,6143337;15723;4;1616,2;S
4103958;410395;Campina do Simão;Paraná;448,4240371;3936;0;1198,5;N
4104006;410400;Campina Grande do Sul;Paraná;539,2446764;47825;2;1198,5;N
4104055;410405;Campo Bonito;Paraná;433,8319775;4027;0;1198,5;N
4104105;410410;Campo do Tenente;Paraná;304,4882002;7508;2;1198,5;N
4104204;410420;Campo Largo;Paraná;1243,5510475;136327;18;1198,5;N
4104253;410425;Campo Magro;Paraná;275,3522416;30160;4;1198,5;N
4104303;410430;Campo Mourão;Paraná;749,6374493;99432;10;1198,5;N
4104402;410440;Cândido de Abreu;Paraná;1510,1597835;15244;0;1198,5;N
4104428;410442;Candói;Paraná;1512,7858089;14973;13;1198,5;N
4104451;410445;Cantagalo;Paraná;583,3043764;10933;0;1198,5;N
4104501;410450;Capanema;Paraná;419,0361299;20481;2;1198,5;N
4104600;410460;Capitão Leônidas Marques;Paraná;280,0630099;14648;6;1198,5;N
4104659;410465;Carambeí;Paraná;649,6794945;23283;3;1198,5;N
4104709;410470;Carlópolis;Paraná;451,4183747;16905;4;1198,5;N
4104808;410480;Cascavel;Paraná;2091,1989445;348051;1696;1198,5;N
4104907;410490;Castro;Paraná;2531,5026265;73075;10;474,0;S
4105003;410500;Catanduvas;Paraná;580,4214227;10446;10;1198,5;N
4105102;410510;Centenário do Sul;Paraná;371,8338033;10832;4;1198,5;N
4105201;410520;Cerro Azul;Paraná;1341,1892086;16134;1;1198,5;N
4105300;410530;Céu Azul;Paraná;1179,4493848;11087;0;1198,5;N
4105409;410540;Chopinzinho;Paraná;959,6922395;21085;2;1198,5;N
4105508;410550;Cianorte;Paraná;811,6654906;79527;24;1198,5;N
4105607;410560;Cidade Gaúcha;Paraná;403,0450657;11467;12;961,0;S
4105706;410570;Clevelândia;Paraná;703,6379208;15070;8;1458,8;S
4105805;410580;Colombo;Paraná;197,5801960;232212;11;1393,2;S
4105904;410590;Colorado;Paraná;407,5678219;22896;80;1198,5;N
4106001;410600;Congonhinhas;Paraná;535,9629002;8320;3;1198,5;N
4106100;410610;Conselheiro Mairinck;Paraná;204,7051896;3461;1;1198,5;N
4106209;410620;Contenda;Paraná;299,0367227;19128;2;1198,5;N
4106308;410630;Corbélia;Paraná;529,1371800;17470;6;1198,5;N
4106407;410640;Cornélio Procópio;Paraná;635,1001062;45206;18;1198,5;N
4106456;410645;Coronel Domingos Soares;Paraná;1556,1864329;5649;0;1198,5;N
4106506;410650;Coronel Vivida;Paraná;684,4167231;23331;3;1198,5;N
4106555;410655;Corumbataí do Sul;Paraná;164,3410938;3760;0;1198,5;N
4106571;410657;Cruzeiro do Iguaçu;Paraná;161,8621730;4133;7;1198,5;N
4106605;410660;Cruzeiro do Oeste;Paraná;775,9843063;23831;25;1198,5;N
4106704;410670;Cruzeiro do Sul;Paraná;259,1025489;4494;7;1198,5;N
4106803;410680;Cruz Machado;Paraná;1478,3503668;15978;0;1198,5;N
4106852;410685;Cruzmaltina;Paraná;312,2987495;2892;5;1198,5;N
4106902;410690;Curitiba;Paraná;434,8920969;1773718;195;1284,6;S
4107009;410700;Curiúva;Paraná;576,2628908;13647;66;1198,5;N
4107108;410710;Diamante do Norte;Paraná;242,8865972;5142;7;674,2;S
4107124;410712;Diamante do Sul;Paraná;347,2325625;3171;1;1198,5;N
4107157;410715;Diamante D'Oeste;Paraná;309,1098008;4557;0;1198,5;N
4107207;410720;Dois Vizinhos;Paraná;418,6482430;44869;19;2420,8;S
4107256;410725;Douradina;Paraná;420,6035478;9161;2;1198,5;N
4107306;410730;Doutor Camargo;Paraná;118,2785947;6327;3;1198,5;N
4107405;410740;Enéas Marques;Paraná;192,2034048;5999;0;1198,5;N
4107504;410750;Engenheiro Beltrão;Paraná;467,4699433;12454;3;1198,5;N
4107520;410752;Esperança Nova;Paraná;141,2856712;1849;2;1198,5;N
4107538;410753;Entre Rios do Oeste;Paraná;120,9670074;4575;3;1198,5;N
4107546;410754;Espigão Alto do Iguaçu;Paraná;326,4403895;4797;0;1198,5;N
4107553;410755;Farol;Paraná;289,2318833;3039;4;1198,5;N
4107603;410760;Faxinal;Paraná;715,9430818;16389;18;1198,5;N
4107652;410765;Fazenda Rio Grande;Paraná;116,6775400;148873;6;1198,5;N
4107702;410770;Fênix;Paraná;234,0994384;4492;12;1198,5;N
4107736;410773;Fernandes Pinheiro;Paraná;406,4995521;6255;1;1198,5;N
4107751;410775;Figueira;Paraná;129,7692887;8062;1;1198,5;N
4107801;410780;Floraí;Paraná;191,1332693;4792;2;1198,5;N
4107850;410785;Flor da Serra do Sul;Paraná;255,7211523;4364;0;1198,5;N
4107900;410790;Floresta;Paraná;158,2256621;10458;6;1198,5;N
4108007;410800;Florestópolis;Paraná;246,8531786;11446;68;1198,5;N
4108106;410810;Flórida;Paraná;83,0457337;2652;6;1198,5;N
4108205;410820;Formosa do Oeste;Paraná;275,9005691;7635;190;1198,5;N
4108304;410830;Foz do Iguaçu;Paraná;609,1921408;285415;179;85,4;S
4108320;410832;Francisco Alves;Paraná;321,8983336;8116;6;1198,5;N
4108403;410840;Francisco Beltrão;Paraná;735,1105833;96666;16;1198,5;N
4108452;410845;Foz do Jordão;Paraná;235,3824407;4926;0;1198,5;N
4108502;410850;General Carneiro;Paraná;1071,1831288;11062;2;1815,4;S
4108551;410855;Godoy Moreira;Paraná;131,0115794;2977;3;1198,5;N
4108601;410860;Goioerê;Paraná;564,1633896;28437;8;1232,8;S
4108650;410865;Goioxim;Paraná;702,4706095;6566;1;1198,5;N
4108700;410870;Grandes Rios;Paraná;314,1983933;5641;13;1198,5;N
4108809;410880;Guaíra;Paraná;563,7415496;32097;10;1198,5;N
4108908;410890;Guairaçá;Paraná;493,9399759;6587;8;1198,5;N
4108957;410895;Guamiranga;Paraná;244,7945076;7856;0;1198,5;N
4109005;410900;Guapirama;Paraná;189,0995448;4626;1;1198,5;N
4109104;410910;Guaporema;Paraná;201,1498277;2191;6;1198,5;N
4109203;410920;Guaraci;Paraná;211,6799125;4748;21;1198,5;N
4109302;410930;Guaraniaçu;Paraná;1238,3197651;13735;5;1198,5;N
4109401;410940;Guarapuava;Paraná;3168,0871506;182093;21;1198,5;N
4109500;410950;Guaraqueçaba;Paraná;2011,3571697;7430;1;1198,5;N
4109609;410960;Guaratuba;Paraná;1326,6699146;42062;24;1198,5;N
4109658;410965;Honório Serpa;Paraná;502,2141148;4941;0;1198,5;N
4109708;410970;Ibaiti;Paraná;898,2209235;28830;6;1198,5;N
4109757;410975;Ibema;Paraná;145,4463576;6218;1;1198,5;N
4109807;410980;Ibiporã;Paraná;297,7418416;51603;54;1198,5;N
4109906;410990;Icaraíma;Paraná;675,2403780;8991;6;0,0;S
4110003;411000;Iguaraçu;Paraná;164,9831166;5338;16;1198,5;N
4110052;411005;Iguatu;Paraná;106,9374054;2144;1;1198,5;N
4110078;411007;Imbaú;Paraná;330,7340333;14249;4;1198,5;N
4110102;411010;Imbituva;Paraná;756,5348413;29924;1;1198,5;N
4110201;411020;Inácio Martins;Paraná;936,2080572;9670;0;1980,6;S
4110300;411030;Inajá;Paraná;194,7042486;2536;23;1198,5;N
4110409;411040;Indianópolis;Paraná;122,6219901;4448;3;1198,5;N
4110508;411050;Ipiranga;Paraná;900,7213173;14142;3;1198,5;N
4110607;411060;Iporã;Paraná;647,8942000;15746;12;1198,5;N
4110656;411065;Iracema do Oeste;Paraná;81,5384286;2343;1;1198,5;N
4110706;411070;Irati;Paraná;999,5166925;59250;18;1198,5;N
4110805;411080;Iretama;Paraná;570,4593184;10684;4;1198,5;N
4110904;411090;Itaguajé;Paraná;194,3525758;4481;4;1198,5;N
4110953;411095;Itaipulândia;Paraná;330,8461438;11485;9;1198,5;N
4111001;411100;Itambaracá;Paraná;207,3424026;5908;3;1198,5;N
4111100;411110;Itambé;Paraná;243,8218012;6111;2;1198,5;N
4111209;411120;Itapejara d'Oeste;Paraná;254,0141052;12344;4;1198,5;N
4111258;411125;Itaperuçu;Paraná;322,9912016;31217;1;1198,5;N
4111308;411130;Itaúna do Sul;Paraná;128,8696509;3572;3;1198,5;N
4111407;411140;Ivaí;Paraná;607,8475899;13229;0;702,2;S
4111506;411150;Ivaiporã;Paraná;436,9885973;32720;4;1198,5;N
4111555;411155;Ivaté;Paraná;410,1559812;6831;3;1198,5;N
4111605;411160;Ivatuba;Paraná;96,6612619;2708;1;1198,5;N
4111704;411170;Jaboti;Paraná;139,2771571;5427;0;1198,5;N
4111803;411180;Jacarezinho;Paraná;602,5284924;40375;65;1198,5;N
4111902;411190;Jaguapitã;Paraná;475,0044009;15122;246;1198,5;N
4112009;411200;Jaguariaíva;Paraná;1453,0657320;35141;8;1198,5;N
4112108;411210;Jandaia do Sul;Paraná;187,6002282;21408;26;1198,5;N
4112207;411220;Janiópolis;Paraná;335,6501250;5870;5;1198,5;N
4112306;411230;Japira;Paraná;187,8018132;4972;1;982,6;S
4112405;411240;Japurá;Paraná;165,1845334;9144;0;1198,5;N
4112504;411250;Jardim Alegre;Paraná;413,3856638;12004;3;1198,5;N
4112603;411260;Jardim Olinda;Paraná;128,5146959;1343;31;1198,5;N
4112702;411270;Jataizinho;Paraná;159,1775617;11813;32;1198,5;N
4112751;411275;Jesuítas;Paraná;247,4961153;10506;20;1198,5;N
4112801;411280;Joaquim Távora;Paraná;289,1729469;11945;16;711,6;S
4112900;411290;Jundiaí do Sul;Paraná;320,8158781;3333;0;1198,5;N
4112959;411295;Juranda;Paraná;354,3644255;7771;15;1198,5;N
4113007;411300;Jussara;Paraná;210,8694023;6690;4;1198,5;N
4113106;411310;Kaloré;Paraná;193,2987448;4582;0;1198,5;N
4113205;411320;Lapa;Paraná;2093,8594134;45003;0;1198,5;N
4113254;411325;Laranjal;Paraná;559,4390016;5600;0;1198,5;N
4113304;411330;Laranjeiras do Sul;Paraná;673,6885037;32227;29;1947,8;S
4113403;411340;Leópolis;Paraná;344,9180113;3752;93;1198,5;N
4113429;411342;Lidianópolis;Paraná;151,4560533;3938;0;1198,5;N
4113452;411345;Lindoeste;Paraná;347,0934148;5175;18;1198,5;N
4113502;411350;Loanda;Paraná;722,4965022;23225;13;1198,5;N
4113601;411360;Lobato;Paraná;240,9041794;4601;0;1198,5;N
4113700;411370;Londrina;Paraná;1652,5694214;555965;1661;1198,5;N
4113734;411373;Luiziana;Paraná;916,8390780;6690;1;1198,5;N
4113759;411375;Lunardelli;Paraná;199,2134592;4872;1;1198,5;N
4113809;411380;Lupionópolis;Paraná;121,0655672;4813;15;1198,5;N
4113908;411390;Mallet;Paraná;760,2237724;13428;1;1198,5;N
4114005;411400;Mamborê;Paraná;788,0609563;13452;0;1198,5;N
4114104;411410;Mandaguaçu;Paraná;294,0190506;31457;12;1198,5;N
4114203;411420;Mandaguari;Paraná;335,8141759;36716;107;1198,5;N
4114302;411430;Mandirituba;Paraná;379,1786207;27439;3;1198,5;N
4114351;411435;Manfrinópolis;Paraná;215,7786301;2770;1;1198,5;N
4114401;411440;Mangueirinha;Paraná;1055,4584429;16603;7;1198,5;N
4114500;411450;Manoel Ribas;Paraná;571,1346020;14240;4;1198,5;N
4114609;411460;Marechal Cândido Rondon;Paraná;745,7479481;55836;35;1198,5;N
4114708;411470;Maria Helena;Paraná;486,2237904;5865;3;1198,5;N
4114807;411480;Marialva;Paraná;475,5636734;41851;11;1198,5;N
4114906;411490;Marilândia do Sul;Paraná;384,4244515;8677;6;1198,5;N
4115002;411500;Marilena;Paraná;232,3629525;7253;8;1198,5;N
4115101;411510;Mariluz;Paraná;433,1703205;9847;17;1198,5;N
4115200;411520;Maringá;Paraná;487,0123102;409657;235;1168,2;S
4115309;411530;Mariópolis;Paraná;230,3651881;6371;0;1198,5;N
4115358;411535;Maripá;Paraná;283,7933304;6555;4;1198,5;N
4115408;411540;Marmeleiro;Paraná;387,6121539;15901;15;1198,5;N
4115457;411545;Marquinho;Paraná;503,8582541;4504;1;1198,5;N
4115507;411550;Marumbi;Paraná;208,4697553;4699;6;1198,5;N
4115606;411560;Matelândia;Paraná;639,7460959;18450;2;1198,5;N
4115705;411570;Matinhos;Paraná;117,8986520;39259;16;1198,5;N
4115739;411573;Mato Rico;Paraná;394,5333398;3267;0;1198,5;N
4115754;411575;Mauá da Serra;Paraná;108,3243418;9383;15;1198,5;N
4115804;411580;Medianeira;Paraná;328,7315914;54369;31;1198,5;N
4115853;411585;Mercedes;Paraná;197,1356286;5931;1;1198,5;N
4115903;411590;Mirador;Paraná;221,7078016;2238;5;1198,5;N
4116000;411600;Miraselva;Paraná;90,2939184;1966;77;1198,5;N
4116059;411605;Missal;Paraná;324,3973503;11064;10;1198,5;N
4116109;411610;Moreira Sales;Paraná;353,7719899;11175;14;1198,5;N
4116208;411620;Morretes;Paraná;684,5803709;18309;8;2343,8;S
4116307;411630;Munhoz de Melo;Paraná;137,0178772;3951;0;1198,5;N
4116406;411640;Nossa Senhora das Graças;Paraná;185,7693345;3669;5;1198,5;N
4116505;411650;Nova Aliança do Ivaí;Paraná;131,2719135;1323;2;1198,5;N
4116604;411660;Nova América da Colina;Paraná;129,4760907;3280;1;1198,5;N
4116703;411670;Nova Aurora;Paraná;470,6424718;13765;46;1198,5;N
4116802;411680;Nova Cantu;Paraná;555,4876306;6790;0;1198,5;N
4116901;411690;Nova Esperança;Paraná;401,5869596;26585;28;1198,5;N
4116950;411695;Nova Esperança do Sudoeste;Paraná;208,4717130;5597;3;1198,5;N
4117008;411700;Nova Fátima;Paraná;283,4229166;7225;2;385,4;S
4117057;411705;Nova Laranjeiras;Paraná;1210,2047638;12074;7;1198,5;N
4117107;411710;Nova Londrina;Paraná;269,3887941;12923;4;1198,5;N
4117206;411720;Nova Olímpia;Paraná;136,3474051;5833;5;1198,5;N
4117214;411721;Nova Santa Bárbara;Paraná;76,8874126;4184;4;1198,5;N
4117222;411722;Nova Santa Rosa;Paraná;204,6652868;8322;9;1198,5;N
4117255;411725;Nova Prata do Iguaçu;Paraná;352,5649374;12699;1;1198,5;N
4117271;411727;Nova Tebas;Paraná;545,6862574;6848;3;1352,4;S
4117297;411729;Novo Itacolomi;Paraná;161,4107514;3125;9;1198,5;N
4117305;411730;Ortigueira;Paraná;2429,5198883;24192;37;1198,5;N
4117404;411740;Ourizona;Paraná;176,4568550;3187;0;1198,5;N
4117453;411745;Ouro Verde do Oeste;Paraná;293,0422340;6785;4;1198,5;N
4117503;411750;Paiçandu;Paraná;171,3788251;45962;6;1198,5;N
4117602;411760;Palmas;Paraná;1557,9034306;48247;1;1198,5;N
4117701;411770;Palmeira;Paraná;1470,0723389;33855;4;1198,5;N
4117800;411780;Palmital;Paraná;817,6465777;13033;5;1198,5;N
4117909;411790;Palotina;Paraná;651,2377421;35011;13;1198,5;N
4118006;411800;Paraíso do Norte;Paraná;204,5639491;13245;12;1198,5;N
4118105;411810;Paranacity;Paraná;348,6306292;9557;38;1198,5;N
4118204;411820;Paranaguá;Paraná;822,8378343;145829;249;1198,5;N
4118303;411830;Paranapoema;Paraná;175,8749921;2398;171;827,2;S
4118402;411840;Paranavaí;Paraná;1202,2657173;92001;263;1198,5;N
4118451;411845;Pato Bragado;Paraná;135,6004842;5733;2;1198,5;N
4118501;411850;Pato Branco;Paraná;539,1079715;91836;193;1198,5;N
4118600;411860;Paula Freitas;Paraná;421,4085131;5666;0;1198,5;N
4118709;411870;Paulo Frontin;Paraná;363,3511146;6343;1;1198,5;N
4118808;411880;Peabiru;Paraná;468,5944153;13346;0;1198,5;N
4118857;411885;Perobal;Paraná;409,0496457;7189;3;1198,5;N
4118907;411890;Pérola;Paraná;236,1859525;11878;26;1198,5;N
4119004;411900;Pérola d'Oeste;Paraná;205,2786104;6221;2;1198,5;N
4119103;411910;Piên;Paraná;254,7922908;13655;0;1198,5;N
4119152;411915;Pinhais;Paraná;60,8693763;127019;13;1198,5;N
4119202;411920;Pinhalão;Paraná;220,6254061;6566;0;1198,5;N
4119251;411925;Pinhal de São Bento;Paraná;97,4634070;2761;0;1198,5;N
4119301;411930;Pinhão;Paraná;2001,5875912;29886;2;1198,5;N
4119400;411940;Piraí do Sul;Paraná;1345,4177404;23651;3;1198,5;N
4119509;411950;Piraquara;Paraná;227,0417561;118730;9;1198,5;N
4119608;411960;Pitanga;Paraná;1663,7472180;33567;8;1198,5;N
4119657;411965;Pitangueiras;Paraná;123,2293242;3046;7;1198,5;N
4119707;411970;Planaltina do Paraná;Paraná;356,1915845;4070;5;1198,5;N
4119806;411980;Planalto;Paraná;346,2409191;14374;0;1903,0;S
4119905;411990;Ponta Grossa;Paraná;2054,7322610;358371;102;1198,5;N
4119954;411995;Pontal do Paraná;Paraná;200,4102923;30425;14;1198,5;N
4120002;412000;Porecatu;Paraná;291,6627081;11624;18;1198,5;N
4120101;412010;Porto Amazonas;Paraná;186,5806696;4098;2;1198,5;N
4120150;412015;Porto Barreiro;Paraná;361,0205035;3110;1;1198,5;N
4120200;412020;Porto Rico;Paraná;217,6757289;3182;3;1198,5;N
4120309;412030;Porto Vitória;Paraná;213,0128706;3562;1;1198,5;N
4120333;412033;Prado Ferreira;Paraná;152,8762996;3709;6;1198,5;N
4120358;412035;Pranchita;Paraná;226,1397420;5737;2;1198,5;N
4120408;412040;Presidente Castelo Branco;Paraná;155,7340312;4336;1;1198,5;N
4120507;412050;Primeiro de Maio;Paraná;414,4417061;10082;55;1198,5;N
4120606;412060;Prudentópolis;Paraná;2247,1411295;49393;13;1198,5;N
4120655;412065;Quarto Centenário;Paraná;321,8749827;4201;7;1198,5;N
4120705;412070;Quatiguá;Paraná;112,6892333;8099;1;1198,5;N
4120804;412080;Quatro Barras;Paraná;180,4711511;24191;3;1198,5;N
4120853;412085;Quatro Pontes;Paraná;114,3925268;4480;15;1198,5;N
4120903;412090;Quedas do Iguaçu;Paraná;821,5032056;30738;13;1198,5;N
4121000;412100;Querência do Norte;Paraná;914,7630622;10685;6;1198,5;N
4121109;412110;Quinta do Sol;Paraná;326,1768373;5001;0;1198,5;N
4121208;412120;Quitandinha;Paraná;447,0236271;18398;0;1198,5;N
4121257;412125;Ramilândia;Paraná;237,1957240;4221;0;1198,5;N
4121307;412130;Rancho Alegre;Paraná;167,6458600;3512;9;1198,5;N
4121356;412135;Rancho Alegre D'Oeste;Paraná;241,3863791;2618;0;1198,5;N
4121406;412140;Realeza;Paraná;353,4161638;19247;1;1198,5;N
4121505;412150;Rebouças;Paraná;481,8396792;14514;1;1198,5;N
4121604;412160;Renascença;Paraná;425,2734875;6845;81;1198,5;N
4121703;412170;Reserva;Paraná;1635,5351415;24573;21;1198,5;N
4121752;412175;Reserva do Iguaçu;Paraná;834,2321536;6553;1;1198,5;N
4121802;412180;Ribeirão Claro;Paraná;629,2239337;12364;1;1198,5;N
4121901;412190;Ribeirão do Pinhal;Paraná;374,7321931;13060;1;1198,5;N
4122008;412200;Rio Azul;Paraná;599,0556619;14025;0;1198,5;N
4122107;412210;Rio Bom;Paraná;177,8356869;3197;9;1198,5;N
4122156;412215;Rio Bonito do Iguaçu;Paraná;681,4060082;13929;45;1198,5;N
4122172;412217;Rio Branco do Ivaí;Paraná;376,1092112;3808;0;1198,5;N
4122206;412220;Rio Branco do Sul;Paraná;811,4247292;37558;3;1198,5;N
4122305;412230;Rio Negro;Paraná;604,1384615;31324;2;1198,5;N
4122404;412240;Rolândia;Paraná;459,0243673;71670;59;1198,5;N
4122503;412250;Roncador;Paraná;742,1209309;11251;1;1198,5;N
4122602;412260;Rondon;Paraná;555,1247310;9097;17;1198,5;N
4122651;412265;Rosário do Ivaí;Paraná;377,4696789;5435;1;1198,5;N
4122701;412270;Sabáudia;Paraná;190,3290580;8822;13;1198,5;N
4122800;412280;Salgado Filho;Paraná;181,0148561;4075;0;1198,5;N
4122909;412290;Salto do Itararé;Paraná;200,5195602;5192;1;1198,5;N
4123006;412300;Salto do Lontra;Paraná;312,7169586;15223;2;1198,5;N
4123105;412310;Santa Amélia;Paraná;78,0446541;3394;6;1198,5;N
4123204;412320;Santa Cecília do Pavão;Paraná;105,0755693;3365;10;1198,5;N
4123303;412330;Santa Cruz de Monte Castelo;Paraná;442,0131239;8613;5;1198,5;N
4123402;412340;Santa Fé;Paraná;276,2410449;11378;7;1198,5;N
4123501;412350;Santa Helena;Paraná;754,7007017;25492;12;1198,5;N
4123600;412360;Santa Inês;Paraná;156,9349613;1748;3;1198,5;N
4123709;412370;Santa Isabel do Ivaí;Paraná;349,4970994;8912;18;1198,5;N
4123808;412380;Santa Izabel do Oeste;Paraná;321,1823394;14070;1;1198,5;N
4123824;412382;Santa Lúcia;Paraná;126,8129479;3644;3;1198,5;N
4123857;412385;Santa Maria do Oeste;Paraná;836,6690983;9934;3;1198,5;N
4123907;412390;Santa Mariana;Paraná;427,1933247;11066;0;1198,5;N
4123956;412395;Santa Mônica;Paraná;259,9568451;3356;6;1198,5;N
4124004;412400;Santana do Itararé;Paraná;251,2690619;5514;0;1198,5;N
4124020;412402;Santa Tereza do Oeste;Paraná;326,1902438;13174;85;1198,5;N
4124053;412405;Santa Terezinha de Itaipu;Paraná;268,2578068;24262;36;1198,5;N
4124103;412410;Santo Antônio da Platina;Paraná;721,4718074;44369;72;1198,5;N
4124202;412420;Santo Antônio do Caiuá;Paraná;219,0679830;2493;1;1198,5;N
4124301;412430;Santo Antônio do Paraíso;Paraná;167,0139811;2125;0;1198,5;N
4124400;412440;Santo Antônio do Sudoeste;Paraná;325,6508661;23673;5;1198,5;N
4124509;412450;Santo Inácio;Paraná;280,1327031;6181;217;1198,5;N
4124608;412460;São Carlos do Ivaí;Paraná;225,0788274;6587;16;1198,5;N
4124707;412470;São Jerônimo da Serra;Paraná;823,7744335;10830;3;1198,5;N
4124806;412480;São João;Paraná;388,0590331;11886;0;1198,5;N
4124905;412490;São João do Caiuá;Paraná;304,4132380;5586;11;1198,5;N
4125001;412500;São João do Ivaí;Paraná;353,3313896;10667;2;1198,5;N
4125100;412510;São João do Triunfo;Paraná;720,4074734;13726;3;1198,5;N
4125209;412520;São Jorge d'Oeste;Paraná;379,5450922;9378;1;1198,5;N
4125308;412530;São Jorge do Ivaí;Paraná;315,0879998;5168;1;1198,5;N
4125357;412535;São Jorge do Patrocínio;Paraná;406,4132615;6504;1;1198,5;N
4125407;412540;São José da Boa Vista;Paraná;399,6673827;6040;2;1198,5;N
4125456;412545;São José das Palmeiras;Paraná;182,4189279;3957;5;1198,5;N
4125506;412550;São José dos Pinhais;Paraná;946,4349076;329628;14;1198,5;N
4125555;412555;São Manoel do Paraná;Paraná;95,3813503;2138;1;1198,5;N
4125605;412560;São Mateus do Sul;Paraná;1341,7141166;42366;2;1764,0;S
4125704;412570;São Miguel do Iguaçu;Paraná;851,9168488;29122;15;1198,5;N
4125753;412575;São Pedro do Iguaçu;Paraná;308,3237742;5784;3;1198,5;N
4125803;412580;São Pedro do Ivaí;Paraná;322,6919578;8690;13;1198,5;N
4125902;412590;São Pedro do Paraná;Paraná;250,6535852;2661;0;1198,5;N
4126009;412600;São Sebastião da Amoreira;Paraná;226,8720596;8063;10;1198,5;N
4126108;412610;São Tomé;Paraná;218,6233383;5232;0;1198,5;N
4126207;412620;Sapopema;Paraná;677,6094033;6695;6;1198,5;N
4126256;412625;Sarandi;Paraná;103,5014325;118455;10;1198,5;N
4126272;412627;Saudade do Iguaçu;Paraná;152,0844737;6108;1;1198,5;N
4126306;412630;Sengés;Paraná;1441,3325189;17270;2;1198,5;N
4126355;412635;Serranópolis do Iguaçu;Paraná;482,3944416;5007;4;1198,5;N
4126405;412640;Sertaneja;Paraná;444,4920719;5616;245;1198,5;N
4126504;412650;Sertanópolis;Paraná;505,5321807;15930;52;1198,5;N
4126603;412660;Siqueira Campos;Paraná;278,0347281;22811;24;1198,5;N
4126652;412665;Sulina;Paraná;170,7594084;3440;0;1198,5;N
4126678;412667;Tamarana;Paraná;472,1549314;10707;12;1198,5;N
4126702;412670;Tamboara;Paraná;193,3457395;4880;6;1198,5;N
4126801;412680;Tapejara;Paraná;591,3986583;15869;3;1198,5;N
4126900;412690;Tapira;Paraná;434,3713321;5745;5;1198,5;N
4127007;412700;Teixeira Soares;Paraná;902,7932561;9547;0;1198,5;N
4127106;412710;Telêmaco Borba;Paraná;1382,8599053;75042;45;1198,5;N
4127205;412720;Terra Boa;Paraná;320,8499730;17568;7;1198,5;N
4127304;412730;Terra Rica;Paraná;700,5988499;14842;27;1198,5;N
4127403;412740;Terra Roxa;Paraná;800,8070239;18119;18;1198,5;N
4127502;412750;Tibagi;Paraná;2977,9325410;19961;2;1198,5;N
4127601;412760;Tijucas do Sul;Paraná;671,8889009;17621;0;1198,5;N
4127700;412770;Toledo;Paraná;1198,0489829;150470;98;1198,5;N
4127809;412780;Tomazina;Paraná;591,4380107;8426;4;1198,5;N
4127858;412785;Três Barras do Paraná;Paraná;505,5051078;11135;2;1198,5;N
4127882;412788;Tunas do Paraná;Paraná;668,4780432;6219;0;1198,5;N
4127908;412790;Tuneiras do Oeste;Paraná;698,8709489;8067;4;1198,5;N
4127957;412795;Tupãssi;Paraná;299,7690940;8077;47;1198,5;N
4127965;412796;Turvo;Paraná;938,9655203;14231;0;1198,5;N
4128005;412800;Ubiratã;Paraná;652,5811131;24749;54;1198,5;N
4128104;412810;Umuarama;Paraná;1234,5367903;117095;35;1198,5;N
4128203;412820;União da Vitória;Paraná;719,9978068;55033;9;1198,5;N
4128302;412830;Uniflor;Paraná;94,8194376;2136;1;1198,5;N
4128401;412840;Uraí;Paraná;237,8097023;10406;35;1198,5;N
4128500;412850;Wenceslau Braz;Paraná;397,9160964;19188;2;1198,5;N
4128534;412853;Ventania;Paraná;819,3338905;9681;3;884,6;S
4128559;412855;Vera Cruz do Oeste;Paraná;327,0899948;8215;3;1198,5;N
4128609;412860;Verê;Paraná;311,8012587;7932;9;1198,5;N
4128625;412862;Alto Paraíso;Paraná;967,7718225;3055;6;1198,5;N
4128633;412863;Doutor Ulysses;Paraná;777,4817646;5697;0;1198,5;N
4128658;412865;Virmond;Paraná;249,0938686;3811;0;1198,5;N
4128708;412870;Vitorino;Paraná;308,2176463;9706;3;1198,5;N
4128807;412880;Xambrê;Paraná;359,7124693;5798;4;1198,5;N
4200051;420005;Abdon Batista;Santa Catarina;237,5170700;2598;0;1761,1;N
4200101;420010;Abelardo Luz;Santa Catarina;953,9915661;17392;1;1761,1;N
4200200;420020;Agrolândia;Santa Catarina;206,8154871;10990;0;1761,1;N
4200309;420030;Agronômica;Santa Catarina;129,7741559;6055;0;1761,1;N
4200408;420040;Água Doce;Santa Catarina;1319,1365983;6508;3;1761,1;N
4200507;420050;Águas de Chapecó;Santa Catarina;139,5112553;6036;1;1761,1;N
4200556;420055;Águas Frias;Santa Catarina;76,6305955;2839;0;1761,1;N
4200606;420060;Águas Mornas;Santa Catarina;326,6600284;6743;1;1761,1;N
4200705;420070;Alfredo Wagner;Santa Catarina;733,4885913;10481;3;1761,1;N
4200754;420075;Alto Bela Vista;Santa Catarina;103,4330748;1856;0;1761,1;N
4200804;420080;Anchieta;Santa Catarina;232,3484153;5943;0;1761,1;N
4200903;420090;Angelina;Santa Catarina;499,9980198;5358;1;1761,1;N
4201000;420100;Anita Garibaldi;Santa Catarina;589,8118108;8285;0;1761,1;N
4201109;420110;Anitápolis;Santa Catarina;540,6361122;3593;0;1761,1;N
4201208;420120;Antônio Carlos;Santa Catarina;234,4217393;11224;2;1761,1;N
4201257;420125;Apiúna;Santa Catarina;493,4902474;9811;1;1761,1;N
4201273;420127;Arabutã;Santa Catarina;132,7794696;4378;0;1761,1;N
4201307;420130;Araquari;Santa Catarina;386,6926572;45283;20;1761,1;N
4201406;420140;Araranguá;Santa Catarina;301,8192648;71922;1;1865,6;S
4201505;420150;Armazém;Santa Catarina;173,9577403;8834;1;1761,1;N
4201604;420160;Arroio Trinta;Santa Catarina;93,5296881;3556;0;1761,1;N
4201653;420165;Arvoredo;Santa Catarina;90,5034559;2510;0;1761,1;N
4201703;420170;Ascurra;Santa Catarina;112,8839280;8319;21;1761,1;N
4201802;420180;Atalanta;Santa Catarina;94,3831304;3227;0;1761,1;N
4201901;420190;Aurora;Santa Catarina;207,0448871;6780;0;1761,1;N
4201950;420195;Balneário Arroio do Silva;Santa Catarina;94,4771894;15820;2;1761,1;N
4202008;420200;Balneário Camboriú;Santa Catarina;45,2138459;139155;24;1761,1;N
4202057;420205;Balneário Barra do Sul;Santa Catarina;108,9137798;14912;5;1761,1;N
4202073;420207;Balneário Gaivota;Santa Catarina;146,8336252;15669;1;1761,1;N
4202081;420208;Bandeirante;Santa Catarina;148,0738327;3144;0;1761,1;N
4202099;420209;Barra Bonita;Santa Catarina;92,5614157;1668;0;1761,1;N
4202107;420210;Barra Velha;Santa Catarina;138,9467969;45369;26;1761,1;N
4202131;420213;Bela Vista do Toldo;Santa Catarina;535,6815789;5872;0;1761,1;N
4202156;420215;Belmonte;Santa Catarina;93,8520972;2658;0;1761,1;N
4202206;420220;Benedito Novo;Santa Catarina;388,2910194;10520;4;1761,1;N
4202305;420230;Biguaçu;Santa Catarina;365,7550690;76773;30;1761,1;N
4202404;420240;Blumenau;Santa Catarina;518,6187164;361261;43;1761,1;N
4202438;420243;Bocaina do Sul;Santa Catarina;510,6734254;3515;0;1761,1;N
4202453;420245;Bombinhas;Santa Catarina;35,1432110;25058;60;1761,1;N
4202503;420250;Bom Jardim da Serra;Santa Catarina;938,5164282;4026;0;3218,4;S
4202537;420253;Bom Jesus;Santa Catarina;63,8832846;2777;0;1761,1;N
4202578;420257;Bom Jesus do Oeste;Santa Catarina;67,7771395;2187;1;1761,1;N
4202602;420260;Bom Retiro;Santa Catarina;1057,0340796;8418;0;1761,1;N
4202701;420270;Botuverá;Santa Catarina;296,2559132;5363;0;1761,1;N
4202800;420280;Braço do Norte;Santa Catarina;212,0445495;33773;0;1761,1;N
4202859;420285;Braço do Trombudo;Santa Catarina;89,4107285;4026;0;1761,1;N
4202875;420287;Brunópolis;Santa Catarina;336,4390249;2489;0;1761,1;N
4202909;420290;Brusque;Santa Catarina;284,6746881;141385;27;1761,1;N
4203006;420300;Caçador;Santa Catarina;983,4242159;73720;2;1252,2;S
4203105;420310;Caibi;Santa Catarina;173,0793895;6304;2;1761,1;N
4203154;420315;Calmon;Santa Catarina;636,2080848;3443;0;1761,1;N
4203204;420320;Camboriú;Santa Catarina;210,5678225;103074;99;1761,1;N
4203253;420325;Capão Alto;Santa Catarina;1331,9623788;2625;1;1761,1;N
4203303;420330;Campo Alegre;Santa Catarina;499,2164649;12501;0;1761,1;N
4203402;420340;Campo Belo do Sul;Santa Catarina;1025,6380579;7257;0;1761,1;N
4203501;420350;Campo Erê;Santa Catarina;479,1611003;9623;1;1761,1;N
4203600;420360;Campos Novos;Santa Catarina;1717,6972448;36932;1;1899,8;S
4203709;420370;Canelinha;Santa Catarina;151,0080897;12821;0;1761,1;N
4203808;420380;Canoinhas;Santa Catarina;1148,0361634;55016;1;1761,1;N
4203907;420390;Capinzal;Santa Catarina;244,0574174;23314;1;1761,1;N
4203956;420395;Capivari de Baixo;Santa Catarina;53,2223981;23975;11;1761,1;N
4204004;420400;Catanduvas;Santa Catarina;199,1663192;10566;3;1761,1;N
4204103;420410;Caxambu do Sul;Santa Catarina;140,8731830;4614;0;1761,1;N
4204152;420415;Celso Ramos;Santa Catarina;208,3910897;2805;0;1761,1;N
4204178;420417;Cerro Negro;Santa Catarina;418,5444604;3317;0;1761,1;N
4204194;420419;Chapadão do Lageado;Santa Catarina;124,8657482;2950;1;1761,1;N
4204202;420420;Chapecó;Santa Catarina;624,8460703;254785;50;2097,8;S
4204251;420425;Cocal do Sul;Santa Catarina;70,9652940;17240;1;1761,1;N
4204301;420430;Concórdia;Santa Catarina;799,1944043;81646;6;1761,1;N
4204350;420435;Cordilheira Alta;Santa Catarina;83,5560408;4781;2;1761,1;N
4204400;420440;Coronel Freitas;Santa Catarina;233,6981036;10388;0;1761,1;N
4204459;420445;Coronel Martins;Santa Catarina;107,5019062;2065;3;1761,1;N
4204509;420450;Corupá;Santa Catarina;405,7607367;15267;3;1761,1;N
4204558;420455;Correia Pinto;Santa Catarina;647,3877762;15727;0;1761,1;N
4204608;420460;Criciúma;Santa Catarina;234,8646182;214493;8;1761,1;N
4204707;420470;Cunha Porã;Santa Catarina;220,0992033;10953;1;1761,1;N
4204756;420475;Cunhataí;Santa Catarina;54,8109097;1968;0;1761,1;N
4204806;420480;Curitibanos;Santa Catarina;949,8654886;40045;0;1884,8;S
4204905;420490;Descanso;Santa Catarina;287,0568813;8530;4;1761,1;N
4205001;420500;Dionísio Cerqueira;Santa Catarina;378,8427328;15008;2;2594,0;S
4205100;420510;Dona Emma;Santa Catarina;178,1567441;4221;0;1761,1;N
4205159;420515;Doutor Pedrinho;Santa Catarina;374,2053481;3637;2;1761,1;N
4205175;420517;Entre Rios;Santa Catarina;103,8880865;3402;0;1761,1;N
4205191;420519;Ermo;Santa Catarina;65,3112163;2269;0;1761,1;N
4205209;420520;Erval Velho;Santa Catarina;208,8411323;4885;0;1761,1;N
4205308;420530;Faxinal dos Guedes;Santa Catarina;340,0696362;11192;0;1761,1;N
4205357;420535;Flor do Sertão;Santa Catarina;58,4574952;1783;1;1761,1;N
4205407;420540;Florianópolis;Santa Catarina;674,8437956;537211;970;1411,2;S
4205431;420543;Formosa do Sul;Santa Catarina;100,4075958;2682;1;1761,1;N
4205456;420545;Forquilhinha;Santa Catarina;183,3505378;31431;1;1761,1;N
4205506;420550;Fraiburgo;Santa Catarina;549,1881341;33481;0;1761,1;N
4205555;420555;Frei Rogério;Santa Catarina;158,7749550;2411;0;1761,1;N
4205605;420560;Galvão;Santa Catarina;139,8363130;3210;1;1761,1;N
4205704;420570;Garopaba;Santa Catarina;114,7725468;29959;4;1761,1;N
4205803;420580;Garuva;Santa Catarina;503,5946324;18545;10;1761,1;N
4205902;420590;Gaspar;Santa Catarina;386,6155326;72570;17;1761,1;N
4206009;420600;Governador Celso Ramos;Santa Catarina;127,5563914;16915;13;1761,1;N
4206108;420610;Grão-Pará;Santa Catarina;334,3618727;6277;0;1761,1;N
4206207;420620;Gravatal;Santa Catarina;165,7181049;12435;5;1761,1;N
4206306;420630;Guabiruba;Santa Catarina;172,1734574;24543;3;1761,1;N
4206405;420640;Guaraciaba;Santa Catarina;331,7661781;10796;3;1761,1;N
4206504;420650;Guaramirim;Santa Catarina;267,5141642;46711;9;1761,1;N
4206603;420660;Guarujá do Sul;Santa Catarina;100,6299523;4829;3;1761,1;N
4206652;420665;Guatambú;Santa Catarina;206,1958222;8425;2;1761,1;N
4206702;420670;Herval d'Oeste;Santa Catarina;216,5806658;21724;1;1761,1;N
4206751;420675;Ibiam;Santa Catarina;146,0091071;2008;0;1761,1;N
4206801;420680;Ibicaré;Santa Catarina;156,4385680;3269;0;1761,1;N
4206900;420690;Ibirama;Santa Catarina;247,1017822;19862;2;1761,1;N
4207007;420700;Içara;Santa Catarina;230,3931785;59035;1;1761,1;N
4207106;420710;Ilhota;Santa Catarina;253,0241594;17046;0;1761,1;N
4207205;420720;Imaruí;Santa Catarina;542,2383082;11881;0;1761,1;N
4207304;420730;Imbituba;Santa Catarina;181,5770026;52579;2;1761,1;N
4207403;420740;Imbuia;Santa Catarina;119,1134879;5982;0;1761,1;N
4207502;420750;Indaial;Santa Catarina;430,7985392;71549;14;1944,8;S
4207577;420757;Iomerê;Santa Catarina;113,9860208;2877;0;1761,1;N
4207601;420760;Ipira;Santa Catarina;155,6514760;4578;0;1761,1;N
4207650;420765;Iporã do Oeste;Santa Catarina;200,9598445;9335;0;1761,1;N
4207684;420768;Ipuaçu;Santa Catarina;261,0806178;7730;3;1761,1;N
4207700;420770;Ipumirim;Santa Catarina;245,9211795;7816;1;1761,1;N
4207759;420775;Iraceminha;Santa Catarina;165,1469882;3986;0;1761,1;N
4207809;420780;Irani;Santa Catarina;325,8624720;10195;0;1761,1;N
4207858;420785;Irati;Santa Catarina;77,9116437;2069;0;1761,1;N
4207908;420790;Irineópolis;Santa Catarina;589,6982598;10285;1;1761,1;N
4208005;420800;Itá;Santa Catarina;166,2649162;7067;2;1761,1;N
4208104;420810;Itaiópolis;Santa Catarina;1297,5428981;22051;0;1761,1;N
4208203;420820;Itajaí;Santa Catarina;289,2151465;264054;350;2104,4;S
4208302;420830;Itapema;Santa Catarina;58,2103733;75940;22;1761,1;N
4208401;420840;Itapiranga;Santa Catarina;281,7822922;16638;3;1761,1;N
4208450;420845;Itapoá;Santa Catarina;245,3939852;30750;279;2311,4;S
4208500;420850;Ituporanga;Santa Catarina;336,5880451;26525;0;1977,6;S
4208609;420860;Jaborá;Santa Catarina;182,4827508;4310;0;1761,1;N
4208708;420870;Jacinto Machado;Santa Catarina;430,7037378;10624;0;1761,1;N
4208807;420880;Jaguaruna;Santa Catarina;326,3619164;20375;1;1761,1;N
4208906;420890;Jaraguá do Sul;Santa Catarina;530,8942203;182660;44;1761,1;N
4208955;420895;Jardinópolis;Santa Catarina;68,4992554;1776;0;1761,1;N
4209003;420900;Joaçaba;Santa Catarina;241,6365687;30146;1;1148,6;S
4209102;420910;Joinville;Santa Catarina;1127,9471311;616317;117;1761,1;N
4209151;420915;José Boiteux;Santa Catarina;405,5520979;5985;0;1761,1;N
4209177;420917;Jupiá;Santa Catarina;91,4479815;2555;0;1761,1;N
4209201;420920;Lacerdópolis;Santa Catarina;69,0358968;2248;0;1761,1;N
4209300;420930;Lages;Santa Catarina;2637,6602464;164981;0;1982,2;S
4209409;420940;Laguna;Santa Catarina;333,2594775;42785;3;1248,8;S
4209458;420945;Lajeado Grande;Santa Catarina;65,3475426;1702;0;1761,1;N
4209508;420950;Laurentino;Santa Catarina;79,3331587;7932;1;1761,1;N
4209607;420960;Lauro Müller;Santa Catarina;271,8520994;14381;0;1761,1;N
4209706;420970;Lebon Régis;Santa Catarina;941,6403054;11472;0;1761,1;N
4209805;420980;Leoberto Leal;Santa Catarina;293,6003514;3330;1;1761,1;N
4209854;420985;Lindóia do Sul;Santa Catarina;190,1705031;4549;0;1761,1;N
4209904;420990;Lontras;Santa Catarina;197,5859034;12873;0;1761,1;N
4210001;421000;Luiz Alves;Santa Catarina;260,1062146;11684;6;1761,1;N
4210035;421003;Luzerna;Santa Catarina;117,0989508;5794;0;1761,1;N
4210050;421005;Macieira;Santa Catarina;261,2078226;1778;0;1761,1;N
4210100;421010;Mafra;Santa Catarina;1404,0838851;55286;3;1761,1;N
4210209;421020;Major Gercino;Santa Catarina;306,0580602;3214;1;1761,1;N
4210308;421030;Major Vieira;Santa Catarina;520,8159540;7425;0;412,6;S
4210407;421040;Maracajá;Santa Catarina;62,9015611;7815;0;1761,1;N
4210506;421050;Maravilha;Santa Catarina;170,3387848;28251;33;1761,1;N
4210555;421055;Marema;Santa Catarina;104,1838413;2184;1;1761,1;N
4210605;421060;Massaranduba;Santa Catarina;374,4588211;17162;1;1761,1;N
4210704;421070;Matos Costa;Santa Catarina;435,3907394;2761;0;1761,1;N
4210803;421080;Meleiro;Santa Catarina;186,4392356;7006;1;1761,1;N
4210852;421085;Mirim Doce;Santa Catarina;337,9913469;2511;0;1761,1;N
4210902;421090;Modelo;Santa Catarina;92,3460732;4080;1;1761,1;N
4211009;421100;Mondaí;Santa Catarina;200,2756400;10066;1;1761,1;N
4211058;421105;Monte Carlo;Santa Catarina;191,2779978;9117;0;1761,1;N
4211108;421110;Monte Castelo;Santa Catarina;560,7430004;7736;0;1761,1;N
4211207;421120;Morro da Fumaça;Santa Catarina;82,8184762;18537;1;1761,1;N
4211256;421125;Morro Grande;Santa Catarina;260,1433522;3010;0;1761,1;N
4211306;421130;Navegantes;Santa Catarina;111,3765273;86401;15;1761,1;N
4211405;421140;Nova Erechim;Santa Catarina;65,0868678;5155;1;1761,1;N
4211454;421145;Nova Itaberaba;Santa Catarina;137,3884412;4536;3;1761,1;N
4211504;421150;Nova Trento;Santa Catarina;402,8523903;13727;77;1761,1;N
4211603;421160;Nova Veneza;Santa Catarina;295,0630840;13664;0;1761,1;N
4211652;421165;Novo Horizonte;Santa Catarina;151,7222495;2643;1;1905,4;S
4211702;421170;Orleans;Santa Catarina;549,8592651;23661;2;1761,1;N
4211751;421175;Otacílio Costa;Santa Catarina;847,2528032;17312;0;1761,1;N
4211801;421180;Ouro;Santa Catarina;213,5428446;7032;4;1761,1;N
4211850;421185;Ouro Verde;Santa Catarina;188,5676397;2181;0;1761,1;N
4211876;421187;Paial;Santa Catarina;86,0483969;1927;2;1761,1;N
4211892;421189;Painel;Santa Catarina;738,3307022;2215;0;1761,1;N
4211900;421190;Palhoça;Santa Catarina;394,8497883;222598;24;1761,1;N
4212007;421200;Palma Sola;Santa Catarina;330,8779472;7605;0;1761,1;N
4212056;421205;Palmeira;Santa Catarina;289,0973252;2561;0;1761,1;N
4212106;421210;Palmitos;Santa Catarina;351,0511821;15626;0;1761,1;N
4212205;421220;Papanduva;Santa Catarina;764,7373202;19150;0;1761,1;N
4212239;421223;Paraíso;Santa Catarina;180,3376587;4267;1;1761,1;N
4212254;421225;Passo de Torres;Santa Catarina;92,6380611;12897;0;1761,1;N
4212270;421227;Passos Maia;Santa Catarina;617,0923554;4034;0;1761,1;N
4212304;421230;Paulo Lopes;Santa Catarina;446,1647720;9063;2;1761,1;N
4212403;421240;Pedras Grandes;Santa Catarina;159,8915247;4245;0;1761,1;N
4212502;421250;Penha;Santa Catarina;57,7519848;33663;6;1761,1;N
4212601;421260;Peritiba;Santa Catarina;96,1681082;2992;0;1761,1;N
4212650;421265;Pescaria Brava;Santa Catarina;106,8533603;10190;3;1761,1;N
4212700;421270;Petrolândia;Santa Catarina;306,7604870;6716;0;1761,1;N
4212809;421280;Balneário Piçarras;Santa Catarina;99,3552113;27127;4;1761,1;N
4212908;421290;Pinhalzinho;Santa Catarina;128,7259940;21972;16;1761,1;N
4213005;421300;Pinheiro Preto;Santa Catarina;61,0112597;3473;0;1761,1;N
4213104;421310;Piratuba;Santa Catarina;146,0879744;5769;1;1761,1;N
4213153;421315;Planalto Alegre;Santa Catarina;63,1003082;2946;0;1761,1;N
4213203;421320;Pomerode;Santa Catarina;214,2993094;34289;2;1761,1;N
4213302;421330;Ponte Alta;Santa Catarina;575,1698914;4437;0;1761,1;N
4213351;421335;Ponte Alta do Norte;Santa Catarina;396,8820875;3210;0;1761,1;N
4213401;421340;Ponte Serrada;Santa Catarina;560,7306883;10649;0;1761,1;N
4213500;421350;Porto Belo;Santa Catarina;93,6734773;27688;17;1761,1;N
4213609;421360;Porto União;Santa Catarina;848,7792254;32970;3;1761,1;N
4213708;421370;Pouso Redondo;Santa Catarina;356,5387275;17123;0;1761,1;N
4213807;421380;Praia Grande;Santa Catarina;284,3597247;8270;0;1761,1;N
4213906;421390;Presidente Castello Branco;Santa Catarina;65,4330916;1689;0;1761,1;N
4214003;421400;Presidente Getúlio;Santa Catarina;297,1600048;20010;2;1761,1;N
4214102;421410;Presidente Nereu;Santa Catarina;224,7475913;2301;0;1761,1;N
4214151;421415;Princesa;Santa Catarina;85,5975366;2964;0;1761,1;N
4214201;421420;Quilombo;Santa Catarina;278,9833981;11022;4;1761,1;N
4214300;421430;Rancho Queimado;Santa Catarina;286,4612665;3279;0;1619,0;S
4214409;421440;Rio das Antas;Santa Catarina;314,9129084;6253;1;1761,1;N
4214508;421450;Rio do Campo;Santa Catarina;502,0946793;6452;0;1441,6;S
4214607;421460;Rio do Oeste;Santa Catarina;245,0568716;7747;0;1761,1;N
4214706;421470;Rio dos Cedros;Santa Catarina;555,4729237;10865;0;1761,1;N
4214805;421480;Rio do Sul;Santa Catarina;260,8172984;72587;7;1761,1;N
4214904;421490;Rio Fortuna;Santa Catarina;302,3896294;4847;0;1761,1;N
4215000;421500;Rio Negrinho;Santa Catarina;907,4197251;39261;2;1428,6;S
4215059;421505;Rio Rufino;Santa Catarina;282,5708533;2397;0;1761,1;N
4215075;421507;Riqueza;Santa Catarina;191,0613462;4768;0;1761,1;N
4215109;421510;Rodeio;Santa Catarina;129,0010182;12757;39;1761,1;N
4215208;421520;Romelândia;Santa Catarina;223,3329189;4823;0;1761,1;N
4215307;421530;Salete;Santa Catarina;177,8867187;7489;0;1761,1;N
4215356;421535;Saltinho;Santa Catarina;156,5682106;3632;0;1761,1;N
4215406;421540;Salto Veloso;Santa Catarina;104,5313756;4390;0;1761,1;N
4215455;421545;Sangão;Santa Catarina;82,9836527;12882;1;1761,1;N
4215505;421550;Santa Cecília;Santa Catarina;1145,8448269;15546;1;1761,1;N
4215554;421555;Santa Helena;Santa Catarina;81,0038545;2425;1;1761,1;N
4215604;421560;Santa Rosa de Lima;Santa Catarina;203,2176570;2088;0;1761,1;N
4215653;421565;Santa Rosa do Sul;Santa Catarina;150,2986326;9792;1;1761,1;N
4215679;421567;Santa Terezinha;Santa Catarina;715,5507916;8066;0;1761,1;N
4215687;421568;Santa Terezinha do Progresso;Santa Catarina;119,6530985;2576;0;1761,1;N
4215695;421569;Santiago do Sul;Santa Catarina;73,3350923;1651;0;1761,1;N
4215703;421570;Santo Amaro da Imperatriz;Santa Catarina;344,2352124;27272;7;1761,1;N
4215752;421575;São Bernardino;Santa Catarina;149,8913579;2684;0;1761,1;N
4215802;421580;São Bento do Sul;Santa Catarina;495,7716496;83277;0;1761,1;N
4215901;421590;São Bonifácio;Santa Catarina;461,4378943;2946;1;1761,1;N
4216008;421600;São Carlos;Santa Catarina;162,1204532;10282;0;1761,1;N
4216057;421605;São Cristóvão do Sul;Santa Catarina;345,9025259;6084;0;1761,1;N
4216107;421610;São Domingos;Santa Catarina;367,5253992;9226;203;1761,1;N
4216206;421620;São Francisco do Sul;Santa Catarina;493,2663689;52674;54;1761,1;N
4216255;421625;São João do Oeste;Santa Catarina;163,7469507;6295;0;1761,1;N
4216305;421630;São João Batista;Santa Catarina;200,7649220;32687;6;1761,1;N
4216354;421635;São João do Itaperiú;Santa Catarina;151,8845527;4463;0;1761,1;N
4216404;421640;São João do Sul;Santa Catarina;184,3746618;8668;0;1761,1;N
4216503;421650;São Joaquim;Santa Catarina;1888,6343842;25939;0;2198,4;S
4216602;421660;São José;Santa Catarina;150,4993149;270299;71;1761,1;N
4216701;421670;São José do Cedro;Santa Catarina;280,7597475;14167;5;1761,1;N
4216800;421680;São José do Cerrito;Santa Catarina;948,7144580;8708;0;1761,1;N
4216909;421690;São Lourenço do Oeste;Santa Catarina;356,1926642;24791;2;1761,1;N
4217006;421700;São Ludgero;Santa Catarina;106,7651153;13509;0;1761,1;N
4217105;421710;São Martinho;Santa Catarina;224,5657014;3405;0;1761,1;N
4217154;421715;São Miguel da Boa Vista;Santa Catarina;72,7546903;1781;0;1761,1;N
4217204;421720;São Miguel do Oeste;Santa Catarina;234,2024145;44330;4;1204,0;S
4217253;421725;São Pedro de Alcântara;Santa Catarina;139,1963187;5776;4;1761,1;N
4217303;421730;Saudades;Santa Catarina;205,7805559;10265;4;1761,1;N
4217402;421740;Schroeder;Santa Catarina;165,2371535;20061;6;1761,1;N
4217501;421750;Seara;Santa Catarina;309,6274578;18620;2;1761,1;N
4217550;421755;Serra Alta;Santa Catarina;90,5637924;3303;0;1761,1;N
4217600;421760;Siderópolis;Santa Catarina;262,0026676;13714;1;1761,1;N
4217709;421770;Sombrio;Santa Catarina;143,4573561;29991;0;1761,1;N
4217758;421775;Sul Brasil;Santa Catarina;113,1254356;2832;0;1761,1;N
4217808;421780;Taió;Santa Catarina;693,8465648;18310;1;1761,1;N
4217907;421790;Tangará;Santa Catarina;390,0443324;8143;1;1761,1;N
4217956;421795;Tigrinhos;Santa Catarina;56,9621668;2329;0;1761,1;N
4218004;421800;Tijucas;Santa Catarina;279,1586841;51592;19;1761,1;N
4218103;421810;Timbé do Sul;Santa Catarina;328,5068777;5386;0;1761,1;N
4218202;421820;Timbó;Santa Catarina;128,3127953;46099;1;1761,1;N
4218251;421825;Timbó Grande;Santa Catarina;596,3436948;7342;0;1761,1;N
4218301;421830;Três Barras;Santa Catarina;436,4964557;19746;2;1761,1;N
4218350;421835;Treviso;Santa Catarina;156,6100643;3782;0;1761,1;N
4218400;421840;Treze de Maio;Santa Catarina;159,8330629;7362;0;1761,1;N
4218509;421850;Treze Tílias;Santa Catarina;185,9372186;8787;0;1761,1;N
4218608;421860;Trombudo Central;Santa Catarina;109,6481566;7274;0;1761,1;N
4218707;421870;Tubarão;Santa Catarina;301,4845576;110088;19;1761,1;N
4218756;421875;Tunápolis;Santa Catarina;132,9389200;4916;0;1761,1;N
4218806;421880;Turvo;Santa Catarina;235,1037700;13043;1;1761,1;N
4218855;421885;União do Oeste;Santa Catarina;92,8571743;2774;1;1761,1;N
4218905;421890;Urubici;Santa Catarina;1021,3713738;10834;0;1761,1;N
4218954;421895;Urupema;Santa Catarina;350,4723949;2656;0;1761,1;N
4219002;421900;Urussanga;Santa Catarina;254,9537581;20919;2;2081,8;S
4219101;421910;Vargeão;Santa Catarina;166,6850086;3634;0;1761,1;N
4219150;421915;Vargem;Santa Catarina;350,6062424;2627;0;1761,1;N
4219176;421917;Vargem Bonita;Santa Catarina;299,8067503;4576;0;1761,1;N
4219200;421920;Vidal Ramos;Santa Catarina;346,9315333;6189;1;1761,1;N
4219309;421930;Videira;Santa Catarina;384,1264956;55466;1;1761,1;N
4219358;421935;Vitor Meireles;Santa Catarina;370,4141179;5370;0;1761,1;N
4219408;421940;Witmarsum;Santa Catarina;153,7756110;4255;0;1761,1;N
4219507;421950;Xanxerê;Santa Catarina;377,4262152;51607;7;1033,8;S
4219606;421960;Xavantina;Santa Catarina;218,0323228;3653;0;1761,1;N
4219705;421970;Xaxim;Santa Catarina;293,6274964;31918;3;1761,1;N
4219853;421985;Zortéa;Santa Catarina;190,1786214;3930;0;1761,1;N
4220000;422000;Balneário Rincão;Santa Catarina;63,4203771;15981;1;1761,1;N
4300034;430003;Aceguá;Rio Grande do Sul;1551,3390611;4170;0;1920,1;N
4300059;430005;Água Santa;Rio Grande do Sul;291,5033209;3912;1;1920,1;N
4300109;430010;Agudo;Rio Grande do Sul;534,6241480;16041;1;1920,1;N
4300208;430020;Ajuricaba;Rio Grande do Sul;322,6741953;6720;0;1920,1;N
4300307;430030;Alecrim;Rio Grande do Sul;316,3937376;6123;0;1920,1;N
4300406;430040;Alegrete;Rio Grande do Sul;7800,4277955;72409;2;1734,8;S
4300455;430045;Alegria;Rio Grande do Sul;172,7941662;3651;0;1920,1;N
4300471;430047;Almirante Tamandaré do Sul;Rio Grande do Sul;265,0418488;1969;0;1920,1;N
4300505;430050;Alpestre;Rio Grande do Sul;325,9787317;7117;1;1920,1;N
4300554;430055;Alto Alegre;Rio Grande do Sul;115,3349310;1800;0;1920,1;N
4300570;430057;Alto Feliz;Rio Grande do Sul;78,1747513;3072;0;1920,1;N
4300604;430060;Alvorada;Rio Grande do Sul;71,7005078;187315;0;1920,1;N
4300638;430063;Amaral Ferrador;Rio Grande do Sul;505,9830586;5310;0;1920,1;N
4300646;430064;Ametista do Sul;Rio Grande do Sul;93,7044297;7650;14;1920,1;N
4300661;430066;André da Rocha;Rio Grande do Sul;331,2081930;1135;1;1920,1;N
4300703;430070;Anta Gorda;Rio Grande do Sul;242,0995828;5957;1;1920,1;N
4300802;430080;Antônio Prado;Rio Grande do Sul;347,5412067;13045;1;1920,1;N
4300851;430085;Arambaré;Rio Grande do Sul;518,1927499;4112;1;1920,1;N
4300877;430087;Araricá;Rio Grande do Sul;35,3908947;8525;0;1920,1;N
4300901;430090;Aratiba;Rio Grande do Sul;342,2785630;6483;5;1920,1;N
4301008;430100;Arroio do Meio;Rio Grande do Sul;157,0875182;21958;1;1920,1;N
4301057;430105;Arroio do Sal;Rio Grande do Sul;119,1603508;11057;0;1920,1;N
4301073;430107;Arroio do Padre;Rio Grande do Sul;124,6927136;2599;0;1920,1;N
4301107;430110;Arroio dos Ratos;Rio Grande do Sul;425,7911866;14601;3;1920,1;N
4301206;430120;Arroio do Tigre;Rio Grande do Sul;315,1316650;12058;0;1920,1;N
4301305;430130;Arroio Grande;Rio Grande do Sul;2508,5574242;17558;0;1920,1;N
4301404;430140;Arvorezinha;Rio Grande do Sul;269,3102574;10322;0;1920,1;N
4301503;430150;Augusto Pestana;Rio Grande do Sul;348,2313043;7149;0;1920,1;N
4301552;430155;Áurea;Rio Grande do Sul;156,7271790;3396;0;1920,1;N
4301602;430160;Bagé;Rio Grande do Sul;4090,3598715;117938;0;1878,0;S
4301636;430163;Balneário Pinhal;Rio Grande do Sul;102,3870270;14955;0;1920,1;N
4301651;430165;Barão;Rio Grande do Sul;124,7571227;6461;0;1920,1;N
4301701;430170;Barão de Cotegipe;Rio Grande do Sul;260,5046827;7144;0;1920,1;N
4301750;430175;Barão do Triunfo;Rio Grande do Sul;436,1007073;5889;0;1920,1;N
4301800;430180;Barracão;Rio Grande do Sul;515,4690776;4831;0;1920,1;N
4301859;430185;Barra do Guarita;Rio Grande do Sul;62,8014336;3161;0;1920,1;N
4301875;430187;Barra do Quaraí;Rio Grande do Sul;1055,9365918;4241;1;1920,1;N
4301909;430190;Barra do Ribeiro;Rio Grande do Sul;729,3157833;12225;4;1920,1;N
4301925;430192;Barra do Rio Azul;Rio Grande do Sul;146,9946746;1696;1;1920,1;N
4301958;430195;Barra Funda;Rio Grande do Sul;60,4366129;2498;7;1920,1;N
4302006;430200;Barros Cassal;Rio Grande do Sul;647,9937248;9296;2;1920,1;N
4302055;430205;Benjamin Constant do Sul;Rio Grande do Sul;132,3507469;2082;1;1920,1;N
4302105;430210;Bento Gonçalves;Rio Grande do Sul;272,2874352;123151;14;2358,2;S
4302154;430215;Boa Vista das Missões;Rio Grande do Sul;196,0636595;1933;0;1920,1;N
4302204;430220;Boa Vista do Buricá;Rio Grande do Sul;109,5410981;6966;0;1920,1;N
4302220;430222;Boa Vista do Cadeado;Rio Grande do Sul;701,2206209;2229;1;1920,1;N
4302238;430223;Boa Vista do Incra;Rio Grande do Sul;504,1135127;2271;3;1920,1;N
4302253;430225;Boa Vista do Sul;Rio Grande do Sul;94,3986436;2779;0;1920,1;N
4302303;430230;Bom Jesus;Rio Grande do Sul;2622,8366863;11202;0;1920,1;N
4302352;430235;Bom Princípio;Rio Grande do Sul;88,6601294;13142;2;1920,1;N
4302378;430237;Bom Progresso;Rio Grande do Sul;89,2064207;2096;0;1920,1;N
4302402;430240;Bom Retiro do Sul;Rio Grande do Sul;102,5395949;12294;1;1920,1;N
4302451;430245;Boqueirão do Leão;Rio Grande do Sul;265,9517733;6247;0;1920,1;N
4302501;430250;Bossoroca;Rio Grande do Sul;1610,0564819;5890;0;1920,1;N
4302584;430258;Bozano;Rio Grande do Sul;200,4970658;2151;0;1920,1;N
4302600;430260;Braga;Rio Grande do Sul;132,0442066;3268;1;1920,1;N
4302659;430265;Brochier;Rio Grande do Sul;105,3527157;4966;1;1920,1;N
4302709;430270;Butiá;Rio Grande do Sul;752,1866209;19084;7;1920,1;N
4302808;430280;Caçapava do Sul;Rio Grande do Sul;3048,1466099;32515;3;2325,2;S
4302907;430290;Cacequi;Rio Grande do Sul;2373,5068091;11157;3;1920,1;N
4303004;430300;Cachoeira do Sul;Rio Grande do Sul;3736,0643114;80070;10;1920,1;N
4303103;430310;Cachoeirinha;Rio Grande do Sul;43,7775313;136258;30;1920,1;N
4303202;430320;Cacique Doble;Rio Grande do Sul;204,0547025;4603;0;1920,1;N
4303301;430330;Caibaté;Rio Grande do Sul;261,3028064;4704;0;1920,1;N
4303400;430340;Caiçara;Rio Grande do Sul;189,1603702;4836;2;1920,1;N
4303509;430350;Camaquã;Rio Grande do Sul;1680,1676900;62200;0;1701,4;S
4303558;430355;Camargo;Rio Grande do Sul;138,0685809;2981;0;1920,1;N
4303608;430360;Cambará do Sul;Rio Grande do Sul;1181,8113682;6361;0;2193,6;S
4303673;430367;Campestre da Serra;Rio Grande do Sul;538,4873722;3242;1;1920,1;N
4303707;430370;Campina das Missões;Rio Grande do Sul;224,8013925;5882;0;1920,1;N
4303806;430380;Campinas do Sul;Rio Grande do Sul;276,1621489;5284;12;1920,1;N
4303905;430390;Campo Bom;Rio Grande do Sul;60,5788565;62886;41;2128,2;S
4304002;430400;Campo Novo;Rio Grande do Sul;220,7188093;4975;0;1920,1;N
4304101;430410;Campos Borges;Rio Grande do Sul;226,2020152;3613;0;1920,1;N
4304200;430420;Candelária;Rio Grande do Sul;944,7351171;28906;12;1920,1;N
4304309;430430;Cândido Godói;Rio Grande do Sul;247,0471878;6294;0;1920,1;N
4304358;430435;Candiota;Rio Grande do Sul;933,6277424;10710;0;1920,1;N
4304408;430440;Canela;Rio Grande do Sul;253,0024251;48946;3;3310,2;S
4304507;430450;Canguçu;Rio Grande do Sul;3526,3903792;49680;1;1796,2;S
4304606;430460;Canoas;Rio Grande do Sul;130,7885626;347657;30;1920,1;N
4304614;430461;Canudos do Vale;Rio Grande do Sul;82,9080018;1656;0;1920,1;N
4304622;430462;Capão Bonito do Sul;Rio Grande do Sul;526,8495951;1733;0;1920,1;N
4304630;430463;Capão da Canoa;Rio Grande do Sul;98,3825273;63594;6;1920,1;N
4304655;430465;Capão do Cipó;Rio Grande do Sul;1007,7964203;3119;0;1920,1;N
4304663;430466;Capão do Leão;Rio Grande do Sul;783,1963794;26487;1;1911,8;S
4304671;430467;Capivari do Sul;Rio Grande do Sul;412,8893918;3991;0;1920,1;N
4304689;430468;Capela de Santana;Rio Grande do Sul;182,7564786;11159;2;1920,1;N
4304697;430469;Capitão;Rio Grande do Sul;73,9670910;2921;1;1920,1;N
4304705;430470;Carazinho;Rio Grande do Sul;666,6937873;61804;47;1920,1;N
4304713;430471;Caraá;Rio Grande do Sul;294,6063546;7394;0;1920,1;N
4304804;430480;Carlos Barbosa;Rio Grande do Sul;230,0614384;30420;3;1920,1;N
4304853;430485;Carlos Gomes;Rio Grande do Sul;83,1546307;1368;1;1920,1;N
4304903;430490;Casca;Rio Grande do Sul;272,0408731;9465;0;1920,1;N
4304952;430495;Caseiros;Rio Grande do Sul;235,8633105;3000;0;1920,1;N
4305009;430500;Catuípe;Rio Grande do Sul;583,1842300;8674;4;1920,1;N
4305108;430510;Caxias do Sul;Rio Grande do Sul;1652,3195490;463501;6;1920,1;N
4305116;430511;Centenário;Rio Grande do Sul;134,2300237;2721;1;1920,1;N
4305124;430512;Cerrito;Rio Grande do Sul;451,6985151;5808;0;1920,1;N
4305132;430513;Cerro Branco;Rio Grande do Sul;158,0245297;3802;1;1920,1;N
4305157;430515;Cerro Grande;Rio Grande do Sul;73,4376826;2379;0;1920,1;N
4305173;430517;Cerro Grande do Sul;Rio Grande do Sul;324,9076889;9178;0;1920,1;N
4305207;430520;Cerro Largo;Rio Grande do Sul;176,6435459;13705;4;1920,1;N
4305306;430530;Chapada;Rio Grande do Sul;684,2465085;9540;0;1920,1;N
4305355;430535;Charqueadas;Rio Grande do Sul;217,3617795;35012;5;1920,1;N
4305371;430537;Charrua;Rio Grande do Sul;198,7478596;2768;1;1920,1;N
4305405;430540;Chiapetta;Rio Grande do Sul;397,1793244;3913;1;1920,1;N
4305439;430543;Chuí;Rio Grande do Sul;202,3868632;6262;0;1920,1;N
4305447;430544;Chuvisca;Rio Grande do Sul;220,4713725;4597;0;1920,1;N
4305454;430545;Cidreira;Rio Grande do Sul;243,4193123;17071;2;1920,1;N
4305504;430550;Ciríaco;Rio Grande do Sul;274,3495885;4149;0;1920,1;N
4305587;430558;Colinas;Rio Grande do Sul;60,7319533;2423;1;1920,1;N
4305603;430560;Colorado;Rio Grande do Sul;286,2946904;3258;1;1920,1;N
4305702;430570;Condor;Rio Grande do Sul;463,5678035;6406;6;1920,1;N
4305801;430580;Constantina;Rio Grande do Sul;203,6135235;10385;0;1920,1;N
4305835;430583;Coqueiro Baixo;Rio Grande do Sul;112,6383186;1290;0;1920,1;N
4305850;430585;Coqueiros do Sul;Rio Grande do Sul;277,1470074;2211;0;1920,1;N
4305871;430587;Coronel Barros;Rio Grande do Sul;163,6835926;2822;2;1920,1;N
4305900;430590;Coronel Bicaco;Rio Grande do Sul;492,3031187;6144;8;1920,1;N
4305934;430593;Coronel Pilar;Rio Grande do Sul;105,6684031;1607;1;1920,1;N
4305959;430595;Cotiporã;Rio Grande do Sul;173,2074067;3846;0;1920,1;N
4305975;430597;Coxilha;Rio Grande do Sul;422,1012477;2667;0;1920,1;N
4306007;430600;Crissiumal;Rio Grande do Sul;362,1940224;12886;2;1920,1;N
4306056;430605;Cristal;Rio Grande do Sul;682,0000128;7299;0;1920,1;N
4306072;430607;Cristal do Sul;Rio Grande do Sul;97,0771745;2692;0;1920,1;N
4306106;430610;Cruz Alta;Rio Grande do Sul;1360,5476944;58913;13;1888,0;S
4306130;430613;Cruzaltense;Rio Grande do Sul;166,8826844;1635;1;1920,1;N
4306205;430620;Cruzeiro do Sul;Rio Grande do Sul;155,0583032;11600;1;1920,1;N
4306304;430630;David Canabarro;Rio Grande do Sul;174,7342420;4321;0;1920,1;N
4306320;430632;Derrubadas;Rio Grande do Sul;360,8505969;2751;0;1920,1;N
4306353;430635;Dezesseis de Novembro;Rio Grande do Sul;217,3628777;2507;0;1920,1;N
4306379;430637;Dilermando de Aguiar;Rio Grande do Sul;600,5180728;2806;0;1920,1;N
4306403;430640;Dois Irmãos;Rio Grande do Sul;66,1139765;30709;35;1920,1;N
4306429;430642;Dois Irmãos das Missões;Rio Grande do Sul;226,0722733;2090;0;1920,1;N
4306452;430645;Dois Lajeados;Rio Grande do Sul;133,5347898;3097;0;1920,1;N
4306502;430650;Dom Feliciano;Rio Grande do Sul;1355,1949642;13051;0;1920,1;N
4306551;430655;Dom Pedro de Alcântara;Rio Grande do Sul;78,2160431;2562;1;1920,1;N
4306601;430660;Dom Pedrito;Rio Grande do Sul;5194,0513763;36981;2;1861,6;S
4306700;430670;Dona Francisca;Rio Grande do Sul;114,1490178;3079;1;1920,1;N
4306734;430673;Doutor Maurício Cardoso;Rio Grande do Sul;255,7314802;4470;1;1920,1;N
4306759;430675;Doutor Ricardo;Rio Grande do Sul;107,9603984;1888;0;1920,1;N
4306767;430676;Eldorado do Sul;Rio Grande do Sul;509,6144917;39559;12;1920,1;N
4306809;430680;Encantado;Rio Grande do Sul;140,0062989;22962;3;1920,1;N
4306908;430690;Encruzilhada do Sul;Rio Grande do Sul;3347,8612306;23819;1;1278,8;S
4306924;430692;Engenho Velho;Rio Grande do Sul;71,1910715;1296;0;1920,1;N
4306932;430693;Entre-Ijuís;Rio Grande do Sul;552,9860995;9158;4;1920,1;N
4306957;430695;Entre Rios do Sul;Rio Grande do Sul;119,9123405;2685;0;1920,1;N
4306973;430697;Erebango;Rio Grande do Sul;152,7928809;3054;0;1920,1;N
4307005;430700;Erechim;Rio Grande do Sul;429,1642772;105705;21;2246,2;S
4307054;430705;Ernestina;Rio Grande do Sul;238,5584513;3034;1;1920,1;N
4307104;430710;Herval;Rio Grande do Sul;1759,7173373;6191;0;1920,1;N
4307203;430720;Erval Grande;Rio Grande do Sul;285,6772664;4930;1;1920,1;N
4307302;430730;Erval Seco;Rio Grande do Sul;357,1808403;6787;0;1920,1;N
4307401;430740;Esmeralda;Rio Grande do Sul;829,5871072;3195;0;1920,1;N
4307450;430745;Esperança do Sul;Rio Grande do Sul;148,9093002;3226;0;1920,1;N
4307500;430750;Espumoso;Rio Grande do Sul;783,6419471;15173;2;1920,1;N
4307559;430755;Estação;Rio Grande do Sul;99,7573455;5582;1;1920,1;N
4307609;430760;Estância Velha;Rio Grande do Sul;51,7790563;47924;136;1920,1;N
4307708;430770;Esteio;Rio Grande do Sul;27,6763486;76137;18;1920,1;N
4307807;430780;Estrela;Rio Grande do Sul;185,0262325;32183;2;1920,1;N
4307815;430781;Estrela Velha;Rio Grande do Sul;281,6125405;3070;2;1920,1;N
4307831;430783;Eugênio de Castro;Rio Grande do Sul;418,0687624;2633;0;1920,1;N
4307864;430786;Fagundes Varela;Rio Grande do Sul;134,2951454;2566;0;1920,1;N
4307906;430790;Farroupilha;Rio Grande do Sul;361,3412387;70286;0;1920,1;N
4308003;430800;Faxinal do Soturno;Rio Grande do Sul;169,5142014;6702;0;1920,1;N
4308052;430805;Faxinalzinho;Rio Grande do Sul;143,3207513;2520;0;1920,1;N
4308078;430807;Fazenda Vilanova;Rio Grande do Sul;84,7940159;4291;1;1920,1;N
4308102;430810;Feliz;Rio Grande do Sul;94,8317772;13764;3;1920,1;N
4308201;430820;Flores da Cunha;Rio Grande do Sul;276,2412180;30892;0;1920,1;N
4308250;430825;Floriano Peixoto;Rio Grande do Sul;168,5214119;1668;2;1920,1;N
4308300;430830;Fontoura Xavier;Rio Grande do Sul;583,2389225;9550;1;1920,1;N
4308409;430840;Formigueiro;Rio Grande do Sul;578,8748721;6413;0;1920,1;N
4308433;430843;Forquetinha;Rio Grande do Sul;93,2746589;2393;0;1920,1;N
4308458;430845;Fortaleza dos Valos;Rio Grande do Sul;650,5124040;4477;0;1920,1;N
4308508;430850;Frederico Westphalen;Rio Grande do Sul;265,1810882;32627;8;1924,8;S
4308607;430860;Garibaldi;Rio Grande do Sul;168,4917999;34335;2;1920,1;N
4308656;430865;Garruchos;Rio Grande do Sul;803,7369778;2688;0;1920,1;N
4308706;430870;Gaurama;Rio Grande do Sul;204,4283462;5665;1;1920,1;N
4308805;430880;General Câmara;Rio Grande do Sul;510,0096193;7612;0;1920,1;N
4308854;430885;Gentil;Rio Grande do Sul;184,7153102;1744;0;1920,1;N
4308904;430890;Getúlio Vargas;Rio Grande do Sul;287,4660721;16602;2;1920,1;N
4309001;430900;Giruá;Rio Grande do Sul;857,0588321;16013;2;1920,1;N
4309050;430905;Glorinha;Rio Grande do Sul;323,9553825;7658;0;1920,1;N
4309100;430910;Gramado;Rio Grande do Sul;239,3409471;40134;8;1920,1;N
4309126;430912;Gramado dos Loureiros;Rio Grande do Sul;131,3955815;2014;0;1920,1;N
4309159;430915;Gramado Xavier;Rio Grande do Sul;217,5155033;3304;0;1920,1;N
4309209;430920;Gravataí;Rio Grande do Sul;468,2878987;265074;22;1920,1;N
4309258;430925;Guabiju;Rio Grande do Sul;146,9252435;1417;0;1920,1;N
4309308;430930;Guaíba;Rio Grande do Sul;376,1660720;92924;4;1920,1;N
4309407;430940;Guaporé;Rio Grande do Sul;297,5452333;25268;152;1920,1;N
4309506;430950;Guarani das Missões;Rio Grande do Sul;290,6998284;7415;0;1920,1;N
4309555;430955;Harmonia;Rio Grande do Sul;48,5570122;5378;2;1920,1;N
4309571;430957;Herveiras;Rio Grande do Sul;118,2608642;2565;0;1920,1;N
4309605;430960;Horizontina;Rio Grande do Sul;229,6939651;18851;9;1920,1;N
4309654;430965;Hulha Negra;Rio Grande do Sul;822,6076757;5976;0;1920,1;N
4309704;430970;Humaitá;Rio Grande do Sul;135,0104858;4681;0;1920,1;N
4309753;430975;Ibarama;Rio Grande do Sul;195,4263521;3732;0;1920,1;N
4309803;430980;Ibiaçá;Rio Grande do Sul;348,7783873;4527;0;1920,1;N
4309902;430990;Ibiraiaras;Rio Grande do Sul;292,1595617;6776;0;1920,1;N
4309951;430995;Ibirapuitã;Rio Grande do Sul;307,1637754;3723;1;1920,1;N
4310009;431000;Ibirubá;Rio Grande do Sul;607,1850659;21583;2;2259,4;S
4310108;431010;Igrejinha;Rio Grande do Sul;138,3026413;32808;13;1920,1;N
4310207;431020;Ijuí;Rio Grande do Sul;688,9821781;84780;23;1920,1;N
4310306;431030;Ilópolis;Rio Grande do Sul;123,6020031;4157;0;1920,1;N
4310330;431033;Imbé;Rio Grande do Sul;39,7656270;26824;1;1920,1;N
4310363;431036;Imigrante;Rio Grande do Sul;71,7163762;3080;0;1920,1;N
4310405;431040;Independência;Rio Grande do Sul;358,2835002;6427;0;1920,1;N
4310413;431041;Inhacorá;Rio Grande do Sul;113,7489809;2014;2;1920,1;N
4310439;431043;Ipê;Rio Grande do Sul;599,0319587;5399;0;1920,1;N
4310462;431046;Ipiranga do Sul;Rio Grande do Sul;158,7098826;1720;0;1920,1;N
4310504;431050;Iraí;Rio Grande do Sul;181,5792479;7482;25;1920,1;N
4310538;431053;Itaara;Rio Grande do Sul;172,8010106;5572;0;1920,1;N
4310553;431055;Itacurubi;Rio Grande do Sul;1120,8736112;2995;0;1920,1;N
4310579;431057;Itapuca;Rio Grande do Sul;184,6732295;1937;0;1920,1;N
4310603;431060;Itaqui;Rio Grande do Sul;3406,6059289;35768;0;1920,1;N
4310652;431065;Itati;Rio Grande do Sul;205,0596710;2638;0;1920,1;N
4310702;431070;Itatiba do Sul;Rio Grande do Sul;212,6685119;3208;0;1920,1;N
4310751;431075;Ivorá;Rio Grande do Sul;122,9296760;1929;0;1920,1;N
4310801;431080;Ivoti;Rio Grande do Sul;63,0919210;22983;10;1920,1;N
4310850;431085;Jaboticaba;Rio Grande do Sul;127,5891303;3779;1;1920,1;N
4310876;431087;Jacuizinho;Rio Grande do Sul;339,3990535;2040;1;1920,1;N
4310900;431090;Jacutinga;Rio Grande do Sul;178,0091849;3338;152;1920,1;N
4311007;431100;Jaguarão;Rio Grande do Sul;2051,8452283;26603;1;2077,8;S
4311106;431110;Jaguari;Rio Grande do Sul;675,3143789;10579;0;1920,1;N
4311122;431112;Jaquirana;Rio Grande do Sul;908,8785162;3690;0;1920,1;N
4311130;431113;Jari;Rio Grande do Sul;853,0800515;3349;0;1920,1;N
4311155;431115;Jóia;Rio Grande do Sul;1238,9178390;7184;1;1920,1;N
4311205;431120;Júlio de Castilhos;Rio Grande do Sul;1929,5442214;18226;1;1920,1;N
4311239;431123;Lagoa Bonita do Sul;Rio Grande do Sul;109,7579003;2251;0;1920,1;N
4311254;431125;Lagoão;Rio Grande do Sul;387,4856827;5341;0;1920,1;N
4311270;431127;Lagoa dos Três Cantos;Rio Grande do Sul;138,6015262;1738;1;1920,1;N
4311304;431130;Lagoa Vermelha;Rio Grande do Sul;1260,2271191;27659;0;1864,2;S
4311403;431140;Lajeado;Rio Grande do Sul;91,2309011;93646;8;1920,1;N
4311429;431142;Lajeado do Bugre;Rio Grande do Sul;67,9471386;2601;0;1920,1;N
4311502;431150;Lavras do Sul;Rio Grande do Sul;2600,9694652;7157;0;1920,1;N
4311601;431160;Liberato Salzano;Rio Grande do Sul;245,6268871;4781;6;1920,1;N
4311627;431162;Lindolfo Collor;Rio Grande do Sul;33,3510993;6248;0;1920,1;N
4311643;431164;Linha Nova;Rio Grande do Sul;63,5018666;1683;3;1920,1;N
4311700;431170;Machadinho;Rio Grande do Sul;335,1980647;5735;2;1920,1;N
4311718;431171;Maçambará;Rio Grande do Sul;1682,8203045;4425;1;1920,1;N
4311734;431173;Mampituba;Rio Grande do Sul;156,6533458;3131;0;1920,1;N
4311759;431175;Manoel Viana;Rio Grande do Sul;1390,6961730;6801;2;1920,1;N
4311775;431177;Maquiné;Rio Grande do Sul;613,5800604;7418;0;1920,1;N
4311791;431179;Maratá;Rio Grande do Sul;82,0626088;2470;1;1920,1;N
4311809;431180;Marau;Rio Grande do Sul;649,7696676;45124;4;1920,1;N
4311908;431190;Marcelino Ramos;Rio Grande do Sul;229,7594114;4320;0;1920,1;N
4311981;431198;Mariana Pimentel;Rio Grande do Sul;338,4504272;3916;0;1920,1;N
4312005;431200;Mariano Moro;Rio Grande do Sul;98,7274002;1858;0;1920,1;N
4312054;431205;Marques de Souza;Rio Grande do Sul;125,7137516;3969;0;1920,1;N
4312104;431210;Mata;Rio Grande do Sul;316,1207150;4698;1;1920,1;N
4312138;431213;Mato Castelhano;Rio Grande do Sul;238,2684068;2553;0;1920,1;N
4312153;431215;Mato Leitão;Rio Grande do Sul;46,7985392;4859;1;1920,1;N
4312179;431217;Mato Queimado;Rio Grande do Sul;114,6525736;1795;0;1920,1;N
4312203;431220;Maximiliano de Almeida;Rio Grande do Sul;208,4389746;4191;1;1920,1;N
4312252;431225;Minas do Leão;Rio Grande do Sul;424,3389387;7505;1;1920,1;N
4312302;431230;Miraguaí;Rio Grande do Sul;131,2357642;4427;0;1920,1;N
4312351;431235;Montauri;Rio Grande do Sul;82,2301862;1499;0;1920,1;N
4312377;431237;Monte Alegre dos Campos;Rio Grande do Sul;549,4552732;3180;0;1920,1;N
4312385;431238;Monte Belo do Sul;Rio Grande do Sul;69,7263003;2557;0;1920,1;N
4312401;431240;Montenegro;Rio Grande do Sul;425,0233043;64322;21;1920,1;N
4312427;431242;Mormaço;Rio Grande do Sul;146,1906214;2756;0;1920,1;N
4312443;431244;Morrinhos do Sul;Rio Grande do Sul;166,2241664;3071;0;1920,1;N
4312450;431245;Morro Redondo;Rio Grande do Sul;244,6448484;6046;0;1920,1;N
4312476;431247;Morro Reuter;Rio Grande do Sul;89,4118448;6029;1;1920,1;N
4312500;431250;Mostardas;Rio Grande do Sul;1977,4417758;12090;0;121,6;S
4312609;431260;Muçum;Rio Grande do Sul;111,2469650;4601;0;1920,1;N
4312617;431261;Muitos Capões;Rio Grande do Sul;1193,2301190;2879;1;1920,1;N
4312625;431262;Muliterno;Rio Grande do Sul;111,1323399;1721;1;1920,1;N
4312658;431265;Não-Me-Toque;Rio Grande do Sul;361,6890090;17898;2;1920,1;N
4312674;431267;Nicolau Vergueiro;Rio Grande do Sul;154,9945214;1932;0;1920,1;N
4312708;431270;Nonoai;Rio Grande do Sul;468,9624143;13719;3;1920,1;N
4312757;431275;Nova Alvorada;Rio Grande do Sul;148,8606283;3163;0;1920,1;N
4312807;431280;Nova Araçá;Rio Grande do Sul;75,5135766;4954;0;1920,1;N
4312906;431290;Nova Bassano;Rio Grande do Sul;211,6111706;9649;0;1920,1;N
4312955;431295;Nova Boa Vista;Rio Grande do Sul;93,7329014;2042;0;1920,1;N
4313003;431300;Nova Bréscia;Rio Grande do Sul;102,9943993;3044;0;1920,1;N
4313011;431301;Nova Candelária;Rio Grande do Sul;97,5791295;3061;0;1920,1;N
4313037;431303;Nova Esperança do Sul;Rio Grande do Sul;190,9996926;4865;0;1920,1;N
4313060;431306;Nova Hartz;Rio Grande do Sul;62,3194639;20088;2;1920,1;N
4313086;431308;Nova Pádua;Rio Grande do Sul;102,6434738;2343;0;1920,1;N
4313102;431310;Nova Palma;Rio Grande do Sul;314,6128476;5586;0;1920,1;N
4313201;431320;Nova Petrópolis;Rio Grande do Sul;290,1641500;23300;5;1920,1;N
4313300;431330;Nova Prata;Rio Grande do Sul;259,9410953;25692;2;1920,1;N
4313334;431333;Nova Ramada;Rio Grande do Sul;255,2644510;2163;0;1920,1;N
4313359;431335;Nova Roma do Sul;Rio Grande do Sul;149,7668749;3466;1;1920,1;N
4313375;431337;Nova Santa Rita;Rio Grande do Sul;218,1533062;29024;5;1920,1;N
4313391;431339;Novo Cabrais;Rio Grande do Sul;192,9981482;3568;0;1920,1;N
4313409;431340;Novo Hamburgo;Rio Grande do Sul;222,5359760;227646;1163;1920,1;N
4313425;431342;Novo Machado;Rio Grande do Sul;218,8358131;3198;0;1920,1;N
4313441;431344;Novo Tiradentes;Rio Grande do Sul;75,4278744;2146;0;1920,1;N
4313466;431346;Novo Xingu;Rio Grande do Sul;79,8507870;1646;1;1920,1;N
4313490;431349;Novo Barreiro;Rio Grande do Sul;123,3441384;4272;0;1920,1;N
4313508;431350;Osório;Rio Grande do Sul;663,8777526;47396;1;1920,1;N
4313607;431360;Paim Filho;Rio Grande do Sul;182,1153655;3629;0;1920,1;N
4313656;431365;Palmares do Sul;Rio Grande do Sul;949,2009520;12844;0;1920,1;N
4313706;431370;Palmeira das Missões;Rio Grande do Sul;1421,1012821;33216;5;2236,0;S
4313805;431380;Palmitinho;Rio Grande do Sul;144,1813951;7839;0;1920,1;N
4313904;431390;Panambi;Rio Grande do Sul;491,5699198;43515;5;1920,1;N
4313953;431395;Pantano Grande;Rio Grande do Sul;841,2253154;10212;0;1920,1;N
4314001;431400;Paraí;Rio Grande do Sul;121,7450985;7194;1;1920,1;N
4314027;431402;Paraíso do Sul;Rio Grande do Sul;337,5338785;6519;0;1920,1;N
4314035;431403;Pareci Novo;Rio Grande do Sul;57,4845748;4319;0;1920,1;N
4314050;431405;Parobé;Rio Grande do Sul;108,7072018;52058;3;1920,1;N
4314068;431406;Passa Sete;Rio Grande do Sul;304,2658148;3983;1;1920,1;N
4314076;431407;Passo do Sobrado;Rio Grande do Sul;265,1333305;6025;1;1920,1;N
4314100;431410;Passo Fundo;Rio Grande do Sul;784,4064883;206215;18;2397,6;S
4314134;431413;Paulo Bento;Rio Grande do Sul;149,6690480;2144;1;1920,1;N
4314159;431415;Paverama;Rio Grande do Sul;171,8633697;7978;0;1920,1;N
4314175;431417;Pedras Altas;Rio Grande do Sul;1373,9850670;2061;0;1920,1;N
4314209;431420;Pedro Osório;Rio Grande do Sul;603,7567646;7484;0;1920,1;N
4314308;431430;Pejuçara;Rio Grande do Sul;414,1058767;3745;0;1920,1;N
4314407;431440;Pelotas;Rio Grande do Sul;1608,7797433;325685;33;1920,1;N
4314423;431442;Picada Café;Rio Grande do Sul;84,2804188;5351;3;1920,1;N
4314456;431445;Pinhal;Rio Grande do Sul;68,2218462;2959;1;1920,1;N
4314464;431446;Pinhal da Serra;Rio Grande do Sul;438,1096188;2248;0;1920,1;N
4314472;431447;Pinhal Grande;Rio Grande do Sul;478,1101264;3805;0;1920,1;N
4314498;431449;Pinheirinho do Vale;Rio Grande do Sul;105,3852941;4540;0;1920,1;N
4314506;431450;Pinheiro Machado;Rio Grande do Sul;2249,1755587;11214;0;1920,1;N
4314548;431454;Pinto Bandeira;Rio Grande do Sul;104,8010338;2723;0;1920,1;N
4314555;431455;Pirapó;Rio Grande do Sul;293,7232538;2260;1;1920,1;N
4314605;431460;Piratini;Rio Grande do Sul;3538,3003074;17504;2;1920,1;N
4314704;431470;Planalto;Rio Grande do Sul;228,5516117;10406;4;1920,1;N
4314753;431475;Poço das Antas;Rio Grande do Sul;67,6182257;2171;0;1920,1;N
4314779;431477;Pontão;Rio Grande do Sul;502,7094483;3296;0;1920,1;N
4314787;431478;Ponte Preta;Rio Grande do Sul;99,5044207;1575;3;1920,1;N
4314803;431480;Portão;Rio Grande do Sul;159,2984984;34071;14;1920,1;N
4314902;431490;Porto Alegre;Rio Grande do Sul;495,3901657;1332845;3850;1989,4;S
4315008;431500;Porto Lucena;Rio Grande do Sul;250,8756194;4360;0;1920,1;N
4315057;431505;Porto Mauá;Rio Grande do Sul;105,8106798;2142;0;1920,1;N
4315073;431507;Porto Vera Cruz;Rio Grande do Sul;114,2839193;1560;0;1920,1;N
4315107;431510;Porto Xavier;Rio Grande do Sul;281,4966426;9938;0;1920,1;N
4315131;431513;Pouso Novo;Rio Grande do Sul;105,3382408;1739;0;1920,1;N
4315149;431514;Presidente Lucena;Rio Grande do Sul;49,6278407;3077;3;1920,1;N
4315156;431515;Progresso;Rio Grande do Sul;256,0389037;5340;1;1920,1;N
4315172;431517;Protásio Alves;Rio Grande do Sul;171,9940784;2025;0;1920,1;N
4315206;431520;Putinga;Rio Grande do Sul;216,1594826;3747;0;1920,1;N
4315305;431530;Quaraí;Rio Grande do Sul;3139,9948044;23500;1;1764,4;S
4315313;431531;Quatro Irmãos;Rio Grande do Sul;268,9706246;1552;1;1920,1;N
4315321;431532;Quevedos;Rio Grande do Sul;543,3589740;2507;0;1920,1;N
4315354;431535;Quinze de Novembro;Rio Grande do Sul;223,0721360;3910;1;1920,1;N
4315404;431540;Redentora;Rio Grande do Sul;303,7051256;9738;1;1920,1;N
4315453;431545;Relvado;Rio Grande do Sul;108,1881560;1796;0;1920,1;N
4315503;431550;Restinga Sêca;Rio Grande do Sul;968,6204652;14939;0;1920,1;N
4315552;431555;Rio dos Índios;Rio Grande do Sul;235,8542244;2835;0;1920,1;N
4315602;431560;Rio Grande;Rio Grande do Sul;2682,8669237;191900;3;1871,6;S
4315701;431570;Rio Pardo;Rio Grande do Sul;2051,1115672;34654;6;2121,8;S
4315750;431575;Riozinho;Rio Grande do Sul;239,0904384;4473;0;1920,1;N
4315800;431580;Roca Sales;Rio Grande do Sul;208,1080803;10418;1;1920,1;N
4315909;431590;Rodeio Bonito;Rio Grande do Sul;83,2777959;6654;0;1920,1;N
4315958;431595;Rolador;Rio Grande do Sul;295,3264936;2291;0;1920,1;N
4316006;431600;Rolante;Rio Grande do Sul;296,0903794;21253;3;1920,1;N
4316105;431610;Ronda Alta;Rio Grande do Sul;418,6746630;9777;0;1920,1;N
4316204;431620;Rondinha;Rio Grande do Sul;252,4537434;4991;1;1920,1;N
4316303;431630;Roque Gonzales;Rio Grande do Sul;349,0743102;6576;0;1920,1;N
4316402;431640;Rosário do Sul;Rio Grande do Sul;4343,6559177;36630;2;1920,1;N
4316428;431642;Sagrada Família;Rio Grande do Sul;77,8891597;2480;14;1920,1;N
4316436;431643;Saldanha Marinho;Rio Grande do Sul;221,5538307;2575;3;1920,1;N
4316451;431645;Salto do Jacuí;Rio Grande do Sul;507,6981673;10203;2;1920,1;N
4316477;431647;Salvador das Missões;Rio Grande do Sul;94,3119650;2877;0;1920,1;N
4316501;431650;Salvador do Sul;Rio Grande do Sul;99,1565344;6879;0;1920,1;N
4316600;431660;Sananduva;Rio Grande do Sul;504,4383238;16399;0;1920,1;N
4316709;431670;Santa Bárbara do Sul;Rio Grande do Sul;975,7986483;8122;0;1920,1;N
4316733;431673;Santa Cecília do Sul;Rio Grande do Sul;200,0558112;1674;0;1920,1;N
4316758;431675;Santa Clara do Sul;Rio Grande do Sul;86,4418257;6887;3;1920,1;N
4316808;431680;Santa Cruz do Sul;Rio Grande do Sul;733,8977994;133230;31;1920,1;N
4316907;431690;Santa Maria;Rio Grande do Sul;1780,1935733;271735;129;2204,2;S
4316956;431695;Santa Maria do Herval;Rio Grande do Sul;140,4367586;6340;1;1920,1;N
4316972;431697;Santa Margarida do Sul;Rio Grande do Sul;955,2990138;2596;0;1920,1;N
4317004;431700;Santana da Boa Vista;Rio Grande do Sul;1418,8051041;7024;1;1920,1;N
4317103;431710;Sant'Ana do Livramento;Rio Grande do Sul;6946,4069410;84421;1;1920,1;N
4317202;431720;Santa Rosa;Rio Grande do Sul;489,3800269;76963;14;1430,4;S
4317251;431725;Santa Tereza;Rio Grande do Sul;73,6689432;1505;0;1920,1;N
4317301;431730;Santa Vitória do Palmar;Rio Grande do Sul;5206,9769969;30983;1;1443,6;S
4317400;431740;Santiago;Rio Grande do Sul;2414,1952189;48938;0;2217,4;S
4317509;431750;Santo Ângelo;Rio Grande do Sul;679,3395557;76917;8;1920,1;N
4317558;431755;Santo Antônio do Palma;Rio Grande do Sul;126,0944139;2091;0;1920,1;N
4317608;431760;Santo Antônio da Patrulha;Rio Grande do Sul;1049,5832204;42947;0;1920,1;N
4317707;431770;Santo Antônio das Missões;Rio Grande do Sul;1710,8689510;10300;1;1920,1;N
4317756;431775;Santo Antônio do Planalto;Rio Grande do Sul;203,4401597;2089;4;1920,1;N
4317806;431780;Santo Augusto;Rio Grande do Sul;467,7747388;13902;1;2320,0;S
4317905;431790;Santo Cristo;Rio Grande do Sul;367,2021460;15320;2;1920,1;N
4317954;431795;Santo Expedito do Sul;Rio Grande do Sul;125,5953006;2349;0;1920,1;N
4318002;431800;São Borja;Rio Grande do Sul;3616,6900192;59676;5;1459,0;S
4318051;431805;São Domingos do Sul;Rio Grande do Sul;78,6702845;2754;1;1920,1;N
4318101;431810;São Francisco de Assis;Rio Grande do Sul;2506,9753709;17618;2;1920,1;N
4318200;431820;São Francisco de Paula;Rio Grande do Sul;3317,7941565;21893;0;1920,1;N
4318309;431830;São Gabriel;Rio Grande do Sul;5053,4601298;58487;7;1981,2;S
4318408;431840;São Jerônimo;Rio Grande do Sul;935,5955309;21028;1;1920,1;N
4318424;431842;São João da Urtiga;Rio Grande do Sul;171,0287695;4461;0;1920,1;N
4318432;431843;São João do Polêsine;Rio Grande do Sul;78,3197932;2649;1;1920,1;N
4318440;431844;São Jorge;Rio Grande do Sul;125,6201566;2912;0;1920,1;N
4318457;431845;São José das Missões;Rio Grande do Sul;98,1248703;2362;0;1920,1;N
4318465;431846;São José do Herval;Rio Grande do Sul;102,9118445;1902;0;1920,1;N
4318481;431848;São José do Hortêncio;Rio Grande do Sul;63,7086835;4447;0;1920,1;N
4318499;431849;São José do Inhacorá;Rio Grande do Sul;77,7320596;2406;0;1920,1;N
4318507;431850;São José do Norte;Rio Grande do Sul;1071,8244857;25443;0;1920,1;N
4318606;431860;São José do Ouro;Rio Grande do Sul;335,2873934;6834;0;1920,1;N
4318614;431861;São José do Sul;Rio Grande do Sul;54,7638464;2380;0;1920,1;N
4318622;431862;São José dos Ausentes;Rio Grande do Sul;1173,9066222;4172;0;669,6;S
4318705;431870;São Leopoldo;Rio Grande do Sul;103,0086587;217409;106;1920,1;N
4318804;431880;São Lourenço do Sul;Rio Grande do Sul;2036,1251391;41989;4;1920,1;N
4318903;431890;São Luiz Gonzaga;Rio Grande do Sul;1295,5219655;34752;0;1878,4;S
4319000;431900;São Marcos;Rio Grande do Sul;256,1588803;21084;1;1920,1;N
4319109;431910;São Martinho;Rio Grande do Sul;171,2449575;5481;0;1920,1;N
4319125;431912;São Martinho da Serra;Rio Grande do Sul;669,5472156;2860;1;1920,1;N
4319158;431915;São Miguel das Missões;Rio Grande do Sul;1228,4470950;7056;0;1920,1;N
4319208;431920;São Nicolau;Rio Grande do Sul;485,5876163;5118;1;1920,1;N
4319307;431930;São Paulo das Missões;Rio Grande do Sul;223,9422052;5846;0;1920,1;N
4319356;431935;São Pedro da Serra;Rio Grande do Sul;35,2066032;3548;0;1920,1;N
4319364;431936;São Pedro das Missões;Rio Grande do Sul;79,8940741;1757;1;1920,1;N
4319372;431937;São Pedro do Butiá;Rio Grande do Sul;107,5585021;3070;3;1920,1;N
4319406;431940;São Pedro do Sul;Rio Grande do Sul;873,3937090;15577;0;1920,1;N
4319505;431950;São Sebastião do Caí;Rio Grande do Sul;114,2931556;24428;2;1920,1;N
4319604;431960;São Sepé;Rio Grande do Sul;2204,7792588;21219;2;1920,1;N
4319703;431970;São Valentim;Rio Grande do Sul;154,4499586;3264;0;1920,1;N
4319711;431971;São Valentim do Sul;Rio Grande do Sul;91,8977747;2207;1;1920,1;N
4319737;431973;São Valério do Sul;Rio Grande do Sul;107,4020532;2543;0;1920,1;N
4319752;431975;São Vendelino;Rio Grande do Sul;31,9350126;2251;0;1920,1;N
4319802;431980;São Vicente do Sul;Rio Grande do Sul;1174,8223884;8097;0;1736,8;S
4319901;431990;Sapiranga;Rio Grande do Sul;136,4733471;75648;42;1920,1;N
4320008;432000;Sapucaia do Sul;Rio Grande do Sul;58,2468308;132107;15;1920,1;N
4320107;432010;Sarandi;Rio Grande do Sul;351,7175030;22851;6;1920,1;N
4320206;432020;Seberi;Rio Grande do Sul;300,8266745;11950;1;1920,1;N
4320230;432023;Sede Nova;Rio Grande do Sul;119,3117064;2704;0;1920,1;N
4320263;432026;Segredo;Rio Grande do Sul;245,1699955;6009;1;1920,1;N
4320305;432030;Selbach;Rio Grande do Sul;176,4704937;5107;0;1920,1;N
4320321;432032;Senador Salgado Filho;Rio Grande do Sul;147,0681433;2673;0;1920,1;N
4320354;432035;Sentinela do Sul;Rio Grande do Sul;282,1296878;5306;0;1920,1;N
4320404;432040;Serafina Corrêa;Rio Grande do Sul;163,3103566;16961;0;2702,4;S
4320453;432045;Sério;Rio Grande do Sul;98,1305300;1941;0;1920,1;N
4320503;432050;Sertão;Rio Grande do Sul;440,6308985;5541;1;1920,1;N
4320552;432055;Sertão Santana;Rio Grande do Sul;252,0125978;5863;1;1920,1;N
4320578;432057;Sete de Setembro;Rio Grande do Sul;129,2382624;1830;0;1920,1;N
4320602;432060;Severiano de Almeida;Rio Grande do Sul;167,5980674;3406;1;1920,1;N
4320651;432065;Silveira Martins;Rio Grande do Sul;119,2853241;2028;0;1920,1;N
4320677;432067;Sinimbu;Rio Grande do Sul;510,2129517;8578;3;1920,1;N
4320701;432070;Sobradinho;Rio Grande do Sul;128,8227931;14226;0;1920,1;N
4320800;432080;Soledade;Rio Grande do Sul;1215,0555962;29991;1;2256,4;S
4320859;432085;Tabaí;Rio Grande do Sul;94,7543515;4461;1;1920,1;N
4320909;432090;Tapejara;Rio Grande do Sul;238,0815414;24557;4;1920,1;N
4321006;432100;Tapera;Rio Grande do Sul;179,9351005;10592;3;1920,1;N
4321105;432110;Tapes;Rio Grande do Sul;805,4521642;14695;0;1920,1;N
4321204;432120;Taquara;Rio Grande do Sul;452,5722915;53242;11;1920,1;N
4321303;432130;Taquari;Rio Grande do Sul;349,9668292;25198;1;1920,1;N
4321329;432132;Taquaruçu do Sul;Rio Grande do Sul;76,9172108;3119;0;1920,1;N
4321352;432135;Tavares;Rio Grande do Sul;610,1067670;5212;0;1920,1;N
4321402;432140;Tenente Portela;Rio Grande do Sul;337,4954262;14497;1;1920,1;N
4321436;432143;Terra de Areia;Rio Grande do Sul;142,3041121;10334;0;1920,1;N
4321451;432145;Teutônia;Rio Grande do Sul;177,7953415;32797;1;1981,8;S
4321469;432146;Tio Hugo;Rio Grande do Sul;113,9438426;3267;0;1920,1;N
4321477;432147;Tiradentes do Sul;Rio Grande do Sul;236,6529873;5129;1;1920,1;N
4321493;432149;Toropi;Rio Grande do Sul;198,3159337;2554;0;1920,1;N
4321501;432150;Torres;Rio Grande do Sul;161,6300613;41751;20;1920,1;N
4321600;432160;Tramandaí;Rio Grande do Sul;142,8777081;54387;6;1179,0;S
4321626;432162;Travesseiro;Rio Grande do Sul;80,6808530;2152;0;1920,1;N
4321634;432163;Três Arroios;Rio Grande do Sul;148,6011038;2591;0;1920,1;N
4321667;432166;Três Cachoeiras;Rio Grande do Sul;251,4828839;10962;1;1920,1;N
4321709;432170;Três Coroas;Rio Grande do Sul;165,2851569;24425;6;1920,1;N
4321808;432180;Três de Maio;Rio Grande do Sul;421,4607836;24916;0;1920,1;N
4321832;432183;Três Forquilhas;Rio Grande do Sul;217,3857832;2760;0;1920,1;N
4321857;432185;Três Palmeiras;Rio Grande do Sul;180,5990924;4716;0;1920,1;N
4321907;432190;Três Passos;Rio Grande do Sul;268,9018100;25436;0;1920,1;N
4321956;432195;Trindade do Sul;Rio Grande do Sul;268,4172932;7556;0;1920,1;N
4322004;432200;Triunfo;Rio Grande do Sul;817,6250182;27498;3;1920,1;N
4322103;432210;Tucunduva;Rio Grande do Sul;181,1977887;5542;0;1920,1;N
4322152;432215;Tunas;Rio Grande do Sul;217,3021670;3681;0;1920,1;N
4322186;432218;Tupanci do Sul;Rio Grande do Sul;135,2430589;1374;0;1920,1;N
4322202;432220;Tupanciretã;Rio Grande do Sul;2253,2344593;20005;1;2239,0;S
4322251;432225;Tupandi;Rio Grande do Sul;59,4465477;5029;0;1920,1;N
4322301;432230;Tuparendi;Rio Grande do Sul;307,7102512;8363;0;1920,1;N
4322327;432232;Turuçu;Rio Grande do Sul;253,6350065;3419;0;1920,1;N
4322343;432234;Ubiretama;Rio Grande do Sul;125,8756432;1994;0;1920,1;N
4322350;432235;União da Serra;Rio Grande do Sul;131,1539390;1170;0;1920,1;N
4322376;432237;Unistalda;Rio Grande do Sul;602,3872709;1995;0;1920,1;N
4322400;432240;Uruguaiana;Rio Grande do Sul;5702,0977970;117210;12;1588,0;S
4322509;432250;Vacaria;Rio Grande do Sul;2124,4919789;64197;2;2175,0;S
4322525;432252;Vale Verde;Rio Grande do Sul;329,7268450;3150;0;1920,1;N
4322533;432253;Vale do Sol;Rio Grande do Sul;328,2747768;9897;1;1920,1;N
4322541;432254;Vale Real;Rio Grande do Sul;45,0853215;6058;1;1920,1;N
4322558;432255;Vanini;Rio Grande do Sul;64,9047783;2004;0;1920,1;N
4322608;432260;Venâncio Aires;Rio Grande do Sul;772,5880458;68763;4;1920,1;N
4322707;432270;Vera Cruz;Rio Grande do Sul;309,6207712;26710;4;1920,1;N
4322806;432280;Veranópolis;Rio Grande do Sul;289,3965137;24021;0;1920,1;N
4322855;432285;Vespasiano Corrêa;Rio Grande do Sul;113,6219435;1818;0;1920,1;N
4322905;432290;Viadutos;Rio Grande do Sul;268,0720773;4769;2;1920,1;N
4323002;432300;Viamão;Rio Grande do Sul;1496,5055403;224112;11;1920,1;N
4323101;432310;Vicente Dutra;Rio Grande do Sul;193,0252674;4665;0;1920,1;N
4323200;432320;Victor Graeff;Rio Grande do Sul;238,1329102;2780;0;1920,1;N
4323309;432330;Vila Flores;Rio Grande do Sul;107,7025825;3646;0;1920,1;N
4323358;432335;Vila Lângaro;Rio Grande do Sul;151,6952113;2079;0;1920,1;N
4323408;432340;Vila Maria;Rio Grande do Sul;181,0613310;4413;2;1920,1;N
4323457;432345;Vila Nova do Sul;Rio Grande do Sul;508,2778084;3863;0;1920,1;N
4323507;432350;Vista Alegre;Rio Grande do Sul;77,6302297;2660;1;1920,1;N
4323606;432360;Vista Alegre do Prata;Rio Grande do Sul;119,3272633;1590;1;1920,1;N
4323705;432370;Vista Gaúcha;Rio Grande do Sul;90,0216973;2783;0;1920,1;N
4323754;432375;Vitória das Missões;Rio Grande do Sul;258,3116342;3260;0;1920,1;N
4323770;432377;Westfália;Rio Grande do Sul;63,6653498;3098;1;1920,1;N
4323804;432380;Xangri-lá;Rio Grande do Sul;60,7564161;16463;0;1920,1;N
5000203;500020;Água Clara;Mato Grosso do Sul;7781,5578172;16741;27;1130,6;S
5000252;500025;Alcinópolis;Mato Grosso do Sul;4397,5181313;4537;4;968,4;N
5000609;500060;Amambai;Mato Grosso do Sul;4193,7415833;39325;101;940,6;S
5000708;500070;Anastácio;Mato Grosso do Sul;2913,1079168;24114;50;968,4;N
5000807;500080;Anaurilândia;Mato Grosso do Sul;3415,6566926;7653;5;968,4;N
5000856;500085;Angélica;Mato Grosso do Sul;1283,6268663;10729;36;968,4;N
5000906;500090;Antônio João;Mato Grosso do Sul;1142,5306037;9303;32;968,4;N
5001003;500100;Aparecida do Taboado;Mato Grosso do Sul;2751,4853320;27674;9;968,4;N
5001102;500110;Aquidauana;Mato Grosso do Sul;17088,3958676;46803;110;1065,4;S
5001243;500124;Aral Moreira;Mato Grosso do Sul;1653,8596661;10748;8;968,4;N
5001508;500150;Bandeirantes;Mato Grosso do Sul;3357,9264713;7940;5;968,4;N
5001904;500190;Bataguassu;Mato Grosso do Sul;2392,4762776;23031;55;1374,4;S
5002001;500200;Batayporã;Mato Grosso do Sul;1826,5782729;10712;37;968,4;N
5002100;500210;Bela Vista;Mato Grosso do Sul;4909,8417718;21613;5;968,4;N
5002159;500215;Bodoquena;Mato Grosso do Sul;2589,1399807;8567;18;968,4;N
5002209;500220;Bonito;Mato Grosso do Sul;5378,9394772;23659;35;968,4;N
5002308;500230;Brasilândia;Mato Grosso do Sul;5803,5422677;11579;7;968,4;N
5002407;500240;Caarapó;Mato Grosso do Sul;2115,7302242;30612;81;968,4;N
5002605;500260;Camapuã;Mato Grosso do Sul;6238,1271169;13583;7;968,4;N
5002704;500270;Campo Grande;Mato Grosso do Sul;8082,3271321;898100;55;780,6;S
5002803;500280;Caracol;Mato Grosso do Sul;2928,7064738;5036;0;968,4;N
5002902;500290;Cassilândia;Mato Grosso do Sul;3658,2520067;20988;7;1432,4;S
5002951;500295;Chapadão do Sul;Mato Grosso do Sul;3252,3270664;30993;30;894,4;S
5003108;500310;Corguinho;Mato Grosso do Sul;2639,6564801;4783;5;968,4;N
5003157;500315;Coronel Sapucaia;Mato Grosso do Sul;1023,7271966;14289;7;968,4;N
5003207;500320;Corumbá;Mato Grosso do Sul;64432,4348814;96268;1337;980,0;S
5003256;500325;Costa Rica;Mato Grosso do Sul;4159,3839308;26037;204;1330,6;S
5003306;500330;Coxim;Mato Grosso do Sul;6388,9671395;32151;2;961,6;S
5003454;500345;Deodápolis;Mato Grosso do Sul;828,4502419;13663;22;968,4;N
5003488;500348;Dois Irmãos do Buriti;Mato Grosso do Sul;2430,3003055;11100;34;968,4;N
5003504;500350;Douradina;Mato Grosso do Sul;280,1793834;5578;14;968,4;N
5003702;500370;Dourados;Mato Grosso do Sul;4062,8890526;243367;458;652,4;S
5003751;500375;Eldorado;Mato Grosso do Sul;1012,7962823;11386;5;968,4;N
5003801;500380;Fátima do Sul;Mato Grosso do Sul;315,7369582;20609;26;968,4;N
5003900;500390;Figueirão;Mato Grosso do Sul;4880,7359393;3539;4;968,4;N
5004007;500400;Glória de Dourados;Mato Grosso do Sul;493,1053819;10444;16;968,4;N
5004106;500410;Guia Lopes da Laguna;Mato Grosso do Sul;1225,4262764;9940;23;968,4;N
5004304;500430;Iguatemi;Mato Grosso do Sul;2957,4096373;13808;17;968,4;N
5004403;500440;Inocência;Mato Grosso do Sul;5761,1902300;8404;11;968,4;N
5004502;500450;Itaporã;Mato Grosso do Sul;1342,3886105;24137;30;968,4;N
5004601;500460;Itaquiraí;Mato Grosso do Sul;2063,7165688;19423;14;1171,4;S
5004700;500470;Ivinhema;Mato Grosso do Sul;2003,4300333;27821;6;1051,6;S
5004809;500480;Japorã;Mato Grosso do Sul;416,6053665;8148;1;968,4;N
5004908;500490;Jaraguari;Mato Grosso do Sul;2913,5580160;7139;27;968,4;N
5005004;500500;Jardim;Mato Grosso do Sul;2129,9431737;23981;150;975,8;S
5005103;500510;Jateí;Mato Grosso do Sul;1933,3163354;3586;7;968,4;N
5005152;500515;Juti;Mato Grosso do Sul;1569,1755795;6729;1;1366,0;S
5005202;500520;Ladário;Mato Grosso do Sul;354,2554191;21522;135;968,4;N
5005251;500525;Laguna Carapã;Mato Grosso do Sul;1725,7801869;6799;16;968,4;N
5005400;500540;Maracaju;Mato Grosso do Sul;5396,9053509;45047;38;430,0;S
5005608;500560;Miranda;Mato Grosso do Sul;5470,9747956;25536;8;964,6;S
5005681;500568;Mundo Novo;Mato Grosso do Sul;478,3797880;19193;61;968,4;N
5005707;500570;Naviraí;Mato Grosso do Sul;3189,6671144;50457;9;968,4;N
5005806;500580;Nioaque;Mato Grosso do Sul;3909,7377926;13220;15;968,4;N
5006002;500600;Nova Alvorada do Sul;Mato Grosso do Sul;4025,0120237;21822;3;968,4;N
5006200;500620;Nova Andradina;Mato Grosso do Sul;4770,6848130;48563;27;968,4;N
5006259;500625;Novo Horizonte do Sul;Mato Grosso do Sul;849,1896137;4721;3;968,4;N
5006275;500627;Paraíso das Águas;Mato Grosso do Sul;5061,4326634;5510;24;968,4;N
5006309;500630;Paranaíba;Mato Grosso do Sul;5405,4789313;40957;16;683,4;S
5006358;500635;Paranhos;Mato Grosso do Sul;1307,0916410;12921;33;968,4;N
5006408;500640;Pedro Gomes;Mato Grosso do Sul;3553,7823634;6941;22;968,4;N
5006606;500660;Ponta Porã;Mato Grosso do Sul;5359,2736179;92017;57;582,2;S
5006903;500690;Porto Murtinho;Mato Grosso do Sul;17502,9027589;12859;5;90,0;S
5007109;500710;Ribas do Rio Pardo;Mato Grosso do Sul;17315,2826535;23150;18;968,4;N
5007208;500720;Rio Brilhante;Mato Grosso do Sul;3983,5623685;37601;19;1075,4;S
5007307;500730;Rio Negro;Mato Grosso do Sul;1828,8002097;4841;3;968,4;N
5007406;500740;Rio Verde de Mato Grosso;Mato Grosso do Sul;8174,7841215;19818;4;968,4;N
5007505;500750;Rochedo;Mato Grosso do Sul;1309,5735039;5199;14;968,4;N
5007554;500755;Santa Rita do Pardo;Mato Grosso do Sul;6142,0013336;7027;145;968,4;N
5007695;500769;São Gabriel do Oeste;Mato Grosso do Sul;3850,6832064;29579;22;729,0;S
5007703;500770;Sete Quedas;Mato Grosso do Sul;839,1172989;10994;15;905,6;S
5007802;500780;Selvíria;Mato Grosso do Sul;3254,9168936;8142;18;968,4;N
5007901;500790;Sidrolândia;Mato Grosso do Sul;5265,6953958;47118;140;1076,8;S
5007935;500793;Sonora;Mato Grosso do Sul;4185,5283319;14516;4;1416,2;S
5007950;500795;Tacuru;Mato Grosso do Sul;1784,2069964;10808;1;968,4;N
5007976;500797;Taquarussu;Mato Grosso do Sul;1052,2316352;3625;5;968,4;N
5008008;500800;Terenos;Mato Grosso do Sul;2845,6525011;17652;41;968,4;N
5008305;500830;Três Lagoas;Mato Grosso do Sul;10217,0713551;132152;98;961,2;S
5008404;500840;Vicentina;Mato Grosso do Sul;312,4357523;6336;19;968,4;N
5100102;510010;Acorizal;Mato Grosso;850,7629718;5014;2;800,6;N
5100201;510020;Água Boa;Mato Grosso;7549,3082069;29219;88;1851,0;S
5100250;510025;Alta Floresta;Mato Grosso;8955,4103455;58613;125;1092,2;S
5100300;510030;Alto Araguaia;Mato Grosso;5402,3080212;17193;33;1387,6;S
5100359;510035;Alto Boa Vista;Mato Grosso;2248,4141845;5715;142;800,6;N
5100409;510040;Alto Garças;Mato Grosso;3858,1529741;13052;65;800,6;N
5100508;510050;Alto Paraguai;Mato Grosso;1847,3538537;8009;29;800,6;N
5100607;510060;Alto Taquari;Mato Grosso;1436,5821702;10904;21;0,0;S
5100805;510080;Apiacás;Mato Grosso;20489,0244228;8590;9;532,6;S
5101001;510100;Araguaiana;Mato Grosso;6380,7004686;3795;70;800,6;N
5101209;510120;Araguainha;Mato Grosso;675,2308600;1010;3;800,6;N
5101258;510125;Araputanga;Mato Grosso;1639,7327324;14786;66;800,6;N
5101308;510130;Arenápolis;Mato Grosso;417,3373527;10576;89;800,6;N
5101407;510140;Aripuanã;Mato Grosso;24678,1352426;24626;47;800,6;N
5101605;510160;Barão de Melgaço;Mato Grosso;11374,8724407;7253;10;800,6;N
5101704;510170;Barra do Bugres;Mato Grosso;5976,8645149;29403;62;800,6;N
5101803;510180;Barra do Garças;Mato Grosso;8363,1494319;69210;987;800,6;N
5101852;510185;Bom Jesus do Araguaia;Mato Grosso;4266,6361943;7280;9;800,6;N
5101902;510190;Brasnorte;Mato Grosso;15968,3552463;17004;53;1046,6;S
5102504;510250;Cáceres;Mato Grosso;24499,9215510;89681;377;800,6;N
5102603;510260;Campinápolis;Mato Grosso;5978,9852647;15347;160;800,6;N
5102637;510263;Campo Novo do Parecis;Mato Grosso;9428,5854396;45899;46;800,6;N
5102678;510267;Campo Verde;Mato Grosso;4770,6311775;44585;61;245,2;S
5102686;510268;Campos de Júlio;Mato Grosso;6792,8083325;8822;95;800,6;N
5102694;510269;Canabrava do Norte;Mato Grosso;3449,0370760;4485;6;800,6;N
5102702;510270;Canarana;Mato Grosso;10855,1806593;25858;331;800,6;N
5102793;510279;Carlinda;Mato Grosso;2421,7875657;10332;20;760,6;S
5102850;510285;Castanheira;Mato Grosso;3713,4655514;7506;0;800,6;N
5103007;510300;Chapada dos Guimarães;Mato Grosso;6603,2519443;18990;49;800,6;N
5103056;510305;Cláudia;Mato Grosso;3843,5613220;9593;56;800,6;N
5103106;510310;Cocalinho;Mato Grosso;16563,1356226;6220;8;800,6;N
5103205;510320;Colíder;Mato Grosso;3112,0907537;31370;47;800,6;N
5103254;510325;Colniza;Mato Grosso;27960,2371608;25766;92;800,6;N
5103304;510330;Comodoro;Mato Grosso;21485,0179988;18238;173;1086,2;S
5103353;510335;Confresa;Mato Grosso;5802,3027959;35075;101;800,6;N
5103361;510336;Conquista D'Oeste;Mato Grosso;2684,6759970;3760;3;800,6;N
5103379;510337;Cotriguaçu;Mato Grosso;9469,9571248;11011;24;2131,2;S
5103403;510340;Cuiabá;Mato Grosso;4327,4484375;650877;867;800,6;N
5103437;510343;Curvelândia;Mato Grosso;357,2120586;4903;4;800,6;N
5103452;510345;Denise;Mato Grosso;1273,1779676;7014;5;800,6;N
5103502;510350;Diamantino;Mato Grosso;8263,3969281;21941;69;800,6;N
5103601;510360;Dom Aquino;Mato Grosso;2183,6030926;7872;5;800,6;N
5103700;510370;Feliz Natal;Mato Grosso;11661,5144457;10521;34;800,6;N
5103809;510380;Figueirópolis D'Oeste;Mato Grosso;891,4479929;3187;61;800,6;N
5103858;510385;Gaúcha do Norte;Mato Grosso;16908,3750854;8642;5;0,0;S
5103908;510390;General Carneiro;Mato Grosso;4514,9167709;6037;19;800,6;N
5103957;510395;Glória D'Oeste;Mato Grosso;833,1301934;2905;18;800,6;N
5104104;510410;Guarantã do Norte;Mato Grosso;4725,2810317;31024;26;0,0;S
5104203;510420;Guiratinga;Mato Grosso;5043,8992020;10966;3;756,0;S
5104500;510450;Indiavaí;Mato Grosso;592,4948968;2213;0;800,6;N
5104526;510452;Ipiranga do Norte;Mato Grosso;3422,0162439;7815;37;800,6;N
5104542;510454;Itanhangá;Mato Grosso;2909,7453757;7539;94;800,6;N
5104559;510455;Itaúba;Mato Grosso;4521,7897531;5020;0;800,6;N
5104609;510460;Itiquira;Mato Grosso;8698,8139407;12236;15;0,0;S
5104807;510480;Jaciara;Mato Grosso;2429,6776306;28569;5;800,6;N
5104906;510490;Jangada;Mato Grosso;1114,3019866;7426;1;800,6;N
5105002;510500;Jauru;Mato Grosso;1345,4111151;8367;19;800,6;N
5105101;510510;Juara;Mato Grosso;22632,7132157;34906;213;0,0;S
5105150;510515;Juína;Mato Grosso;26397,1725638;45869;177;1463,8;S
5105176;510517;Juruena;Mato Grosso;3207,8374261;10213;4;800,6;N
5105200;510520;Juscimeira;Mato Grosso;2291,3067765;11480;3;800,6;N
5105234;510523;Lambari D'Oeste;Mato Grosso;1810,4628080;4790;24;800,6;N
5105259;510525;Lucas do Rio Verde;Mato Grosso;3674,5960122;83798;531;800,6;N
5105309;510530;Luciara;Mato Grosso;4282,7330399;2509;2;800,6;N
5105507;510550;Vila Bela da Santíssima Trindade;Mato Grosso;13484,7101355;16774;0;902,0;S
5105580;510558;Marcelândia;Mato Grosso;12285,4856574;11396;70;800,6;N
5105606;510560;Matupá;Mato Grosso;5228,2719932;20091;34;800,6;N
5105622;510562;Mirassol d'Oeste;Mato Grosso;1085,4862380;26785;58;800,6;N
5105903;510590;Nobres;Mato Grosso;3908,7392450;15492;5;800,6;N
5106000;510600;Nortelândia;Mato Grosso;1336,7540031;5956;6;800,6;N
5106109;510610;Nossa Senhora do Livramento;Mato Grosso;5537,4127380;12940;5;800,6;N
5106158;510615;Nova Bandeirantes;Mato Grosso;9556,6606048;13635;12;800,6;N
5106174;510617;Nova Nazaré;Mato Grosso;4034,5391560;4200;4;800,6;N
5106182;510618;Nova Lacerda;Mato Grosso;4780,4257763;6670;23;800,6;N
5106190;510619;Nova Santa Helena;Mato Grosso;2385,6106764;4239;12;800,6;N
5106208;510620;Nova Brasilândia;Mato Grosso;3290,0315347;3932;0;800,6;N
5106216;510621;Nova Canaã do Norte;Mato Grosso;5953,0992859;11707;6;800,6;N
5106224;510622;Nova Mutum;Mato Grosso;9536,8143804;55839;44;800,6;N
5106232;510623;Nova Olímpia;Mato Grosso;1327,2661867;16352;185;800,6;N
5106240;510624;Nova Ubiratã;Mato Grosso;12460,7354475;11530;43;259,8;S
5106257;510625;Nova Xavantina;Mato Grosso;5491,9719641;24345;478;800,6;N
5106265;510626;Novo Mundo;Mato Grosso;5800,7586874;6520;6;800,6;N
5106273;510627;Novo Horizonte do Norte;Mato Grosso;920,0483869;3349;67;800,6;N
5106281;510628;Novo São Joaquim;Mato Grosso;5225,5954348;6919;38;800,6;N
5106299;510629;Paranaíta;Mato Grosso;4814,1488093;11671;33;800,6;N
5106307;510630;Paranatinga;Mato Grosso;24166,6323961;26423;10;0,0;S
5106315;510631;Novo Santo Antônio;Mato Grosso;4394,7796396;2015;2;800,6;N
5106372;510637;Pedra Preta;Mato Grosso;3841,6718415;18066;3;800,6;N
5106422;510642;Peixoto de Azevedo;Mato Grosso;14433,7752050;32714;67;800,6;N
5106455;510645;Planalto da Serra;Mato Grosso;2437,5899339;3166;2;800,6;N
5106505;510650;Poconé;Mato Grosso;17152,3468329;31217;30;800,6;N
5106653;510665;Pontal do Araguaia;Mato Grosso;2742,4819081;6932;128;800,6;N
5106703;510670;Ponte Branca;Mato Grosso;701,1384816;2008;7;800,6;N
5106752;510675;Pontes e Lacerda;Mato Grosso;8545,2918596;52018;174;538,0;S
5106778;510677;Porto Alegre do Norte;Mato Grosso;3971,7320357;12127;41;800,6;N
5106802;510680;Porto dos Gaúchos;Mato Grosso;6846,6678713;5593;177;800,6;N
5106828;510682;Porto Esperidião;Mato Grosso;5835,2777368;10204;10;800,6;N
5106851;510685;Porto Estrela;Mato Grosso;2045,4669531;3224;28;0,0;S
5107008;510700;Poxoréu;Mato Grosso;6915,2978009;23283;7;800,6;N
5107040;510704;Primavera do Leste;Mato Grosso;5470,3828926;85146;419;369,2;S
5107065;510706;Querência;Mato Grosso;17799,9885692;26769;191;1766,2;S
5107107;510710;São José dos Quatro Marcos;Mato Grosso;1282,7626178;17849;239;800,6;N
5107156;510715;Reserva do Cabaçal;Mato Grosso;1331,6770484;2122;28;800,6;N
5107180;510718;Ribeirão Cascalheira;Mato Grosso;11354,5547187;10089;11;800,6;N
5107198;510719;Ribeirãozinho;Mato Grosso;624,9966155;2593;109;800,6;N
5107206;510720;Rio Branco;Mato Grosso;539,2868233;4535;6;800,6;N
5107248;510724;Santa Carmem;Mato Grosso;3812,0902771;5374;69;800,6;N
5107263;510726;Santo Afonso;Mato Grosso;1166,3815988;2519;4;800,6;N
5107297;510729;São José do Povo;Mato Grosso;489,7370477;2875;1;800,6;N
5107305;510730;São José do Rio Claro;Mato Grosso;4525,3040748;14911;74;800,6;N
5107354;510735;São José do Xingu;Mato Grosso;7465,5625220;5964;2;1173,0;S
5107404;510740;São Pedro da Cipa;Mato Grosso;344,3300921;4191;0;800,6;N
5107578;510757;Rondolândia;Mato Grosso;12658,3415986;3505;16;800,6;N
5107602;510760;Rondonópolis;Mato Grosso;4824,0203137;244911;38;680,6;S
5107701;510770;Rosário Oeste;Mato Grosso;7339,4432329;15453;21;1622,4;S
5107743;510774;Santa Cruz do Xingu;Mato Grosso;5623,3902862;2661;0;800,6;N
5107750;510775;Salto do Céu;Mato Grosso;1753,3777490;3679;3;0,0;S
5107768;510776;Santa Rita do Trivelato;Mato Grosso;4747,0416043;3276;2;800,6;N
5107776;510777;Santa Terezinha;Mato Grosso;6466,2232365;7596;2;800,6;N
5107792;510779;Santo Antônio do Leste;Mato Grosso;3403,5929381;4099;0;60,2;S
5107800;510780;Santo Antônio de Leverger;Mato Grosso;9469,1393618;15246;8;800,6;N
5107859;510785;São Félix do Araguaia;Mato Grosso;16682,4730278;13621;70;800,6;N
5107875;510787;Sapezal;Mato Grosso;13614,5520313;28944;83;1392,2;S
5107883;510788;Serra Nova Dourada;Mato Grosso;1490,7932361;1800;5;249,6;S
5107909;510790;Sinop;Mato Grosso;3990,8698556;196312;471;906,0;S
5107925;510792;Sorriso;Mato Grosso;9293,6295281;110635;67;2451,8;S
5107941;510794;Tabaporã;Mato Grosso;8439,0501635;9818;274;800,6;N
5107958;510795;Tangará da Serra;Mato Grosso;11636,8250015;106434;1011;1630,2;S
5108006;510800;Tapurah;Mato Grosso;4492,5393285;14370;15;800,6;N
5108055;510805;Terra Nova do Norte;Mato Grosso;2399,7366288;10616;86;800,6;N
5108105;510810;Tesouro;Mato Grosso;4244,0731744;3025;7;800,6;N
5108204;510820;Torixoréu;Mato Grosso;2398,3826278;4164;45;800,6;N
5108303;510830;União do Sul;Mato Grosso;4590,6281039;3838;10;800,6;N
5108352;510835;Vale de São Domingos;Mato Grosso;1901,5447722;2904;24;800,6;N
5108402;510840;Várzea Grande;Mato Grosso;724,2788710;300078;801;800,6;N
5108501;510850;Vera;Mato Grosso;3058,3635563;12800;33;800,6;N
5108600;510860;Vila Rica;Mato Grosso;7436,3825627;19888;16;800,6;N
5108808;510880;Nova Guarita;Mato Grosso;1121,9275865;4590;0;800,6;N
5108857;510885;Nova Marilândia;Mato Grosso;1905,7438549;3529;8;800,6;N
5108907;510890;Nova Maringá;Mato Grosso;11553,4786184;5846;6;1171,6;S
5108956;510895;Nova Monte Verde;Mato Grosso;5139,3066511;8313;0;800,6;N
5200050;520005;Abadia de Goiás;Goiás;143,3573350;19128;256;1071,8;N
5200100;520010;Abadiânia;Goiás;1044,5549206;17232;70;1071,8;N
5200134;520013;Acreúna;Goiás;1566,7415748;21568;135;1071,8;N
5200159;520015;Adelândia;Goiás;115,3851440;2297;9;1071,8;N
5200175;520017;Água Fria de Goiás;Goiás;2023,6364210;4954;3;1071,8;N
5200209;520020;Água Limpa;Goiás;458,8356248;1858;85;1071,8;N
5200258;520025;Águas Lindas de Goiás;Goiás;191,8168443;225693;206;1071,8;N
5200308;520030;Alexânia;Goiás;846,8756866;27008;25;1071,8;N
5200506;520050;Aloândia;Goiás;102,0943221;1973;7;1071,8;N
5200555;520055;Alto Horizonte;Goiás;500,3416081;6072;15;1071,8;N
5200605;520060;Alto Paraíso de Goiás;Goiás;2594,9978319;10306;41;468,2;S
5200803;520080;Alvorada do Norte;Goiás;1268,3471683;8446;16;1071,8;N
5200829;520082;Amaralina;Goiás;1343,7423234;3268;3;1071,8;N
5200852;520085;Americano do Brasil;Goiás;133,8343304;5259;44;1071,8;N
5200902;520090;Amorinópolis;Goiás;406,9300860;3007;44;1071,8;N
5201108;520110;Anápolis;Goiás;935,6716651;398869;1512;1071,8;N
5201207;520120;Anhanguera;Goiás;55,5685670;924;1;1071,8;N
5201306;520130;Anicuns;Goiás;976,0378118;18503;645;1071,8;N
5201405;520140;Aparecida de Goiânia;Goiás;279,9537778;527796;21601;1071,8;N
5201454;520145;Aparecida do Rio Doce;Goiás;603,2543324;2907;92;1071,8;N
5201504;520150;Aporé;Goiás;2899,2366135;4325;9;1071,8;N
5201603;520160;Araçu;Goiás;149,7760029;3799;61;1071,8;N
5201702;520170;Aragarças;Goiás;661,6770863;18390;96;1399,6;S
5201801;520180;Aragoiânia;Goiás;218,1253963;11890;80;1071,8;N
5202155;520215;Araguapaz;Goiás;2188,0998364;7153;10;1071,8;N
5202353;520235;Arenópolis;Goiás;1075,5350388;2946;16;1071,8;N
5202502;520250;Aruanã;Goiás;3054,7726043;8300;24;1071,8;N
5202601;520260;Aurilândia;Goiás;565,5136070;3284;16;1071,8;N
5202809;520280;Avelinópolis;Goiás;170,2276479;2868;7;1071,8;N
5203104;520310;Baliza;Goiás;1780,1726528;3351;76;1071,8;N
5203203;520320;Barro Alto;Goiás;1080,2678469;10371;50;1071,8;N
5203302;520330;Bela Vista de Goiás;Goiás;1274,0336766;34445;1788;1071,8;N
5203401;520340;Bom Jardim de Goiás;Goiás;1901,1365163;7826;299;1071,8;N
5203500;520350;Bom Jesus de Goiás;Goiás;1405,6050555;23958;908;1071,8;N
5203559;520355;Bonfinópolis;Goiás;121,9147959;10296;62;1071,8;N
5203575;520357;Bonópolis;Goiás;1635,3190807;3299;27;1071,8;N
5203609;520360;Brazabrantes;Goiás;125,3259952;3992;26;1071,8;N
5203807;520380;Britânia;Goiás;1458,4594097;5695;233;1071,8;N
5203906;520390;Buriti Alegre;Goiás;901,9318499;10495;416;1071,8;N
5203939;520393;Buriti de Goiás;Goiás;202,5760833;2732;45;1071,8;N
5203962;520396;Buritinópolis;Goiás;246,0753706;3145;2;1071,8;N
5204003;520400;Cabeceiras;Goiás;1126,4339865;7560;13;1071,8;N
5204102;520410;Cachoeira Alta;Goiás;1657,2255972;11513;20;1071,8;N
5204201;520420;Cachoeira de Goiás;Goiás;424,4897121;1405;6;1071,8;N
5204250;520425;Cachoeira Dourada;Goiás;528,2812211;7782;60;1071,8;N
5204300;520430;Caçu;Goiás;2254,3403706;13774;36;1071,8;N
5204409;520440;Caiapônia;Goiás;8627,9609146;16513;195;1451,4;S
5204508;520450;Caldas Novas;Goiás;1608,5226263;98622;213;1071,8;N
5204557;520455;Caldazinha;Goiás;251,7198771;4507;15;1071,8;N
5204607;520460;Campestre de Goiás;Goiás;272,7338859;3755;25;1071,8;N
5204656;520465;Campinaçu;Goiás;1978,3857798;3708;7;1071,8;N
5204706;520470;Campinorte;Goiás;1064,5410043;12510;132;1071,8;N
5204805;520480;Campo Alegre de Goiás;Goiás;2450,1113428;7422;86;1071,8;N
5204854;520485;Campo Limpo de Goiás;Goiás;156,1129552;8081;90;1071,8;N
5204904;520490;Campos Belos;Goiás;735,1261902;18108;194;1071,8;N
5204953;520495;Campos Verdes;Goiás;443,1245057;4005;9;1071,8;N
5205000;520500;Carmo do Rio Verde;Goiás;419,8206776;9710;11;1071,8;N
5205059;520505;Castelândia;Goiás;299,2284128;2985;134;1071,8;N
5205109;520510;Catalão;Goiás;3826,3699920;114427;587;1819,6;S
5205208;520520;Caturaí;Goiás;205,0645826;5184;67;1071,8;N
5205307;520530;Cavalcante;Goiás;6948,7802816;9583;12;1071,8;N
5205406;520540;Ceres;Goiás;213,0704052;22046;176;1071,8;N
5205455;520545;Cezarina;Goiás;417,0802387;8090;7;1071,8;N
5205471;520547;Chapadão do Céu;Goiás;2184,0765461;12870;36;1071,8;N
5205497;520549;Cidade Ocidental;Goiás;389,9852517;91767;53;1071,8;N
5205513;520551;Cocalzinho de Goiás;Goiás;1785,3387594;25016;40;1071,8;N
5205521;520552;Colinas do Sul;Goiás;1707,5193559;4030;13;1071,8;N
5205703;520570;Córrego do Ouro;Goiás;458,0771015;2454;71;1071,8;N
5205802;520580;Corumbá de Goiás;Goiás;1064,8334520;10562;11;1071,8;N
5205901;520590;Corumbaíba;Goiás;1864,2773079;9164;677;1071,8;N
5206206;520620;Cristalina;Goiás;6153,9214537;62337;70;958,8;S
5206305;520630;Cristianópolis;Goiás;221,6237133;3504;25;1071,8;N
5206404;520640;Crixás;Goiás;4673,0390467;17065;80;1071,8;N
5206503;520650;Cromínia;Goiás;364,9179506;3883;15;1071,8;N
5206602;520660;Cumari;Goiás;568,3647680;2927;115;1071,8;N
5206701;520670;Damianópolis;Goiás;417,6249530;3770;38;1071,8;N
5206800;520680;Damolândia;Goiás;86,0566441;2724;33;1071,8;N
5206909;520690;Davinópolis;Goiás;482,8571470;1902;8;1071,8;N
5207105;520710;Diorama;Goiás;685,3815878;2062;6;1071,8;N
5207253;520725;Doverlândia;Goiás;3227,5583162;6956;129;1071,8;N
5207352;520735;Edealina;Goiás;598,2177579;4001;56;1071,8;N
5207402;520740;Edéia;Goiás;1469,0990613;11747;319;1462,8;S
5207501;520750;Estrela do Norte;Goiás;301,1386417;3205;73;1071,8;N
5207535;520753;Faina;Goiás;1949,6849143;7070;20;1071,8;N
5207600;520760;Fazenda Nova;Goiás;1279,1065603;5877;99;1071,8;N
5207808;520780;Firminópolis;Goiás;422,3399991;10419;290;1071,8;N
5207907;520790;Flores de Goiás;Goiás;3695,1060380;13744;42;1071,8;N
5208004;520800;Formosa;Goiás;5804,2924086;115901;1098;1071,8;N
5208103;520810;Formoso;Goiás;843,4202738;4660;119;1071,8;N
5208152;520815;Gameleira de Goiás;Goiás;588,3278811;3456;65;1071,8;N
5208301;520830;Divinópolis de Goiás;Goiás;828,8737687;4457;45;1071,8;N
5208400;520840;Goianápolis;Goiás;166,6416022;13967;61;1071,8;N
5208509;520850;Goiandira;Goiás;569,9168242;4973;56;1071,8;N
5208608;520860;Goianésia;Goiás;1547,3192868;73707;204;939,4;S
5208707;520870;Goiânia;Goiás;729,2964012;1437366;32405;1739,4;S
5208806;520880;Goianira;Goiás;213,7724754;71916;1286;1071,8;N
5208905;520890;Goiás;Goiás;3108,4227993;24071;254;1093,8;S
5209101;520910;Goiatuba;Goiás;2479,5906294;35664;436;1071,8;N
5209150;520915;Gouvelândia;Goiás;827,3730636;4390;153;1071,8;N
5209200;520920;Guapó;Goiás;514,1784047;19545;26;1071,8;N
5209291;520929;Guaraíta;Goiás;205,5331731;2188;12;1071,8;N
5209408;520940;Guarani de Goiás;Goiás;1221,0541232;4085;12;1071,8;N
5209457;520945;Guarinos;Goiás;593,1883902;2161;3;1071,8;N
5209606;520960;Heitoraí;Goiás;228,6152074;3354;21;1071,8;N
5209705;520970;Hidrolândia;Goiás;952,1217679;27742;477;1071,8;N
5209804;520980;Hidrolina;Goiás;583,7563712;3545;8;1071,8;N
5209903;520990;Iaciara;Goiás;1547,1834349;10584;100;1071,8;N
5209937;520993;Inaciolândia;Goiás;689,2009259;5954;235;1071,8;N
5209952;520995;Indiara;Goiás;955,4186757;17061;144;1071,8;N
5210000;521000;Inhumas;Goiás;614,8874232;52204;1691;1071,8;N
5210109;521010;Ipameri;Goiás;4382,8634278;25548;31;1071,8;N
5210158;521015;Ipiranga de Goiás;Goiás;244,2087312;2919;0;1071,8;N
5210208;521020;Iporá;Goiás;1027,2493559;35684;192;660,6;S
5210307;521030;Israelândia;Goiás;579,1895932;2560;16;1071,8;N
5210406;521040;Itaberaí;Goiás;1461,9163397;44734;88;1071,8;N
5210562;521056;Itaguari;Goiás;142,6522145;4963;9;1071,8;N
5210604;521060;Itaguaru;Goiás;241,0291127;4904;40;1071,8;N
5210802;521080;Itajá;Goiás;2082,7365050;4380;12;1071,8;N
5210901;521090;Itapaci;Goiás;952,9976355;21087;92;1049,0;S
5211008;521100;Itapirapuã;Goiás;2047,8735433;8007;228;1071,8;N
5211206;521120;Itapuranga;Goiás;1281,4042543;26113;286;1071,8;N
5211305;521130;Itarumã;Goiás;3437,3671923;6101;32;1071,8;N
5211404;521140;Itauçu;Goiás;383,0655319;7736;129;1071,8;N
5211503;521150;Itumbiara;Goiás;2447,0140612;107970;2720;549,8;S
5211602;521160;Ivolândia;Goiás;1260,8410830;2693;12;1071,8;N
5211701;521170;Jandaia;Goiás;863,0865420;6272;8;1071,8;N
5211800;521180;Jaraguá;Goiás;1848,9470075;45223;559;1071,8;N
5211909;521190;Jataí;Goiás;7178,7918253;105729;6963;1777,2;S
5212006;521200;Jaupaci;Goiás;528,7830508;2924;12;1071,8;N
5212055;521205;Jesúpolis;Goiás;115,2106947;2123;70;1071,8;N
5212105;521210;Joviânia;Goiás;446,2583803;7159;58;1071,8;N
5212204;521220;Jussara;Goiás;4092,3394498;19620;497;1071,8;N
5212253;521225;Lagoa Santa;Goiás;463,2892278;1390;3;1071,8;N
5212303;521230;Leopoldo de Bulhões;Goiás;476,1372806;8745;22;1071,8;N
5212501;521250;Luziânia;Goiás;3962,1070778;209129;1043;727,2;S
5212600;521260;Mairipotaba;Goiás;468,0291158;2561;16;1071,8;N
5212709;521270;Mambaí;Goiás;858,2698466;8124;21;1071,8;N
5212808;521280;Mara Rosa;Goiás;1695,4631832;10700;10;1071,8;N
5212907;521290;Marzagão;Goiás;225,5175206;2758;28;1071,8;N
5212956;521295;Matrinchã;Goiás;1150,5025103;4042;93;1071,8;N
5213004;521300;Maurilândia;Goiás;389,9586480;10304;149;1071,8;N
5213053;521305;Mimoso de Goiás;Goiás;1380,7010371;2614;5;1071,8;N
5213087;521308;Minaçu;Goiás;2854,1365795;27075;99;1071,8;N
5213103;521310;Mineiros;Goiás;9042,8440576;70081;1174;765,4;S
5213400;521340;Moiporá;Goiás;452,3136707;1685;9;1071,8;N
5213509;521350;Monte Alegre de Goiás;Goiás;3119,8601971;6692;83;1317,4;S
5213707;521370;Montes Claros de Goiás;Goiás;2900,3970907;8756;66;1071,8;N
5213756;521375;Montividiu;Goiás;1869,5805358;12521;33;1071,8;N
5213772;521377;Montividiu do Norte;Goiás;1337,2322531;3779;226;1071,8;N
5213806;521380;Morrinhos;Goiás;2846,2986728;51351;392;1740,4;S
5213855;521385;Morro Agudo de Goiás;Goiás;282,3327256;2456;37;1071,8;N
5213905;521390;Mossâmedes;Goiás;684,8817507;4654;103;1071,8;N
5214002;521400;Mozarlândia;Goiás;1738,5164887;14750;40;1071,8;N
5214051;521405;Mundo Novo;Goiás;2141,5337130;6189;33;1071,8;N
5214101;521410;Mutunópolis;Goiás;955,0694431;3564;4;1071,8;N
5214408;521440;Nazário;Goiás;281,1466183;8189;17;1071,8;N
5214507;521450;Nerópolis;Goiás;204,7129999;31932;213;1071,8;N
5214606;521460;Niquelândia;Goiás;9846,2934019;34964;20;1071,8;N
5214705;521470;Nova América;Goiás;209,4318105;2337;15;1071,8;N
5214804;521480;Nova Aurora;Goiás;307,3347655;2101;26;1071,8;N
5214838;521483;Nova Crixás;Goiás;7308,6805338;12815;10;1071,8;N
5214861;521486;Nova Glória;Goiás;411,7533724;8310;20;1071,8;N
5214879;521487;Nova Iguaçu de Goiás;Goiás;625,6249952;3010;10;1071,8;N
5214903;521490;Nova Roma;Goiás;2136,7250980;3076;45;1071,8;N
5215009;521500;Nova Veneza;Goiás;122,3542852;9481;132;1071,8;N
5215207;521520;Novo Brasil;Goiás;649,3493933;3527;47;1071,8;N
5215231;521523;Novo Gama;Goiás;192,2853405;103804;754;1071,8;N
5215256;521525;Novo Planalto;Goiás;1254,4912487;3716;0;1071,8;N
5215306;521530;Orizona;Goiás;1971,2653213;16399;41;1071,8;N
5215405;521540;Ouro Verde de Goiás;Goiás;208,8044599;4057;1;1071,8;N
5215504;521550;Ouvidor;Goiás;411,3181901;7200;59;1071,8;N
5215603;521560;Padre Bernardo;Goiás;3142,6148715;34967;14;1071,8;N
5215652;521565;Palestina de Goiás;Goiás;1318,0467675;3132;6;1071,8;N
5215702;521570;Palmeiras de Goiás;Goiás;1537,1962041;31858;273;1071,8;N
5215801;521580;Palmelo;Goiás;59,8085921;2259;29;1071,8;N
5215900;521590;Palminópolis;Goiás;393,3264135;3851;106;1071,8;N
5216007;521600;Panamá;Goiás;432,2035626;2455;53;1071,8;N
5216304;521630;Paranaiguara;Goiás;1153,4145405;7607;112;1071,8;N
5216403;521640;Paraúna;Goiás;3786,5783345;10659;140;0,0;S
5216452;521645;Perolândia;Goiás;1033,6568808;2964;72;1071,8;N
5216809;521680;Petrolina de Goiás;Goiás;530,4897591;9573;100;1071,8;N
5216908;521690;Pilar de Goiás;Goiás;906,0484550;2328;3;1071,8;N
5217104;521710;Piracanjuba;Goiás;2374,2324763;24883;694;1071,8;N
5217203;521720;Piranhas;Goiás;2045,0881366;11712;69;1071,8;N
5217302;521730;Pirenópolis;Goiás;2200,3694206;26690;306;1071,8;N
5217401;521740;Pires do Rio;Goiás;1077,6414186;32373;144;1571,6;S
5217609;521760;Planaltina;Goiás;2558,9242803;105031;354;1071,8;N
5217708;521770;Pontalina;Goiás;1434,2893316;18309;120;1071,8;N
5218003;521800;Porangatu;Goiás;4825,2866288;44317;214;1494,2;S
5218052;521805;Porteirão;Goiás;606,2624842;4070;122;1071,8;N
5218102;521810;Portelândia;Goiás;553,4106011;3280;15;1071,8;N
5218300;521830;Posse;Goiás;2076,9903716;34914;24;652,8;S
5218391;521839;Professor Jamil;Goiás;356,2918227;3649;27;1071,8;N
5218508;521850;Quirinópolis;Goiás;3786,0263119;48447;1287;1071,8;N
5218607;521860;Rialma;Goiás;268,2906940;12165;234;1071,8;N
5218706;521870;Rianápolis;Goiás;157,3792867;3980;9;1071,8;N
5218789;521878;Rio Quente;Goiás;244,6552526;3864;26;1071,8;N
5218805;521880;Rio Verde;Goiás;8374,2544485;225696;7053;1460,8;S
5218904;521890;Rubiataba;Goiás;750,6590827;19788;93;1071,8;N
5219001;521900;Sanclerlândia;Goiás;509,4016616;7918;388;1071,8;N
5219100;521910;Santa Bárbara de Goiás;Goiás;140,9574142;6149;76;1071,8;N
5219209;521920;Santa Cruz de Goiás;Goiás;1109,0071372;3002;19;1071,8;N
5219258;521925;Santa Fé de Goiás;Goiás;1164,1859578;4951;25;1071,8;N
5219308;521930;Santa Helena de Goiás;Goiás;1142,3368657;38492;670;1071,8;N
5219357;521935;Santa Isabel;Goiás;812,7559928;3538;4;1071,8;N
5219407;521940;Santa Rita do Araguaia;Goiás;1357,1969761;5924;16;1071,8;N
5219456;521945;Santa Rita do Novo Destino;Goiás;970,4483790;2689;0;1071,8;N
5219506;521950;Santa Rosa de Goiás;Goiás;166,4402499;2820;14;1071,8;N
5219605;521960;Santa Tereza de Goiás;Goiás;789,5436137;3293;41;1071,8;N
5219704;521970;Santa Terezinha de Goiás;Goiás;1206,5995330;10645;68;1071,8;N
5219712;521971;Santo Antônio da Barra;Goiás;450,3360266;4267;83;1071,8;N
5219738;521973;Santo Antônio de Goiás;Goiás;135,0219315;7386;351;1071,8;N
5219753;521975;Santo Antônio do Descoberto;Goiás;943,9480782;72127;68;1071,8;N
5219803;521980;São Domingos;Goiás;3335,9987810;9711;7;1071,8;N
5219902;521990;São Francisco de Goiás;Goiás;416,5352188;6378;43;1071,8;N
5220009;522000;São João d'Aliança;Goiás;3334,4553142;14041;23;1071,8;N
5220058;522005;São João da Paraúna;Goiás;286,9786711;1774;10;1071,8;N
5220108;522010;São Luís de Montes Belos;Goiás;829,6204923;33852;1431;1071,8;N
5220157;522015;São Luiz do Norte;Goiás;583,8320922;4837;16;1071,8;N
5220207;522020;São Miguel do Araguaia;Goiás;6150,1788798;21900;50;975,6;S
5220264;522026;São Miguel do Passa Quatro;Goiás;537,3466018;4464;27;1071,8;N
5220280;522028;São Patrício;Goiás;172,7628552;2143;3;1071,8;N
5220405;522040;São Simão;Goiás;415,0147167;17020;411;485,2;S
5220454;522045;Senador Canedo;Goiás;247,0048218;155635;3011;1071,8;N
5220504;522050;Serranópolis;Goiás;5521,7744056;8027;299;1071,8;N
5220603;522060;Silvânia;Goiás;2349,9240804;22245;96;0,0;S
5220686;522068;Simolândia;Goiás;346,8111678;5742;6;1071,8;N
5220702;522070;Sítio d'Abadia;Goiás;1611,8512509;2927;6;1071,8;N
5221007;522100;Taquaral de Goiás;Goiás;205,6646029;4026;33;1071,8;N
5221080;522108;Teresina de Goiás;Goiás;784,7929127;2701;4;1071,8;N
5221197;522119;Terezópolis de Goiás;Goiás;107,4068728;7944;9;1071,8;N
5221304;522130;Três Ranchos;Goiás;284,0341014;2921;9;1071,8;N
5221403;522140;Trindade;Goiás;712,6902146;142431;875;1071,8;N
5221452;522145;Trombas;Goiás;802,9052604;3120;14;1071,8;N
5221502;522150;Turvânia;Goiás;482,3169929;4480;407;1071,8;N
5221551;522155;Turvelândia;Goiás;935,6586732;4985;20;1071,8;N
5221577;522157;Uirapuru;Goiás;1154,3052282;2798;12;1071,8;N
5221601;522160;Uruaçu;Goiás;2142,4839713;42546;65;1071,8;N
5221700;522170;Uruana;Goiás;522,9037390;13729;34;1071,8;N
5221809;522180;Urutaí;Goiás;623,8214288;3553;72;1071,8;N
5221858;522185;Valparaíso de Goiás;Goiás;61,4877674;198861;700;1071,8;N
5221908;522190;Varjão;Goiás;517,4022622;3716;2;1071,8;N
5222005;522200;Vianópolis;Goiás;954,1145323;14956;26;1071,8;N
5222054;522205;Vicentinópolis;Goiás;733,7942010;8768;72;1071,8;N
5222203;522220;Vila Boa;Goiás;1052,5933200;4215;7;1071,8;N
5222302;522230;Vila Propício;Goiás;2181,5925482;5815;9;1071,8;N
5300108;530010;Brasília;Distrito Federal;5760,7825050;2817381;3778;1398,6;S
